episode,global_step,fading_model,noise_std,noise_type,control_mode,role_switching,user_mobile,use_los_model,observation_mode,normalize_observations,enable_energy_harvesting,observation_has_eh,enable_ntn,satellite_altitude_km,hidden_dim,episode_reward_bps_step,avg_shaped_reward,avg_R_legit_mbps,avg_R_eve_mbps,avg_R_sec_mbps,avg_num_eves,avg_nearest_eve_distance,avg_mean_eve_distance,avg_max_eve_capacity,eval_R_sec_mbps,last_eval_R_sec_mbps,episode_secrecy_mbits,avg_energy_j,avg_jammer_power_w,steps,relay_path_m,jammer_path_m,relay_displacement_m,jammer_displacement_m,role_switch_count,final_d_UR_m,final_d_RB_m,final_d_UE_m,final_d_JE_m,rolling20,rolling20_avg_R_sec_mbps,rolling100,rolling100_avg_R_sec_mbps,convergence_gap,convergence_gap20_100_mbps
1,200,rician,0.249005,ou,velocity,False,True,False,full,True,False,False,False,500.0,32,782.7798006943808,3.913899003471904,7.790640341799269,2.694074051179685,5.141261955817667,22.0,594.743624077765,1131.865266469292,2.694074051179685,,,102.82523911635334,3.121558814949349,0.25596310121996796,200,103.72470046234054,147.95772676658459,59.33324880524625,71.32850144695524,0,921.587074023086,553.8487947286129,604.4687704626797,449.2811287609508,5.141261955817667,5.141261955817667,5.141261955817667,5.141261955817667,0.0,0.0
2,400,rician,0.248005,ou,velocity,False,True,False,full,True,False,False,False,500.0,32,1095.9468989380498,5.479734494690249,8.880700491787653,3.0544257676723414,5.826274724115306,22.0,603.6666397642083,1110.456709015078,3.0544257676723414,,,116.52549448230613,3.1207863441227595,0.24326677508535796,200,156.8058692501291,112.89657563125701,69.30755033286985,57.77834999093129,0,469.42207626501136,407.83166889019157,599.3854145555836,665.1796407378203,5.4837683399664865,5.4837683399664865,5.4837683399664865,5.4837683399664865,0.0,0.0
3,600,rician,0.247005,ou,velocity,False,True,False,full,True,False,False,False,500.0,32,746.023633127978,3.73011816563989,8.385749609313075,3.3475423748639113,5.103786862490281,16.0,229.61426487173088,434.0669915441251,3.3475423748639113,,,102.07573724980563,4.373694297949993,0.30195830430369824,200,201.99334015677726,206.9944580609359,166.27929539923315,152.346140993978,0,692.145005152048,552.6172749372129,228.3108891238978,326.1056597667936,5.357107847474418,5.357107847474418,5.357107847474418,5.357107847474418,0.0,0.0
4,800,rician,0.246005,ou,velocity,False,True,False,full,True,False,False,False,500.0,32,1119.8217421873355,5.599108710936678,8.90325166943218,2.377781780681617,6.526895358560427,24.0,469.0634641744376,932.3457545428198,2.377781780681617,,,130.53790717120856,6.638859876202856,0.4733785093575716,200,377.0525648556708,346.99795289285765,374.05662242511875,336.8983997617834,0,618.5116825372619,562.1951442496758,467.85781910466346,699.8892023901241,5.64955472524592,5.64955472524592,5.64955472524592,5.64955472524592,0.0,0.0
5,1000,rician,0.245005,ou,velocity,False,True,False,full,True,False,False,False,500.0,32,996.8957672861072,4.984478836430537,8.509799487749843,1.7796372117305133,6.73016227601933,22.0,338.18443379179024,832.1958130195343,1.7796372117305133,,,134.6032455203866,6.793310936253355,0.44575537905097007,200,257.95527283525587,375.7340036636606,253.50240313106275,369.5040870716771,0,644.9716725698024,647.6619951654033,332.46737676345555,514.0905600986263,5.865676235400602,5.865676235400602,5.865676235400602,5.865676235400602,0.0,0.0
6,1200,rician,0.244005,ou,velocity,False,True,False,full,True,False,False,False,500.0,32,1358.0443053563656,6.790221526781828,9.173120701840183,1.3473406236403205,7.825780078199866,23.0,464.5719197497513,1178.6586591648347,1.3473406236403205,,,156.51560156399734,6.491557155028786,0.45705070659518243,200,341.08448853141124,374.65220299057995,241.77407545370173,306.3675462209439,0,388.8026399223197,529.2991130004266,465.01434654280564,152.0704653986261,6.19236020920048,6.19236020920048,6.19236020920048,6.19236020920048,0.0,0.0
7,1400,rician,0.243005,ou,velocity,False,True,False,full,True,False,False,False,500.0,32,936.9005580826865,4.684502790413433,8.988353992987784,2.6470253903218635,6.341328602665925,19.0,187.3663139503085,661.3045622585934,2.6470253903218635,,,126.8265720533185,6.773893537748142,0.43407092086970805,200,371.19849129636646,238.0878201640026,366.26108636616283,214.88856477602306,0,268.13805367018455,161.83058759516942,189.842595196681,597.0674504469438,6.213641408266972,6.213641408266972,6.213641408266972,6.213641408266972,0.0,0.0
8,1600,rician,0.242005,ou,velocity,False,True,False,full,True,False,False,False,500.0,32,989.9728235520719,4.9498641177603595,9.261043490783434,2.7419031384235293,6.519140352359908,28.0,350.604740926153,814.8350457635959,2.7419031384235293,,,130.38280704719816,6.6547696653060235,0.4375546771287918,200,324.45922837177386,343.93486595069,246.62732074771145,325.9808242876161,0,390.1542633525255,366.05355009374364,353.81181608620074,625.3347581024195,6.251828776278589,6.251828776278589,6.251828776278589,6.251828776278589,0.0,0.0
9,1800,rician,0.241005,ou,velocity,False,True,False,full,True,False,False,False,500.0,32,1210.3822421983352,6.051911210991676,8.554523667892093,1.671555751257477,6.882967916634612,24.0,592.5499990535068,1139.4370957100646,1.671555751257477,,,137.65935833269225,6.639683254009893,0.45077419601380825,200,359.04519193299865,373.7577799168065,355.4255066565058,369.1986221605464,0,391.5989131242843,230.5984113745502,581.3862670730196,382.3386036138947,6.321955347429258,6.321955347429258,6.321955347429258,6.321955347429258,0.0,0.0
10,2000,rician,0.240005,ou,velocity,False,True,False,full,True,False,False,False,500.0,32,1217.7622733346789,6.0888113666733945,8.521770731204656,0.780080063110495,7.7416906680941615,21.0,771.8890072718162,1080.2200256806625,0.780080063110495,,,154.83381336188324,6.849715457223831,0.44833882778882983,200,380.0659802847863,80.35770005908167,378.42182038127254,75.41047078149091,0,359.222875300823,364.375481021656,771.9522768754374,361.00446372649253,6.463928879495748,6.463928879495748,6.463928879495748,6.463928879495748,0.0,0.0
11,2200,rician,0.239005,ou,velocity,False,True,False,full,True,False,False,False,500.0,32,1274.6749372332624,6.373374686166312,10.08897097740379,2.937757004693992,7.151213972709791,27.0,202.83000606781675,789.5258720240774,2.937757004693992,,,143.02427945419583,6.722720191082962,0.46712619960308077,200,368.97922406517364,373.2959911670136,365.71085897450905,365.0934730491097,0,67.4240393663458,137.78802473267547,215.78848732069352,230.41374334594542,6.526409342515207,6.526409342515207,6.526409342515207,6.526409342515207,0.0,0.0
12,2400,rician,0.238005,ou,velocity,False,True,False,full,True,False,False,False,500.0,32,1438.7319084629942,7.193659542314971,9.307715998167122,1.1484806981119378,8.159235300055178,15.0,671.6617306993579,1132.9914960584115,1.1484806981119378,,,163.18470600110356,6.7651222626069,0.4389033731073141,200,357.9175097574155,375.17059489004856,346.5389343969911,371.74804309218996,0,445.0851904191657,505.0508679098836,669.8806614900542,139.67356148656535,6.6624781723102044,6.6624781723102044,6.6624781723102044,6.6624781723102044,0.0,0.0
13,2600,rician,0.237005,ou,velocity,False,True,False,full,True,False,False,False,500.0,32,1069.5380316817652,5.3476901584088266,7.754650111011934,0.9280618164903127,6.8295607301946015,24.0,641.6110008436756,1210.668443032208,0.9280618164903127,,,136.59121460389204,6.8836425778294155,0.4170723856240511,200,328.3136458856925,378.5984361124952,300.87365446945694,370.18108415639915,0,902.9884336676965,514.5687515545116,645.8349082291908,344.6816556838186,6.67533067676285,6.67533067676285,6.67533067676285,6.67533067676285,0.0,0.0
14,2800,rician,0.236005,ou,velocity,False,True,False,full,True,False,False,False,500.0,32,744.4752953723882,3.722376476861941,7.427159484060351,1.9202253060173018,5.506934178043053,23.0,404.6514119047742,914.1493721890085,1.9202253060173018,,,110.13868356086107,6.783547334851729,0.4535635226964951,200,283.6061603448498,373.7461238703476,282.03864009646253,370.0109668943832,0,1237.792990461411,647.8177608223059,405.12199141847714,443.94367356348596,6.59187378399715,6.59187378399715,6.59187378399715,6.59187378399715,0.0,0.0
15,3000,rician,0.235005,ou,velocity,False,True,False,full,True,False,False,False,500.0,32,301.0447573194683,1.5052237865973417,8.371186583966136,5.617087149433992,2.840856744370488,22.0,19.986597083399914,376.95029337039267,5.617087149433992,,,56.817134887409765,6.674265050919334,0.43611832842230797,200,321.922742628646,367.7514235202852,299.0318195769201,365.68815684536224,0,617.0060462155284,681.9984886998453,19.41496176917191,190.88897793654732,6.341805981355373,6.341805981355373,6.341805981355373,6.341805981355373,0.0,0.0
16,3200,rician,0.234005,ou,velocity,False,True,False,full,True,False,False,False,500.0,32,583.3364932816319,2.9166824664081594,8.098173367418507,3.986897099261443,4.111510421118554,27.0,137.04619527652568,534.2967172473228,3.986897099261443,,,82.23020842237109,6.448002791406907,0.4628947234898806,200,336.9200356526599,342.3484413971435,140.94371049147082,323.211640782401,0,702.6844295834089,547.7010751898373,137.1371725413131,344.66187057454766,6.202412508840572,6.202412508840572,6.202412508840572,6.202412508840572,0.0,0.0
17,3400,rician,0.233005,ou,velocity,False,True,False,full,True,False,False,False,500.0,32,853.9734242130668,4.269867121065334,7.986976227735335,1.9284689947752178,6.0585072329601095,21.0,580.5534592495637,1134.0339556548652,1.9284689947752178,,,121.17014465920221,6.843385821259552,0.45747221432626245,200,280.00109682723826,375.6629725505961,279.35964917528173,369.55242818862075,0,691.0943846351425,503.7996972292884,586.6702840645008,524.7319177686738,6.19394749261231,6.19394749261231,6.19394749261231,6.19394749261231,0.0,0.0
18,3600,rician,0.232005,ou,velocity,False,True,False,full,True,False,False,False,500.0,32,-2.4813736859943667,-0.012406868429971834,8.375101776158095,7.654125033000853,1.0577262166876804,28.0,46.88068575412174,425.94814415546256,7.654125033000853,,,21.154524333753614,6.761899579387505,0.4687368907779455,200,374.24381383586973,371.00166152954154,370.3450573587305,160.59723913767567,0,509.9445660930034,291.8823123096831,48.434490886055194,797.8492936635706,5.908601866172052,5.908601866172052,5.908601866172052,5.908601866172052,0.0,0.0
19,3800,rician,0.231005,ou,velocity,False,True,False,full,True,False,False,False,500.0,32,576.8674788045012,2.8843373940225057,8.162529296832982,4.44768272735329,3.7333889646094787,13.0,137.73096676089506,386.6543074670089,4.44768272735329,,,74.66777929218958,6.617669328963562,0.48088638082146645,200,352.9718593775318,378.09071853711873,270.8890516314243,373.17753001497636,0,897.1731205462768,640.6447548026024,137.67881672302974,376.660417504859,5.794116976616127,5.794116976616127,5.794116976616127,5.794116976616127,0.0,0.0
20,4000,rician,0.23000500000000001,ou,velocity,False,True,False,full,True,False,False,False,500.0,32,906.5152172355741,4.532576086177871,8.87420371277354,2.195489536540967,6.678714176232579,33.0,314.81616698821233,956.769034711022,2.195489536540967,,,133.57428352465158,6.623982721661277,0.45067229904234407,200,313.6397389314605,284.1212354990611,290.5830634518849,255.2508633269766,0,379.9092535649097,523.5370363980551,310.39359649567706,493.94548997931537,5.8383468365969495,5.8383468365969495,5.8383468365969495,5.8383468365969495,0.0,0.0
21,4200,rician,0.22900500000000001,ou,velocity,False,True,False,full,True,False,False,False,500.0,32,866.8897416403869,4.3344487082019345,9.300528342141105,4.180411534856532,5.120116807284573,23.0,87.0792275250785,459.99290149690387,4.180411534856532,,,102.40233614569146,6.808992897596925,0.44354675225913526,200,372.6151592405338,377.9808999102274,364.74566485249267,374.9035751457525,0,171.82388825122382,338.50218003914705,82.53147152738906,562.8496946291791,5.837289579170294,5.837289579170294,5.804145406629694,5.804145406629694,0.033144172540600536,0.033144172540600536
22,4400,rician,0.228005,ou,velocity,False,True,False,full,True,False,False,False,500.0,32,785.0510641189157,3.925255320594579,8.672285146136904,3.413252294709563,5.259032851427338,24.0,301.69806061413715,715.5129360224474,3.413252294709563,,,105.18065702854676,6.85645944673961,0.4620313369482756,200,376.7853481337718,326.34428841858676,373.13992961990965,305.8165432186929,0,335.44502740342995,117.6715757094899,299.4855999895646,869.8290038079298,5.808927485535896,5.808927485535896,5.779367563211405,5.779367563211405,0.02955992232449045,0.02955992232449045
23,4600,rician,0.227005,ou,velocity,False,True,False,full,True,False,False,False,500.0,32,668.4393785886164,3.3421968929430816,8.081273509847351,3.959897714133973,4.121375795713377,16.0,48.33929785534139,380.4253630080777,3.959897714133973,,,82.42751591426756,6.558880230275588,0.460903304964304,200,367.8677143847084,358.09788821770195,363.28632279486055,305.07063122543633,0,851.5653527491194,636.5099838508658,51.286644906382804,148.96172370272166,5.759806932197051,5.759806932197051,5.707280964624535,5.707280964624535,0.052525967572516485,0.052525967572516485
24,4800,rician,0.226005,ou,velocity,False,True,False,full,True,False,False,False,500.0,32,1065.4885142236951,5.327442571118476,9.131618042803234,2.530654985134454,6.600963057668767,18.0,241.14925981316878,843.1355481858237,2.530654985134454,,,132.01926115337534,6.511242806087174,0.43438158199191096,200,325.1172540342238,345.0349976451737,304.96790317151925,330.95151267281994,0,383.80543358333244,626.9619305035144,242.19929641102402,325.9050638562584,5.763510317152468,5.763510317152468,5.744517718501378,5.744517718501378,0.018992598651090375,0.018992598651090375
25,5000,rician,0.225005,ou,velocity,False,True,False,full,True,False,False,False,500.0,32,1327.6210687372486,6.638105343686243,9.147805862493133,1.689259431272064,7.458546431221073,17.0,526.0608674005225,851.0004581113748,1.689259431272064,,,149.17092862442146,6.718721547390418,0.4543849190324545,200,376.50634592674777,364.6412681098561,372.85569065013505,357.32710565789347,0,434.54274854376007,192.26300761858104,527.4743557802358,342.096228221054,5.799929524912555,5.799929524912555,5.813078867010165,5.813078867010165,0.013149342097610095,0.013149342097610095
26,5200,rician,0.224005,ou,velocity,False,True,False,full,True,False,False,False,500.0,32,488.58953609525116,2.442947680476256,8.080728297548447,4.34584867814356,3.7517638036381626,20.0,150.91455155138632,380.08212164249545,4.34584867814356,,,75.03527607276325,6.7311590968182555,0.4347306928783655,200,367.3677295286987,311.27376805634935,269.13326595946006,289.43097137689136,0,648.912413946322,132.3473352713551,157.5217605289014,773.9110386762158,5.596228711184471,5.596228711184471,5.7337975184189345,5.7337975184189345,0.1375688072344632,0.1375688072344632
27,5400,rician,0.223005,ou,velocity,False,True,False,full,True,False,False,False,500.0,32,1393.5362406173617,6.9676812030868085,9.484231704288106,1.2164285069132827,8.267803197374826,14.0,709.4560101984022,903.5119577585684,1.2164285069132827,,,165.35606394749652,6.780867757014786,0.4408689291775227,200,378.2299657980945,331.34150517495937,375.8010319694002,301.01830521026693,0,304.4498973639131,204.94619239399105,713.4053746041666,489.9996261618502,5.692552440919916,5.692552440919916,5.827649580602486,5.827649580602486,0.13509713968257042,0.13509713968257042
28,5600,rician,0.222005,ou,velocity,False,True,False,full,True,False,False,False,500.0,32,775.9196684902689,3.8795983424513447,7.767376390971384,1.4004196234218582,6.366956767549532,24.0,557.1263902515169,1077.0514592970083,1.4004196234218582,,,127.33913535099066,6.708139544525912,0.450338656976819,200,170.02927141904672,292.4489961027918,167.30286687713783,271.6805371777497,0,985.8888027490527,708.8723439378913,545.6093310080294,40.511726919412936,5.684943261679398,5.684943261679398,5.846910551564881,5.846910551564881,0.16196728988548337,0.16196728988548337
29,5800,rician,0.221005,ou,velocity,False,True,False,full,True,False,False,False,500.0,32,-10.527392829333888,-0.052636964146669435,8.401377585261917,7.117436005753693,1.4888713225783348,20.0,34.005922822592126,491.2372517220837,7.117436005753693,,,29.777426451566697,6.442884828830653,0.4651760610193014,200,302.3701146843056,335.96494761030937,286.2007786115431,330.04425448837054,0,436.9162950656358,506.7258415869408,36.086596916383776,633.069744104433,5.415238431976584,5.415238431976584,5.696633336772242,5.696633336772242,0.28139490479565854,0.28139490479565854
30,6000,rician,0.220005,ou,velocity,False,True,False,full,True,False,False,False,500.0,32,1332.8604830510112,6.664302415255056,8.658406370402549,0.8686754688637836,7.789730901538772,18.0,452.90385376979634,847.6465661419811,0.8686754688637836,,,155.79461803077547,6.721586079320093,0.4628269135206938,200,366.0831596204366,354.2358883585002,351.24525415096826,335.43924089659504,0,519.677769749512,95.87573029249829,456.09223928063807,298.40105485066795,5.417640443648814,5.417640443648814,5.766403255597793,5.766403255597793,0.34876281194897896,0.34876281194897896
31,6200,rician,0.219005,ou,velocity,False,True,False,full,True,False,False,False,500.0,32,963.4725738510447,4.8173628692552235,7.725954441378734,1.398253066200276,6.327701375178454,18.0,422.53989907414694,1026.0133763231534,1.398253066200276,,,126.55402750356909,6.686256953440311,0.4744120604544878,200,284.7124742652261,366.72886616543474,257.7200910043342,361.9122146300397,0,1041.245792349883,563.7969828934578,423.7721108481885,230.44679674824155,5.376464813772246,5.376464813772246,5.784509646552008,5.784509646552008,0.4080448327797619,0.4080448327797619
32,6400,rician,0.218005,ou,velocity,False,True,False,full,True,False,False,False,500.0,32,-55.16348868177518,-0.2758174434088759,8.095684273531722,6.465591503604318,1.7279972562303056,20.0,87.50818594344076,448.8164452955409,6.465591503604318,,,34.55994512460612,6.803718863073252,0.4662034257501364,200,319.03041680748936,324.0276543668898,298.86805269965186,303.61938409796977,0,725.4491875273984,552.5144254565289,78.04555371482573,965.7787962932607,5.054902911581003,5.054902911581003,5.657743634354453,5.657743634354453,0.6028407227734505,0.6028407227734505
33,6600,rician,0.217005,ou,velocity,False,True,False,full,True,False,False,False,500.0,32,142.41373928503737,0.7120686964251868,7.906276020938084,5.477556820828937,2.4941462798701206,21.0,103.21527766439976,474.6209944776094,5.477556820828937,,,49.882925597402426,6.715583428805243,0.4541627951711416,200,200.0220138420161,366.53313760919036,199.36064307247676,270.6163475652494,0,938.3091955727292,708.8723439378913,98.62908325281298,694.0708036895024,4.838132189064779,4.838132189064779,5.561877047854928,5.561877047854928,0.7237448587901492,0.7237448587901492
34,6800,rician,0.216005,ou,velocity,False,True,False,full,True,False,False,False,500.0,32,678.7446620130283,3.3937233100651416,8.923825805034028,4.417084733329337,4.506741071704689,17.0,106.3526432506017,565.5030637346051,4.417084733329337,,,90.1348214340938,6.7334206322048455,0.4718106384575367,200,380.23822471611857,335.4825551929405,378.47282893893953,318.7963397765069,0,568.7962793529945,371.3739408181096,101.28756836113104,604.5312630626252,4.7881225337478615,4.7881225337478615,5.530843636791685,5.530843636791685,0.7427211030438237,0.7427211030438237
35,7000,rician,0.215005,ou,velocity,False,True,False,full,True,False,False,False,500.0,32,1091.7394700157681,5.4586973500788405,8.544910691095156,1.9686179354895732,6.576292755605592,20.0,329.95696353384227,867.4626356401211,1.9686179354895732,,,131.52585511211183,6.71593309429141,0.4610706575959921,200,328.5709754262771,374.6727064792911,313.9829168184224,373.07097929388186,0,676.877359210262,593.255172174076,327.7336723477815,301.99517927554956,4.974894334309616,4.974894334309616,5.560713611614939,5.560713611614939,0.5858192773053226,0.5858192773053226
36,7200,rician,0.214005,ou,velocity,False,True,False,full,True,False,False,False,500.0,32,932.6911522866194,4.663455761433097,8.952714749588296,2.4166956162538074,6.546897085414746,20.0,253.82382797723483,487.56802205412527,2.4166956162538074,,,130.93794170829491,6.654944913304099,0.463456452190876,200,320.1403142396058,307.56706888923424,298.7813584227567,289.62318666438534,0,197.61905512171592,559.3278165346345,243.09001033066872,311.31529734197545,5.0966636675244255,5.0966636675244255,5.588107596998267,5.588107596998267,0.4914439294738413,0.4914439294738413
37,7400,rician,0.213005,ou,velocity,False,True,False,full,True,False,False,False,500.0,32,1193.4855174245863,5.967427587122931,9.546405721227606,2.49138864690154,7.055017074326068,21.0,254.86070693070758,763.96949115732,2.49138864690154,,,141.10034148652136,6.7310929850087255,0.47360917620360854,200,365.65457489186423,356.89425708149747,361.1526134972367,342.7959770619243,0,327.57729175116333,623.8383796827403,260.3631530598936,544.4804799428769,5.146489159592724,5.146489159592724,5.627753799088207,5.627753799088207,0.4812646394954836,0.4812646394954836
38,7600,rician,0.212005,ou,velocity,False,True,False,full,True,False,False,False,500.0,32,1009.6453094480261,5.04822654724013,9.515507348610395,3.1794602762963224,6.3360470723140745,26.0,313.60529933831396,788.5726626682165,3.1794602762963224,,,126.72094144628149,6.777295230763688,0.4636461713537574,200,366.0167334536252,342.53330409866305,356.0128544405913,314.2195276139959,0,403.26338443033234,415.8372163166379,315.8154939464957,387.45673283582306,5.410405202374044,5.410405202374044,5.646393095752046,5.646393095752046,0.2359878933780024,0.2359878933780024
39,7800,rician,0.211005,ou,velocity,False,True,False,full,True,False,False,False,500.0,32,1294.4136321243927,6.472068160621964,8.80189090227719,1.525069270124149,7.27682163215304,22.0,584.8315181666184,1123.651427017041,1.525069270124149,,,145.5364326430608,6.826808720476893,0.450254974514246,200,375.0611673627685,376.9283835927929,370.38132404048423,371.25530726401394,0,615.2221276100413,384.5139073768331,582.1828910355403,121.20559316170747,5.587576835751221,5.587576835751221,5.688198955659764,5.688198955659764,0.1006221199085422,0.1006221199085422
40,8000,rician,0.210005,ou,velocity,False,True,False,full,True,False,False,False,500.0,32,1174.9391863294036,5.874695931647018,7.560727134313923,0.7515799038470514,6.809147230466872,19.0,928.1728912142198,1394.0823468460876,0.7515799038470514,,,136.18294460933743,6.581714441703595,0.4586705151945353,200,357.67880005133924,371.0592080210477,323.0587924112037,365.4657396950834,0,1044.9095391487892,519.4345741668799,932.1519725364037,402.23146355544264,5.594098488462937,5.594098488462937,5.716222662529943,5.716222662529943,0.12212417406700649,0.12212417406700649
41,8200,rician,0.209005,ou,velocity,False,True,False,full,True,False,False,False,500.0,32,1426.8348819696635,7.134174409848317,9.621402119763076,1.4999528524321528,8.121449267330927,19.0,453.002724525653,953.7750715015192,1.4999528524321528,,,162.42898534661856,6.801876803652463,0.47301794417202475,200,355.39340798706183,377.56319107403766,343.18627733145746,375.09025639399607,0,326.435511197582,538.5135329327426,452.9190599993849,91.29344423407855,5.7441651114652545,5.7441651114652545,5.774886726061674,5.774886726061674,0.030721614596419755,0.030721614596419755
42,8400,rician,0.208005,ou,velocity,False,True,False,full,True,False,False,False,500.0,32,837.3890322199102,4.186945161099551,8.561914409050774,1.7682467105762696,6.793667698474498,20.0,258.7429082109766,749.2770525232288,1.7682467105762696,,,135.87335396948995,6.774032370623798,0.4530901797115803,200,277.8184484078224,244.4440105305273,261.84618927405984,232.7115210402688,0,578.1151553145559,570.2526377916753,258.95693567314856,467.37786792534945,5.8208968538176125,5.8208968538176125,5.799143415881027,5.799143415881027,0.02175343793658513,0.02175343793658513
43,8600,rician,0.207005,ou,velocity,False,True,False,full,True,False,False,False,500.0,32,1425.194680885847,7.125973404429235,8.990024435561512,0.8976633446113959,8.092361090950114,29.0,842.0155002796514,1173.3589803972243,0.8976633446113959,,,161.84722181900227,6.720866945197933,0.45321533501148226,200,367.6633376031949,363.35555739266084,364.04129832657884,353.4845339555286,0,240.2743033375594,340.04271152326913,843.3814069775341,143.86973879414222,6.01944611857945,6.01944611857945,5.852474059487285,5.852474059487285,0.1669720590921644,0.1669720590921644
44,8800,rician,0.206005,ou,velocity,False,True,False,full,True,False,False,False,500.0,32,1174.5215024025613,5.872607512012807,9.10335063047516,2.4252235464150513,6.678127084060112,20.0,562.5428877954475,941.1681435558983,2.4252235464150513,,,133.56254168120225,6.820415044785346,0.47635918043553827,200,377.18884157067964,374.1823114288807,373.89716537467973,371.47965379083587,0,507.73283765502555,575.9779302453554,560.8551489382521,603.8510551776396,6.023304319899015,6.023304319899015,5.871238900954849,5.871238900954849,0.15206541894416592,0.15206541894416592
45,9000,rician,0.205005,ou,velocity,False,True,False,full,True,False,False,False,500.0,32,1075.6788755546092,5.378394377773046,7.706833133083624,0.6401406382721064,7.066692494811518,16.0,694.7193679362537,1251.1603072178098,0.6401406382721064,,,141.33384989623036,6.696771933300352,0.45504700534045694,200,354.8270274522854,302.4477856528235,339.1515493965895,283.2095855349313,0,990.1289216219024,510.2527558192786,696.4064420164578,591.3899627643083,6.003711623078538,6.003711623078538,5.897804536373886,5.897804536373886,0.10590708670465254,0.10590708670465254
46,9200,rician,0.204005,ou,velocity,False,True,False,full,True,False,False,False,500.0,32,1179.062318139728,5.89531159069864,9.235111926495513,1.9601846872276634,7.274927239267847,21.0,391.9798634869216,1073.9613711513275,1.9601846872276634,,,145.49854478535696,6.397894889003892,0.45890157118439673,200,258.28528237869034,376.55068990609215,238.50001158262725,372.6135348104816,0,355.5759281895641,557.4880521954872,390.0305509685307,328.4263754604276,6.179869794860022,6.179869794860022,5.927741986436798,5.927741986436798,0.25212780842322413,0.25212780842322413
47,9400,rician,0.203005,ou,velocity,False,True,False,full,True,False,False,False,500.0,32,639.8014804112878,3.199007402056439,9.416895302220542,8.667032523953873,3.992891481293391,23.0,88.45687141967623,596.3381116738774,8.667032523953873,,,79.85782962586782,6.8630563710102885,0.2170413840934634,200,378.9057089057738,378.67014831709315,375.33488502632724,372.87996399781696,0,280.569558309626,184.84300047326764,83.26239424198938,180.09532500676002,5.966124209055951,5.966124209055951,5.88657495441247,5.88657495441247,0.07954925464348062,0.07954925464348062
48,9600,rician,0.202005,ou,velocity,False,True,False,full,True,False,False,False,500.0,32,736.8048286560175,3.6840241432800878,7.925270461005781,2.173458373083129,5.751812087922653,24.0,426.60077556523487,935.9388866668655,2.173458373083129,,,115.03624175845307,6.760035269915255,0.4694425241649151,200,320.28545540694114,284.34001485749536,286.9262751388412,275.8441407743635,0,901.973347218624,708.8723439378913,424.4315222369747,501.85565024848495,5.935366975074607,5.935366975074607,5.883767394693933,5.883767394693933,0.05159958038067369,0.05159958038067369
49,9800,rician,0.201005,ou,velocity,False,True,False,full,True,False,False,False,500.0,32,1080.1153768836757,5.400576884418379,8.103908964165912,1.2359257484214223,6.867983215744483,20.0,644.6510935019737,1291.6001035659322,1.2359257484214223,,,137.35966431488967,6.87647526039835,0.46803330719470976,200,256.3448982336831,379.54567099578776,240.75442161203455,374.376311426659,0,765.3509926016353,708.8723439378913,638.5835348259968,379.57516049797727,6.204322569732915,6.204322569732915,5.90385343185823,5.90385343185823,0.30046913787468554,0.30046913787468554
50,10000,rician,0.200005,ou,velocity,False,True,False,full,True,False,False,False,500.0,32,951.159721001747,4.755798605008735,8.517920560152714,2.6672858431164825,5.850634717036227,19.0,145.6963421578077,449.3812621197341,2.6672858431164825,5.658096408058903,5.658096408058903,117.01269434072454,6.899275194320322,0.4254645542427897,200,379.3998397298093,315.4973252942266,377.4691590486083,310.22094942745605,0,742.08015813813,327.7742522034643,147.19179220051097,361.46246905634246,6.1073677605077865,6.1073677605077865,5.902789057561789,5.902789057561789,0.20457870294599712,0.20457870294599712
51,10200,rician,0.199005,ou,velocity,False,True,False,full,True,False,False,False,500.0,32,600.1764414651482,3.000882207325741,9.2655527049739,5.55736829229208,3.7789950133524806,19.0,116.61923678995767,510.3056278080743,5.55736829229208,,5.658096408058903,75.57990026704961,6.724753136584801,0.35846953400410714,200,372.0628159007672,371.06407564591854,367.36427747309745,368.15754417112265,0,394.500428443324,168.61759414107934,115.38944961242402,604.7046674912062,5.979932442416489,5.979932442416489,5.861146037087097,5.861146037087097,0.11878640532939233,0.11878640532939233
52,10400,rician,0.198005,ou,velocity,False,True,False,full,True,False,False,False,500.0,32,1120.9992508035468,5.604996254017734,9.04597281240449,1.5544184724852212,7.491554339919266,22.0,316.12187813050235,1030.6883488600936,1.5544184724852212,,5.658096408058903,149.83108679838534,6.493943517469229,0.4324443515390158,200,302.1847265930872,281.6196789551509,233.25137076949832,264.1082308133437,0,260.0170591917787,548.0109718563017,316.8545419222909,469.7761364070964,6.268110296600936,6.268110296600936,5.892500042910792,5.892500042910792,0.37561025369014356,0.37561025369014356
53,10600,rician,0.19700499999999999,ou,velocity,False,True,False,full,True,False,False,False,500.0,32,466.80264147692526,2.3340132073846265,8.105787612326585,4.437967046007277,3.6722341031619687,24.0,67.3440233657365,463.9962101160191,4.437967046007277,,5.658096408058903,73.44468206323938,6.7874762034972385,0.4644507145881653,200,326.7814769501803,373.56640900089303,292.59768677948585,371.5320673797285,0,866.2626741069502,599.9651285046893,78.90228845380904,376.4370393036975,6.327014687765529,6.327014687765529,5.850608232726851,5.850608232726851,0.47640645503867773,0.47640645503867773
54,10800,rician,0.19600499999999998,ou,velocity,False,True,False,full,True,False,False,False,500.0,32,1385.873203258204,6.92936601629102,9.221708586857819,1.2368320973640001,7.98487648949382,19.0,461.3270987134503,1127.2684792971327,1.2368320973640001,,5.658096408058903,159.6975297898764,6.8580627250066355,0.45413306303322315,200,374.7372634775659,364.5370648550159,371.8255915172253,351.2136518985024,0,409.1473749358636,502.77031512615645,467.7420650326773,456.2763195536211,6.500921458654984,6.500921458654984,5.890131718963278,5.890131718963278,0.6107897396917066,0.6107897396917066
55,11000,rician,0.19500499999999998,ou,velocity,False,True,False,full,True,False,False,False,500.0,32,1090.2155314600918,5.451077657300459,7.6556491083020655,1.3724794583879771,6.283169649914083,13.0,591.7278662667633,1285.1204947916624,1.3724794583879771,,5.658096408058903,125.66339299828168,6.680852226633848,0.46523539736866953,200,359.1115621547859,376.06207189535957,335.87808704808555,374.5536765952006,0,1030.7736482137768,506.2124058937475,588.4639370319928,181.97190339793002,6.486265303370409,6.486265303370409,5.897277863162383,5.897277863162383,0.588987440208026,0.588987440208026
56,11200,rician,0.194005,ou,velocity,False,True,False,full,True,False,False,False,500.0,32,1306.1046132854015,6.5305230664270075,8.919246276295844,1.6113095913299298,7.307936684965909,20.0,299.63283410167804,883.4718885132567,1.6113095913299298,,5.658096408058903,146.15873369931816,6.657279400358042,0.4618759500980377,200,368.5545367719055,367.67463929001246,363.51710676143045,363.8701699257481,0,505.3626720196158,238.3205252236122,302.0879312970689,428.99072365224646,6.524317283347966,6.524317283347966,5.922468199266018,5.922468199266018,0.6018490840819481,0.6018490840819481
57,11400,rician,0.193005,ou,velocity,False,True,False,full,True,False,False,False,500.0,32,801.946004658785,4.009730023293925,7.816795088538542,2.480476687966031,5.66410846048746,22.0,208.50682348552849,628.7120606329418,2.480476687966031,,5.658096408058903,113.28216920974923,6.83447459968342,0.38807469153776764,200,101.75882169916416,374.17159134769076,93.626922630034,308.39442296698365,0,928.5307759066511,708.8723439378913,212.1834923877706,63.13441124162646,6.454771852656037,6.454771852656037,5.9179355722699025,5.9179355722699025,0.5368362803861348,0.5368362803861348
58,11600,rician,0.192005,ou,velocity,False,True,False,full,True,False,False,False,500.0,32,1020.6760336924349,5.1033801684621745,9.278722920721215,3.3904307154862674,5.88829220523494,23.0,151.18397242918886,643.9122408926073,3.3904307154862674,,5.658096408058903,117.7658441046988,6.81177559675153,0.392893483703956,200,376.2092817718628,375.1036186173143,371.242967162261,374.1388194978779,0,544.7520748665938,489.3894204578257,151.71855996618675,237.85168397970023,6.43238410930208,6.43238410930208,5.917424479734818,5.917424479734818,0.5149596295672625,0.5149596295672625
59,11800,rician,0.191005,ou,velocity,False,True,False,full,True,False,False,False,500.0,32,960.6677319829182,4.803338659914591,8.282263245021689,1.8950959133062162,6.38716733171547,26.0,623.1249459861548,1348.8051060882274,1.8950959133062162,,5.658096408058903,127.7433466343094,6.75325081948204,0.4315653621405363,200,371.3607496169492,176.56856611659032,319.63945031574315,161.69086774624822,0,478.2847325572112,164.7164362716809,620.524547512474,748.3245938892047,6.3879013942802025,6.3879013942802025,5.9253862229887275,5.9253862229887275,0.462515171291475,0.462515171291475
60,12000,rician,0.190005,ou,velocity,False,True,False,full,True,False,False,False,500.0,32,-328.3337161516322,-1.641668580758161,7.6793605947357255,7.473138874665103,0.647917235849096,18.0,33.909752911762126,568.9045849754344,7.473138874665103,,5.658096408058903,12.95834471698192,6.803533166681069,0.4570899438858032,200,327.6638912308522,258.0864245576069,304.60106996653116,257.18543463855417,0,1152.8120622897645,691.706539921132,33.615261498101,612.1850505664627,6.079839894549313,6.079839894549313,5.8374284065364,5.8374284065364,0.24241148801291246,0.24241148801291246
61,12200,rician,0.189005,ou,velocity,False,True,False,full,True,False,False,False,500.0,32,752.0747402880695,3.7603737014403475,8.458078076535154,3.936293634168399,4.529886397313699,19.0,146.9805158675333,564.9433602585054,3.936293634168399,,5.658096408058903,90.59772794627398,6.674565247115867,0.4677641376107931,200,371.87757117860014,365.74726467057627,367.16625585938596,360.2983949354801,0,745.959343500917,404.55255326549553,150.95428869181353,446.1810998933241,5.900261751048452,5.900261751048452,5.81599329163111,5.81599329163111,0.08426845941734218,0.08426845941734218
62,12400,rician,0.188005,ou,velocity,False,True,False,full,True,False,False,False,500.0,32,1292.3143061629673,6.461571530814837,9.130246477521027,0.8002165049368635,8.330029972584166,14.0,639.8789463702346,1036.9093638058732,0.8002165049368635,,5.658096408058903,166.6005994516833,6.783975299319661,0.46985216610133645,200,308.3691271610501,336.35380301401057,280.81810827485435,308.71283526148045,0,324.17656668824276,666.6004490136995,637.1641116661482,582.7330979297981,5.977079864753935,5.977079864753935,5.856542270356159,5.856542270356159,0.120537594397776,0.120537594397776
63,12600,rician,0.18700499999999998,ou,velocity,False,True,False,full,True,False,False,False,500.0,32,1312.9855363089002,6.564927681544501,9.590275348182209,2.2386688388948035,7.351868943830393,23.0,606.8669751367308,1044.4897859055864,2.2386688388948035,,5.658096408058903,147.03737887660787,6.836684448381231,0.4536760699003935,200,377.23398269688585,375.47313469091057,374.8241528364121,372.0081926004149,0,56.28663098421661,393.3076051982985,606.6339589683499,603.0142462370726,5.940055257397949,5.940055257397949,5.880277614379559,5.880277614379559,0.05977764301839006,0.05977764301839006
64,12800,rician,0.18600499999999998,ou,velocity,False,True,False,full,True,False,False,False,500.0,32,959.6417347978518,4.798208673989259,8.418021241908066,2.797524383143071,5.620496858764997,23.0,60.503376170959584,531.4463934084813,2.797524383143071,,5.658096408058903,112.40993717529994,6.865472673807538,0.45810738280415536,200,379.3432544377753,375.34779125212566,377.0860498454164,373.66948413047356,0,759.0996573509331,450.6813353365886,52.21590748047076,249.13125346021332,5.887173746133194,5.887173746133194,5.876218540073082,5.876218540073082,0.010955206060112133,0.010955206060112133
65,13000,rician,0.18500499999999998,ou,velocity,False,True,False,full,True,False,False,False,500.0,32,916.8033936799213,4.584016968399607,9.225639146022969,2.864216879210943,6.36142226681203,26.0,518.1886551955711,1008.444023094193,2.864216879210943,,5.658096408058903,127.22844533624061,6.8063594548259685,0.473787847161293,200,373.9982691016195,255.34060270087133,369.70577610010974,253.31632690907685,0,190.6026061000809,185.24804128781295,516.2707245631406,819.3256056365191,5.85191023473322,5.85191023473322,5.883683212792143,5.883683212792143,0.031772978058922874,0.031772978058922874
66,13200,rician,0.18400499999999997,ou,velocity,False,True,False,full,True,False,False,False,500.0,32,979.1775715137094,4.895887857568547,9.02174144458686,3.230068373371008,5.7925421713686704,18.0,367.2087000187618,700.9749275243137,3.230068373371008,,5.658096408058903,115.8508434273734,6.91024232689223,0.47556626223027704,200,379.6528710996562,375.493700241144,378.33342731777907,372.0664782616418,0,542.515563198071,384.02889488725623,362.63261696002536,1047.5910895509796,5.77779098133826,5.77779098133826,5.88230228792209,5.88230228792209,0.1045113065838299,0.1045113065838299
67,13400,rician,0.18300499999999997,ou,velocity,False,True,False,full,True,False,False,False,500.0,32,927.4945930206684,4.637472965103342,7.979457755167055,1.8425820756820732,6.136875679484981,21.0,569.4872180885964,1025.6412644429467,1.8425820756820732,,5.658096408058903,122.73751358969963,6.803863038312369,0.4747814302146435,200,372.53246610776097,185.68759981778823,368.0687775797569,173.56085037482586,0,638.3264548767015,188.4025843928857,569.862893779345,750.8094173028048,5.884990191247839,5.884990191247839,5.886101890781238,5.886101890781238,0.0011116995333990687,0.0011116995333990687
68,13600,rician,0.18200499999999997,ou,velocity,False,True,False,full,True,False,False,False,500.0,32,1032.5217083260034,5.162608541630017,7.8654590552554176,1.2392481284760068,6.6262109267794145,18.0,403.5922399246312,877.8271004310681,1.2392481284760068,,5.658096408058903,132.5242185355883,6.872300027265267,0.4787777833640575,200,324.61247197714874,378.6200044841122,295.68980461378624,375.2053595194705,0,935.6995332048398,590.4511678879244,406.34369238578046,409.4852375269053,5.928710133190677,5.928710133190677,5.896985847192976,5.896985847192976,0.03172428599770072,0.03172428599770072
69,13800,rician,0.181005,ou,velocity,False,True,False,full,True,False,False,False,500.0,32,929.8631839507224,4.649315919753612,8.954620918851061,2.3054233371780883,6.649197581672968,20.0,522.6803993217178,1117.9624687062826,2.3054233371780883,,5.658096408058903,132.98395163345936,6.837069941056292,0.4481982478499413,200,336.225657671263,308.22590709520887,315.690730418204,285.6303312464108,0,348.8120401196679,620.8391210878074,526.0256370588302,580.1628957227986,5.917770851487102,5.917770851487102,5.907887466533266,5.907887466533266,0.009883384953836227,0.009883384953836227
70,14000,rician,0.180005,ou,velocity,False,True,False,full,True,False,False,False,500.0,32,740.0321739098571,3.7001608695492854,8.439070157526862,2.3574424201663104,6.081627737360556,18.0,158.57770123049798,736.7620253086203,2.3574424201663104,,5.658096408058903,121.63255474721113,6.892294996779765,0.48003791317343714,200,310.7378841387018,311.60828524766504,301.10862962974835,283.2677266334745,0,530.0264075816526,530.112050202247,150.00815546629764,387.4293726296387,5.929320502503319,5.929320502503319,5.910369470402228,5.910369470402228,0.01895103210109106,0.01895103210109106
71,14200,rician,0.179005,ou,velocity,False,True,False,full,True,False,False,False,500.0,32,617.8697487328263,3.089348743664132,8.055827519126112,4.108993347885992,3.9495934353569653,16.0,95.12536730843354,405.04432766647284,4.108993347885992,,5.658096408058903,78.9918687071393,6.726794966184592,0.4664418374747038,200,376.37460630853644,366.13306810203795,374.0733673556078,362.11853663228294,0,989.3584504193093,492.4717435758386,97.05126114424118,572.8030368074661,5.937850423603542,5.937850423603542,5.882752906528351,5.882752906528351,0.055097517075190616,0.055097517075190616
72,14400,rician,0.178005,ou,velocity,False,True,False,full,True,False,False,False,500.0,32,1423.9618349629163,7.1198091748145815,10.089748715599296,2.1868690632255996,7.902879652373689,23.0,368.599573269745,973.4723254849639,2.1868690632255996,,5.658096408058903,158.0575930474738,6.804115960189233,0.461690833196044,200,372.4931180423306,377.4007461102244,369.42294184363016,371.4031437260104,0,131.27335168878508,293.59878385685056,370.9494532168188,379.2583983641567,5.958416689226262,5.958416689226262,5.910810222442868,5.910810222442868,0.0476064667833942,0.0476064667833942
73,14600,rician,0.177005,ou,velocity,False,True,False,full,True,False,False,False,500.0,32,1346.599190206659,6.732995951033295,9.519843324959405,1.9772581959711086,7.542585128988299,16.0,144.78863078222616,565.587845412918,1.9772581959711086,,5.658096408058903,150.85170257976597,6.859903596771983,0.45177771754562857,200,377.0250015721113,378.01750701184005,374.87222930419034,375.8460024437242,0,310.38372893841614,145.38278825629394,154.3649688369415,396.34671084266824,6.151934240517578,6.151934240517578,5.9331633033544495,5.9331633033544495,0.21877093716312856,0.21877093716312856
74,14800,rician,0.176005,ou,velocity,False,True,False,full,True,False,False,False,500.0,32,1000.6621428152055,5.003310714076028,9.223894336840242,2.090081637942422,7.162557967268188,12.0,506.04814510909773,866.2087739393487,2.090081637942422,,5.658096408058903,143.25115934536376,6.720369869093994,0.4405896259099245,200,338.4670981215777,228.5415144014241,312.8165939692695,223.7501462078662,0,189.03856342036408,526.3803252363828,495.55573898583185,695.9033968215207,6.1108183144062975,6.1108183144062975,5.949776744758689,5.949776744758689,0.16104156964760818,0.16104156964760818
75,15000,rician,0.175005,ou,velocity,False,True,False,full,True,False,False,False,500.0,32,753.562741131497,3.7678137056574847,7.802121517297305,2.316641884425138,5.486878075662952,14.0,502.5548657918322,848.1843112822384,2.316641884425138,,5.658096408058903,109.73756151325904,6.809369126386638,0.4779122531414032,200,260.7498458787022,378.60322931584784,249.62684786525543,374.1588787377811,0,934.1353440148632,558.8250380897156,494.05227870439467,771.1242541511259,6.071003735693742,6.071003735693742,5.94360476250408,5.94360476250408,0.12739897318966165,0.12739897318966165
76,15200,rician,0.174005,ou,velocity,False,True,False,full,True,False,False,False,500.0,32,674.904330610507,3.3745216530525353,9.844114031750605,5.309034721430612,4.5350793103199845,20.0,56.48907770596324,627.5978524588893,5.309034721430612,,5.658096408058903,90.7015862063997,6.829835470054721,0.4595151427388191,200,377.5454713620839,344.05617099477297,374.349444926051,325.078968403715,0,304.8205027800014,293.2210348914913,58.92517873170187,666.1468572538804,5.932360866961446,5.932360866961446,5.925071532870079,5.925071532870079,0.007289334091367117,0.007289334091367117
77,15400,rician,0.173005,ou,velocity,False,True,False,full,True,False,False,False,500.0,32,886.8687899481324,4.434343949740662,8.179768536526275,2.958704181613004,5.227672544520933,18.0,198.3357951273733,509.16694291860347,2.958704181613004,,5.658096408058903,104.55345089041866,6.872361028771547,0.465153901129961,200,376.33688007483613,379.7859198223166,374.87208738770886,377.81346143360986,0,887.018185378377,434.8850217633505,200.46698742324728,550.3097251479265,5.91053907116312,5.91053907116312,5.916014403151259,5.916014403151259,0.005475331988138876,0.005475331988138876
78,15600,rician,0.172005,ou,velocity,False,True,False,full,True,False,False,False,500.0,32,773.1614609550384,3.865807304775192,8.75383100727314,2.1475192779215795,6.6063117293515585,19.0,511.2587792159491,993.3986527562338,2.1475192779215795,,5.658096408058903,132.12623458703118,6.9208565840387335,0.4510687009990215,200,279.5406901977781,183.5018437620079,272.2026677522734,183.07626619804554,0,533.6559273541881,565.8600586261667,515.0439877604646,792.3149717344654,5.9464400473689505,5.9464400473689505,5.924864368871775,5.924864368871775,0.021575678497175232,0.021575678497175232
79,15800,rician,0.171005,ou,velocity,False,True,False,full,True,False,False,False,500.0,32,218.22406317758578,1.0911203158879288,8.245767699758542,5.61875901973859,2.6530668433087228,21.0,49.26193274379554,678.8414314506034,5.61875901973859,,5.658096408058903,53.06133686617445,6.828094827887273,0.4667839665710926,200,322.5350356151586,330.9155637411262,301.8183005558897,321.5189222927064,0,777.3965322960805,616.3076660465321,50.631709360763416,680.3420254509584,5.759735022948613,5.759735022948613,5.883449210320345,5.883449210320345,0.12371418737173201,0.12371418737173201
80,16000,rician,0.170005,ou,velocity,False,True,False,full,True,False,False,False,500.0,32,1346.31545011669,6.731577250583451,8.748893936058781,1.2075578682314958,7.541336067827292,23.0,529.5847356551374,962.3144930281668,1.2075578682314958,,5.658096408058903,150.82672135654585,6.88161900887177,0.467846392467618,200,376.2289710701804,380.454300839775,373.3828334771394,378.5667452967348,0,497.61634115101333,80.40892366475549,536.4229652635083,462.7829296054934,6.104405964547523,6.104405964547523,5.904172796039179,5.904172796039179,0.20023316850834316,0.20023316850834316
81,16200,rician,0.16900500000000002,ou,velocity,False,True,False,full,True,False,False,False,500.0,32,-268.52369060204376,-1.3426184530102188,7.3994586923174746,7.434272869299274,0.5658756543616037,21.0,52.743715679842936,458.3010438894695,7.434272869299274,,5.658096408058903,11.317513087232076,6.911203748135511,0.4746262589842081,200,180.3258311655735,365.7972763573722,161.27840673876398,349.9504119573506,0,1162.686977318327,708.8723439378913,52.63923562750736,986.5054463727745,5.906205427399918,5.906205427399918,5.838267893055506,5.838267893055506,0.06793753434441197,0.06793753434441197
82,16400,rician,0.16800500000000002,ou,velocity,False,True,False,full,True,False,False,False,500.0,32,1571.0670141997325,7.855335070998662,9.652420037555329,0.7998293470827742,8.852590690472557,26.0,560.3990214477361,990.7825759051748,0.7998293470827742,,5.658096408058903,177.05181380945115,6.842402670421069,0.47330971047282216,200,373.0621202573174,360.0037847367542,369.2612492705893,350.06974152282413,0,245.8850858616494,367.3206729875099,563.1056960101457,122.09510136958997,5.932333463294337,5.932333463294337,5.875027927170348,5.875027927170348,0.05730553612398914,0.05730553612398914
83,16600,rician,0.16700500000000001,ou,velocity,False,True,False,full,True,False,False,False,500.0,32,1026.2589071336208,5.131294535668104,8.44889830457006,1.5542135307507228,6.89468477381934,23.0,647.6462523805604,999.5448438975407,1.5542135307507228,,5.658096408058903,137.89369547638682,6.9212695886186815,0.4746735066920519,200,273.1092294805098,380.03024731755113,266.51715601236026,377.3633806215926,0,689.0233032286278,650.708260030095,648.8171912935347,933.2150756810414,5.909474254793785,5.909474254793785,5.8873129494191305,5.8873129494191305,0.022161305374654106,0.022161305374654106
84,16800,rician,0.166005,ou,velocity,False,True,False,full,True,False,False,False,500.0,32,-183.75820272398448,-0.9187910136199224,8.479442413130188,8.574161383155566,0.5594131597832642,24.0,18.772403341447543,656.7341373530543,8.574161383155566,,5.658096408058903,11.188263195665286,6.912867743345897,0.4812085548788309,200,319.43966175450316,379.93362871893305,294.1472066273426,378.6212523488768,0,569.0957020790319,516.2126432939075,14.847686041962898,573.548576088343,5.656420069844698,5.656420069844698,5.823885570971084,5.823885570971084,0.16746550112638658,0.16746550112638658
85,17000,rician,0.165005,ou,velocity,False,True,False,full,True,False,False,False,500.0,32,1243.8177605608041,6.219088802804021,8.818402720426725,1.7542706618115966,7.064132058615139,32.0,416.6594294480138,1029.1617551453708,1.7542706618115966,,5.658096408058903,141.28264117230282,6.884190445776293,0.4526729256659746,200,378.70442571175124,378.5365410877787,377.0590953362692,376.39082582519495,0,268.2009889397375,271.5694389102629,413.3496710633547,216.0287011531627,5.691555559434854,5.691555559434854,5.838476706119838,5.838476706119838,0.14692114668498402,0.14692114668498402
86,17200,rician,0.164005,ou,velocity,False,True,False,full,True,False,False,False,500.0,32,1325.6256347080914,6.628128173540457,8.80655586900836,1.3907591656262979,7.415796703382069,21.0,482.0558607832682,1158.621429843198,1.3907591656262979,,5.658096408058903,148.31593406764136,6.843285116439646,0.47639160200953484,200,379.52529464720965,373.9714516570868,375.31087520074624,371.42391094712906,0,256.6931153593346,227.38523406748592,472.6548559372943,306.40058057999795,5.772718286035524,5.772718286035524,5.856817636320562,5.856817636320562,0.08409935028503757,0.08409935028503757
87,17400,rician,0.163005,ou,velocity,False,True,False,full,True,False,False,False,500.0,32,1271.674980990303,6.358374904951515,10.107146013424185,2.1080590016899334,7.999087011734251,26.0,313.9696315081266,845.0064924573347,2.1080590016899334,,5.658096408058903,159.98174023468502,6.818225898745814,0.46745247177779675,200,374.5664852688814,267.2981161271906,371.1904678061849,247.90754477297716,0,190.42653968093285,407.7748107029339,316.61233101520105,481.65774573890985,5.865828852647988,5.865828852647988,5.881441422244857,5.881441422244857,0.015612569596869186,0.015612569596869186
88,17600,rician,0.162005,ou,velocity,False,True,False,full,True,False,False,False,500.0,32,742.6606845763778,3.713303422881889,7.8481813652705155,2.961356641923202,4.897650409188693,20.0,306.10628861675303,583.148695692515,2.961356641923202,,5.658096408058903,97.95300818377387,6.797970867215002,0.4566737974435091,200,330.3484272513194,378.8063903118676,309.49117795854846,376.39785190009087,0,991.7070785745002,584.6753233954989,302.0544168092611,192.48729897813053,5.779400826768452,5.779400826768452,5.870261978914675,5.870261978914675,0.09086115214622303,0.09086115214622303
89,17800,rician,0.161005,ou,velocity,False,True,False,full,True,False,False,False,500.0,32,1172.2554767898762,5.861277383949381,9.507513141087495,2.3389140237061006,7.170316920572692,27.0,687.1941436826464,1049.5231092481733,2.3389140237061006,,5.658096408058903,143.40633841145385,6.90945615602374,0.472857113853097,200,379.7857754911683,258.43883731781705,375.48512512874476,252.99627823905902,0,234.24496569295331,500.44754876340863,684.2644904364436,1178.6995380985472,5.805456793713438,5.805456793713438,5.884869337809708,5.884869337809708,0.07941254409627074,0.07941254409627074
90,18000,rician,0.160005,ou,velocity,False,True,False,full,True,False,False,False,500.0,32,1263.0455122278659,6.315227561139329,8.86519361444378,0.7066644888669112,8.158529125576864,19.0,528.5131758296687,1178.0165938295302,0.7066644888669112,,5.658096408058903,163.1705825115373,6.878006708380772,0.4801327424496412,200,313.50934204689645,328.59850922359624,287.24025891924634,305.36018578702914,0,378.2854943385389,552.8444301976292,534.6106684836178,228.79544154857612,5.909301863124253,5.909301863124253,5.910132224340454,5.910132224340454,0.0008303612162006146,0.0008303612162006146
91,18200,rician,0.159005,ou,velocity,False,True,False,full,True,False,False,False,500.0,32,1214.1235624698488,6.070617812349244,9.429764720889708,2.561684916456473,6.8680798044332265,28.0,164.89179085896285,794.0475702425102,2.561684916456473,,5.658096408058903,137.36159608866453,6.91415083520887,0.472792197316885,200,379.3517978031931,380.38395266582137,376.4174849513963,379.07994936218483,0,155.31947729514457,74.81468275305605,165.34114276753812,181.8381046854003,6.055226181578066,6.055226181578066,5.92065912082499,5.92065912082499,0.134567060753076,0.134567060753076
92,18400,rician,0.158005,ou,velocity,False,True,False,full,True,False,False,False,500.0,32,1130.4427550371254,5.6522137751856265,8.661269405261702,1.6387872951511602,7.022482110110543,22.0,681.6088914195709,1289.215123140456,1.6387872951511602,,5.658096408058903,140.44964220221087,6.909882354617062,0.453169963657856,200,314.2442992184455,379.97800551854164,287.62029355124287,378.9772751606593,0,371.08441656995046,528.9672085222738,681.7762467173762,500.23509028612256,6.011206304464908,6.011206304464908,5.93263545766505,5.93263545766505,0.07857084679985782,0.07857084679985782
93,18600,rician,0.157005,ou,velocity,False,True,False,full,True,False,False,False,500.0,32,794.3532816965343,3.9717664084826714,8.702213403740199,3.205942598192596,5.501661029594362,19.0,288.2274070194116,709.1299895446676,3.205942598192596,,5.658096408058903,110.03322059188723,6.8902782990727225,0.4653036631643772,200,314.68446856347816,365.0851726720289,294.8503426384391,356.33635399553475,0,528.681718512844,538.8323025128987,293.24387421215954,640.4126449343088,5.909160099495211,5.909160099495211,5.928001324029882,5.928001324029882,0.018841224534670964,0.018841224534670964
94,18800,rician,0.156005,ou,velocity,False,True,False,full,True,False,False,False,500.0,32,1140.0684379548707,5.700342189774354,9.18600050088206,1.8616002915345033,7.3244002093475515,20.0,727.5891862472953,1094.8771678165376,1.8616002915345033,,5.658096408058903,146.48800418695103,6.844783070739419,0.47587181061506273,200,296.1393323639695,376.6939606332229,274.7742305908839,374.3348354914027,0,348.77938886168266,587.6097703745337,726.6189901038439,585.9206027056698,5.9172522115991795,5.9172522115991795,5.942856631320496,5.942856631320496,0.025604419721316773,0.025604419721316773
95,19000,rician,0.155005,ou,velocity,False,True,False,full,True,False,False,False,500.0,32,1405.7290741111055,7.028645370555528,9.000658374185642,0.5270346042130455,8.473623769972603,18.0,1108.2622940469237,1361.4436107972724,0.5270346042130455,,5.658096408058903,169.4724753994521,6.906244796849995,0.46228663429617883,200,321.3232964545821,380.11414657373416,296.9050691089872,378.96272142349204,0,191.57395840099522,557.7948788627233,1111.9849596575818,91.1064023046885,6.066589496314662,6.066589496314662,5.969496285411571,5.969496285411571,0.09709321090309064,0.09709321090309064
96,19200,rician,0.154005,ou,velocity,False,True,False,full,True,False,False,False,500.0,32,488.7608317886402,2.443804158943201,8.39713288551458,3.6475913315339183,4.749675018082182,18.0,104.37519839477461,724.9612319365742,3.6475913315339183,,5.658096408058903,94.99350036164364,6.90580875371748,0.47473133958876135,200,316.27088941523243,288.1524099427511,286.4226200947736,270.6233329432608,0,715.7371678481434,596.681352696391,102.85216563756781,545.1179213524147,6.077319281702773,6.077319281702773,5.956789813876889,5.956789813876889,0.12052946782588414,0.12052946782588414
97,19400,rician,0.153005,ou,velocity,False,True,False,full,True,False,False,False,500.0,32,1154.4141650364634,5.7720708251823165,9.616258632688506,2.680003125513716,6.936255507174789,24.0,121.59269062721255,651.8838607035316,2.680003125513716,,5.658096408058903,138.72511014349575,6.918144718474631,0.4792671272158623,200,379.44394814659626,344.93200081618386,378.225397599508,327.2316131312995,0,175.27863082814187,222.16997444237208,127.20722042723068,507.12336672141686,6.162748429835466,6.162748429835466,5.966887398343878,5.966887398343878,0.19586103149158784,0.19586103149158784
98,19600,rician,0.152005,ou,velocity,False,True,False,full,True,False,False,False,500.0,32,1556.8375189885512,7.784187594942756,9.617885417641974,1.0392862891725891,8.578599128469378,18.0,499.24162442220916,884.8216408846513,1.0392862891725891,,5.658096408058903,171.57198256938756,6.907481893514603,0.4758148993551731,200,379.4327870282615,379.69981893175947,375.42528737479273,377.7907818252725,0,211.40113697224893,222.24252471826347,513.0319563551966,337.80123454102403,6.261362799791357,6.261362799791357,5.9935375180390364,5.9935375180390364,0.26782528175232034,0.26782528175232034
99,19800,rician,0.151005,ou,velocity,False,True,False,full,True,False,False,False,500.0,32,1013.1659054094566,5.065829527047283,8.345197191674481,2.4651016053989965,5.880095586275488,14.0,216.80207740702957,597.3849684866952,2.4651016053989965,,5.658096408058903,117.60191172550975,6.879379352514194,0.48770831622183325,200,377.63885986298135,378.9542878218684,371.8425133720828,377.6499967130597,0,836.3958163293953,559.4686207643186,216.39963470202537,228.25489528452675,6.422714236939695,6.422714236939695,5.992391639940415,5.992391639940415,0.43032259699927966,0.43032259699927966
100,20000,rician,0.150005,ou,velocity,False,True,False,full,True,False,False,False,500.0,32,1308.2135426185814,6.541067713092907,10.005885086317772,2.6792130077386704,7.3294134686152335,18.0,195.80725153944107,659.3529620356525,2.6792130077386704,4.911948339239116,4.911948339239116,146.58826937230467,6.866192144981843,0.47525220692157744,200,379.78661623693546,375.63338503159986,377.3543211891227,372.667096621307,0,400.8352634311011,225.5393630439281,198.35480591031532,193.04344701344476,6.412118106979092,6.412118106979092,6.005761858227163,6.005761858227163,0.406356248751929,0.406356248751929
