episode,avg_crb,avg_pd,avg_reward,uav_1/actor_grad_norm,uav_1/actor_loss,uav_1/critic_grad_norm,uav_1/critic_loss,uav_1/reward_mean,uav_1/reward_std,uav_2/actor_grad_norm,uav_2/actor_loss,uav_2/critic_grad_norm,uav_2/critic_loss,uav_2/reward_mean,uav_2/reward_std
1,0.7956948904967069,0.5225,-0.08272283863049487,,,,,,,,,,,,
2,0.08474329209025142,0.745,0.8531985335978034,,,,,,,,,,,,
3,1.3240691195797702,0.9737500000000001,0.03378585898142959,,,,,,,,,,,,
4,0.10171711411373463,0.65625,0.5807743081625631,,,,,,,,,,,,
5,0.06471426616513691,0.9199999999999999,0.6252075081371207,,,,,,,,,,,,
6,0.07253019949559297,0.8962499999999999,1.0130910754040725,,,,,,,,,,,,
7,0.05567602460196895,0.39125,0.270837656573994,0.0,0.0,4.792046546936035,0.6819798350334167,0.48094576597213745,0.4657551050186157,0.0,0.0,4.012016773223877,0.8717633485794067,0.49386414885520935,0.4828037619590759
8,7.058329799800424,0.9712500000000001,-0.352461965717391,0.37030214071273804,0.0611102357506752,3.8887453079223633,0.6982496380805969,0.3690813183784485,0.5343093276023865,1.0399953126907349,-0.3212962746620178,3.3493003845214844,0.9963725209236145,0.3547644317150116,0.5631961822509766
9,0.3028446927360975,1.0,0.6080870839114034,0.0,0.0,3.5485892295837402,0.6355404257774353,0.40832704305648804,0.5077320337295532,0.0,0.0,3.3278257846832275,0.8877158164978027,0.4140107333660126,0.5472882986068726
10,2.159222781051021,0.9787500000000001,0.5405170302841069,0.35572901368141174,-0.06710580736398697,2.974858045578003,0.6069694757461548,0.37174901366233826,0.5179237723350525,1.0915124416351318,-0.3101581633090973,3.1709909439086914,0.7616138458251953,0.47790277004241943,0.4922630488872528
11,0.1606336724221675,0.8174999999999999,0.2230211350750148,0.0,0.0,2.9677751064300537,0.5124040842056274,0.42844539880752563,0.4548502266407013,0.0,0.0,2.716191291809082,0.8536026477813721,0.3931325078010559,0.5509376525878906
12,0.09509109797487308,0.8400000000000001,0.9171642891595765,0.3827192187309265,-0.10289869457483292,3.52653431892395,0.5780783295631409,0.4591224789619446,0.5470461845397949,1.0839253664016724,-0.24597980082035065,2.2645344734191895,0.6985378265380859,0.4367866516113281,0.4724826216697693
13,0.013461018215251835,0.73125,0.8951503392732194,0.0,0.0,3.017868757247925,0.5889003276824951,0.47165530920028687,0.5061048269271851,0.0,0.0,3.151604175567627,0.7330906391143799,0.5407624244689941,0.4715732932090759
14,4.4220944293154885,0.635,0.2142481881384764,0.40998268127441406,-0.10026205331087112,3.080627918243408,0.6132778525352478,0.4609937369823456,0.5655286312103271,1.076878309249878,-0.3022890090942383,2.632669687271118,0.7248630523681641,0.5037747025489807,0.49124979972839355
15,1.4910725101832536,0.95375,-0.2623938650098144,0.0,0.0,1.9839175939559937,0.5925490856170654,0.34052684903144836,0.5639288425445557,0.0,0.0,2.1782727241516113,0.5621374845504761,0.4354642927646637,0.4573439657688141
16,1.1163253265374535,0.9049999999999999,0.16080866393183693,0.4653964936733246,-0.14476284384727478,2.041151762008667,0.49203866720199585,0.3831455707550049,0.459465354681015,1.1564878225326538,-0.27495047450065613,2.198150157928467,0.8089423179626465,0.48855310678482056,0.5557846426963806
17,0.20876352461614914,0.9887499999999999,0.9668670941470257,0.0,0.0,2.2825090885162354,0.6349503397941589,0.4180262088775635,0.5450879335403442,0.0,0.0,1.9680180549621582,0.7296124696731567,0.47027087211608887,0.5403346419334412
18,1.2510906953722096,0.9412499999999999,0.4115803014888386,0.45578840374946594,-0.2587399184703827,2.144127607345581,0.6279793977737427,0.4737476110458374,0.5648432970046997,1.029652714729309,-0.27835384011268616,1.8083372116088867,0.8487505316734314,0.43450385332107544,0.5879320502281189
19,0.02839936852400541,0.8862499999999999,0.8480911943200352,0.0,0.0,1.5872185230255127,0.6564152836799622,0.41621434688568115,0.5786429047584534,0.0,0.0,1.7702375650405884,0.644342839717865,0.4805401563644409,0.5282894372940063
20,7.724190960654871,0.47750000000000004,-0.14962675055361868,0.46726885437965393,-0.19629913568496704,1.8725602626800537,0.5206623673439026,0.4269120693206787,0.5496526956558228,1.0411977767944336,-0.3374471664428711,1.551688313484192,0.6540350914001465,0.3701968789100647,0.5236546993255615
21,0.26965476191196275,0.68375,0.45100413974970266,0.0,0.0,1.4566415548324585,0.5926753282546997,0.3595676124095917,0.5321764945983887,0.0,0.0,1.5565541982650757,0.6843239068984985,0.44881993532180786,0.5269381999969482
22,0.03685888690702927,0.8925000000000001,0.7424152941883824,0.46809160709381104,-0.2648361921310425,1.4695638418197632,0.6539909243583679,0.30409711599349976,0.5615915656089783,0.983318567276001,-0.3207739293575287,1.3490201234817505,0.7106050848960876,0.43205758929252625,0.5628834366798401
23,0.20477813100244124,0.99125,0.6524130944344447,0.0,0.0,1.0538634061813354,0.5060571432113647,0.440559446811676,0.5096312165260315,0.0,0.0,1.3339109420776367,0.6906540393829346,0.4617077112197876,0.5081478953361511
24,0.018395615725579347,0.62125,0.7106426615415109,0.44778773188591003,-0.28594744205474854,0.9343878626823425,0.437092125415802,0.4501963257789612,0.5024019479751587,1.1133946180343628,-0.33451661467552185,1.2604588270187378,0.821426272392273,0.3651455044746399,0.5646665692329407
25,0.04493357295035253,0.8462500000000001,0.642231213807267,0.0,0.0,0.8576586246490479,0.4682098925113678,0.4508550763130188,0.5242490172386169,0.0,0.0,1.2385804653167725,0.662796139717102,0.48914530873298645,0.5327109098434448
26,0.10420936836824486,0.845,0.7531177587879476,0.4821973741054535,-0.33322060108184814,0.9192874431610107,0.48228418827056885,0.42090386152267456,0.5331864356994629,1.060483694076538,-0.3791808485984802,1.0481401681900024,0.6833943128585815,0.4291524887084961,0.5583215951919556
27,0.0927421271691572,0.9737500000000001,0.7527179155689672,0.0,0.0,1.0172537565231323,0.578227162361145,0.4596472382545471,0.560451865196228,0.0,0.0,1.2193737030029297,0.5981498956680298,0.4997277855873108,0.48629528284072876
28,0.42981286325437396,0.9475,0.42846456698961666,0.5923928022384644,-0.3427582383155823,0.8072494864463806,0.3173485994338989,0.5547887682914734,0.4453997313976288,1.080523133277893,-0.41962939500808716,0.983351469039917,0.44231361150741577,0.5122900009155273,0.4452302157878876
29,0.021365637547736765,0.88375,0.7851565183335618,0.0,0.0,0.8736922740936279,0.4072898030281067,0.5142229199409485,0.4649655818939209,0.0,0.0,1.2121704816818237,0.7808082103729248,0.4369204044342041,0.5705813765525818
30,0.07853405732836974,0.7337499999999999,0.2540223851775789,0.5355616807937622,-0.4118974208831787,1.0063481330871582,0.3687368929386139,0.5832633972167969,0.436406672000885,1.0098044872283936,-0.4132956266403198,0.9112445116043091,0.5124988555908203,0.4979957044124603,0.524527907371521
