episode,global_step,algorithm,fading_model,hidden_dim,actor_lr,critic_lr,alpha_lr,batch_size,alpha,target_entropy,auto_entropy_tuning,control_mode,role_switching,user_mobile,observation_mode,normalize_observations,episode_reward_bps_step,avg_shaped_reward,avg_R_legit_mbps,avg_R_eve_mbps,avg_R_sec_mbps,avg_num_eves,avg_nearest_eve_distance,avg_mean_eve_distance,avg_max_eve_capacity,eval_R_sec_mbps,last_eval_R_sec_mbps,episode_secrecy_mbits,avg_energy_j,avg_jammer_power_w,steps,relay_path_m,jammer_path_m,relay_displacement_m,jammer_displacement_m,final_d_UR_m,final_d_RB_m,final_d_UE_m,final_d_JE_m,rolling20_avg_R_sec_mbps,rolling100_avg_R_sec_mbps,convergence_gap20_100_mbps,critic_loss,actor_loss,alpha_loss,policy_entropy,replay_size
1,200,SAC,rayleigh,64,0.0003,0.0003,0.0003,64,0.19999998807907104,-5.0,True,velocity,False,True,full,True,377.19526254033724,1.8859763127016862,7.579740882427841,5.223661426141314,2.6838517647602345,22.0,580.3276795925286,1121.0891349682443,5.223661426141314,,,53.67703529520469,2.568746794874272,0.2464502216992696,200,63.03619152027619,64.06198968460178,27.328868558730743,41.54961390844624,807.0791323718088,502.58967299905845,563.7288135372414,348.16220289197054,2.6838517647602345,2.6838517647602345,0.0,,,,,200
2,400,SAC,rayleigh,64,0.0003,0.0003,0.0003,64,0.19999998807907104,-5.0,True,velocity,False,True,full,True,434.3967110448439,2.1719835552242195,7.330796431140759,3.979063590487523,3.4555498633117523,20.0,836.616819045154,1292.5129253585867,3.979063590487523,,,69.11099726623503,2.5543541933021827,0.24388745526317507,200,52.73071754203274,49.42780008105967,18.91446045710326,38.29315793093979,1061.85138686899,497.4088606906347,838.1767247350178,311.47428448006264,3.0697008140359934,3.0697008140359934,0.0,,,,,400
3,600,SAC,rayleigh,64,0.0003,0.0003,0.0003,64,0.19999998807907104,-5.0,True,velocity,False,True,full,True,220.01665248282652,1.1000832624141326,8.109937202926037,6.068669140652864,2.316484819468433,26.0,341.87651741697033,894.9781073781587,6.068669140652864,,,46.329696389368664,2.5794207644557936,0.25327236598939634,200,44.536206966322744,66.17406054290127,12.153372847982938,18.805660468314926,512.5609319044954,565.1923761273663,344.0211542775249,578.5598235106002,2.818628815846807,2.818628815846807,0.0,,,,,600
4,800,SAC,rayleigh,64,0.0003,0.0003,0.0003,64,0.19999998807907104,-5.0,True,velocity,False,True,full,True,673.8852168597705,3.3694260842988526,8.465440091036163,4.842388087499816,3.809111195568142,21.0,357.3761596047253,867.1228572376018,4.842388087499816,,,76.18222391136284,2.590378410787211,0.24581755127990618,200,69.11639163938595,67.55253603369177,31.773623703179794,3.7309773761417926,395.65299185207226,456.2055782932289,341.5856493315615,344.7999897819752,3.0662494107771403,3.0662494107771403,0.0,,,,,800
5,1000,SAC,rayleigh,64,0.0003,0.0003,0.0003,64,0.19999998807907104,-5.0,True,velocity,False,True,full,True,416.13020916485925,2.0806510458242964,7.177760454907484,5.061527752824584,2.4989996867667825,19.0,582.5434654484277,1208.7329559212887,5.061527752824584,,,49.97999373533565,2.56652970559652,0.25120254760753596,200,70.98471907628898,53.88045427131471,22.3248623974369,6.4919570831354,972.327958339675,568.8984385546173,571.4307381478864,654.4189598249433,2.952799465975069,2.952799465975069,0.0,,,,,1000
6,1200,SAC,rayleigh,64,0.0003,0.0003,0.0003,64,0.18960759043693542,-5.0,True,velocity,False,True,full,True,1135.366073173197,5.676830365865985,8.646533942074477,2.359606092187972,6.289481737637579,19.0,913.2973276416886,1415.0591472017936,2.359606092187972,,,125.78963475275157,2.5711492426999896,0.2726083986627054,200,49.54151270873721,72.12908215832337,12.553134027926825,31.408903716075844,389.4656375229682,202.61332250431175,895.4350890361468,345.26559860308316,3.5089131779188207,3.5089131779188207,0.0,10.463325500488281,-5.478560924530029,-13.785489082336426,3.2920145988464355,1200
7,1400,SAC,rayleigh,64,0.0003,0.0003,0.0003,64,0.17942723631858826,-5.0,True,velocity,False,True,full,True,388.8612055876418,1.944306027938209,8.253816305306193,5.148201146801008,3.2355505045112793,20.0,371.3524093715231,847.607327670218,5.148201146801008,,,64.7110100902256,3.039496707750933,0.4131750812265091,200,42.138411004946796,161.37351468509175,13.58131589652953,146.69081321519712,364.7563849596617,613.3217866906197,374.0825739749418,648.8999343193226,3.469861367432029,3.469861367432029,0.0,7.609157562255859,-7.941051006317139,-11.831982612609863,1.8881820440292358,1400
8,1600,SAC,rayleigh,64,0.0003,0.0003,0.0003,64,0.17028406262397766,-5.0,True,velocity,False,True,full,True,644.1820594249305,3.2209102971246524,7.61849365989528,2.4813614627352316,5.145011871610111,28.0,487.42095225067095,1077.1126228842427,2.4813614627352316,,,102.90023743220223,3.069948656238846,0.4604388609691523,200,80.04179790821131,170.10137034757085,64.94152190875371,161.53133699080226,722.7408543042521,495.98661171380485,473.8649387367498,469.22746156621224,3.6792551804542892,3.6792551804542892,0.0,11.330360412597656,-11.435701370239258,-11.130805969238281,1.2885037660598755,1600
9,1800,SAC,rayleigh,64,0.0003,0.0003,0.0003,64,0.16125743091106415,-5.0,True,velocity,False,True,full,True,603.7062467936128,3.018531233968064,7.771601887174806,4.320792496301959,3.5322269570157174,19.0,498.65095490441,926.2477669483743,4.320792496301959,,,70.64453914031435,2.7874122643640704,0.47252422085031864,200,71.79250086462267,116.05449984498651,13.515156695233904,102.75654673322337,654.3164894727502,511.8606469354042,504.676504192507,745.0084654424297,3.6629187111833366,3.6629187111833366,0.0,10.68763542175293,-13.305705070495605,-11.653194427490234,1.3871315717697144,1800
10,2000,SAC,rayleigh,64,0.0003,0.0003,0.0003,64,0.15259131789207458,-5.0,True,velocity,False,True,full,True,740.0166105158376,3.700083052579188,8.388276703798285,4.286042700973644,4.171162195971464,20.0,379.3288417262859,978.0062655928306,4.286042700973644,,,83.42324391942927,2.704089577502476,0.46906909230165184,200,49.85879437891365,110.67521233883812,31.086212364503886,101.91993556222924,493.41126612825974,269.2179142089687,394.9513532015831,471.1563957253094,3.713743059662149,3.713743059662149,0.0,13.660326957702637,-17.893362045288086,-11.639337539672852,1.192080020904541,2000
11,2200,SAC,rayleigh,64,0.0003,0.0003,0.0003,64,0.14427392184734344,-5.0,True,velocity,False,True,full,True,603.5074517170576,3.017537258585288,7.480061219989077,4.063702696964432,3.4757645727549584,30.0,712.8371514375567,1314.9897755818317,4.063702696964432,,,69.51529145509917,2.6688728676988003,0.4754109172243625,200,107.0364963946421,45.040055102980176,95.48987517752144,20.79419265112989,950.5995924337838,495.5204558786656,696.3909999878192,575.8453587641834,3.6921086517614956,3.6921086517614956,0.0,10.197214126586914,-21.156442642211914,-12.462599754333496,1.438094139099121,2200
12,2400,SAC,rayleigh,64,0.0003,0.0003,0.0003,64,0.1363336741924286,-5.0,True,velocity,False,True,full,True,248.2361374049677,1.2411806870248385,8.604421053991805,6.825639786423104,2.056659488180633,19.0,77.27616949707958,589.3033695137368,6.825639786423104,,,41.133189763612656,2.641631277747759,0.4657579049773631,200,55.23097108720039,84.56569970322134,8.446458951736824,64.90608890553943,323.06993955091787,483.9791455794001,83.65789778781895,644.0355893527778,3.555821221463091,3.555821221463091,0.0,13.613616943359375,-23.17190933227539,-12.334901809692383,1.191084623336792,2400
13,2600,SAC,rayleigh,64,0.0003,0.0003,0.0003,64,0.12877696752548218,-5.0,True,velocity,False,True,full,True,249.24395671281135,1.2462197835640567,7.570273741348063,6.347086068146539,1.6296281382999322,19.0,335.7452282133412,657.5007359328016,6.347086068146539,,,32.59256276599864,2.7399903283253475,0.4697429257584736,200,86.0590294615928,96.94075026618586,59.84705814367224,80.42375249047174,798.5739081931061,368.4547061965338,344.6125095237262,985.7330015931077,3.407652522758233,3.407652522758233,0.0,26.347238540649414,-23.23845100402832,-12.866863250732422,1.2783961296081543,2600
14,2800,SAC,rayleigh,64,0.0003,0.0003,0.0003,64,0.12171806395053864,-5.0,True,velocity,False,True,full,True,793.6031909909709,3.9680159549548546,8.2115137872465,3.7883451438747775,4.455141290706707,21.0,421.7113534886204,970.0459432690228,3.7883451438747775,,,89.10282581413415,3.1129555080448497,0.4664852502895519,200,154.24263819419804,122.28793572270592,145.78852504594107,118.46709346794162,465.444564851507,362.31049013039086,412.3848168529023,229.73265539746734,3.4824731490402665,3.4824731490402665,0.0,80.365966796875,-29.574214935302734,-13.071845054626465,1.2076321840286255,2800
15,3000,SAC,rayleigh,64,0.0003,0.0003,0.0003,64,0.11532788723707199,-5.0,True,velocity,False,True,full,True,1368.4554273150059,6.84227713657503,10.494120805016344,2.8464030993627025,7.664280446988222,19.0,301.5195813866297,773.669646350879,2.8464030993627025,,,153.28560893976447,4.132928222678621,0.4680410251766443,200,181.53229543674078,239.0252699656634,173.7034712632931,222.99472978069468,163.81215477031185,237.50036371513954,292.15453254587607,352.65430462730797,3.761260302236797,3.761260302236797,0.0,12.539039611816406,-30.09131622314453,-11.211899757385254,0.19137203693389893,3000
16,3200,SAC,rayleigh,64,0.0003,0.0003,0.0003,64,0.10942751169204712,-5.0,True,velocity,False,True,full,True,707.2200746465863,3.536100373232932,9.148889897864178,4.333444280885919,4.880957054207468,17.0,377.9232541363833,859.7109726586003,4.333444280885919,,,97.61914108414938,3.6687155774605658,0.47439903151243923,200,183.8389526166265,119.4960917491159,177.8388137259634,107.44463483813679,209.1991632961844,269.10317922402015,360.71474134863684,745.3947265632007,3.8312413492349635,3.8312413492349635,0.0,37.359214782714844,-34.63664245605469,-12.536116600036621,0.666742205619812,3200
17,3400,SAC,rayleigh,64,0.0003,0.0003,0.0003,64,0.1038757786154747,-5.0,True,velocity,False,True,full,True,788.8316946617728,3.944158473308864,8.034246650993406,3.6208246752041386,4.44356773604019,22.0,497.7608735815003,922.5374757716136,3.6208246752041386,,,88.87135472080381,4.368482594333176,0.46984066229430027,200,117.5541802481024,320.09975331258903,90.77087909843969,317.1064707948938,612.7252647491617,173.22748749792066,482.159805909251,373.04256427958035,3.8672605484588,3.8672605484588,0.0,12.115438461303711,-37.011348724365234,-11.270276069641113,-0.022641535848379135,3400
18,3600,SAC,rayleigh,64,0.0003,0.0003,0.0003,64,0.09877211600542068,-5.0,True,velocity,False,True,full,True,716.4260380459372,3.5821301902296856,8.522400863479666,4.498012176101316,4.097436968294916,20.0,125.81577876578186,744.2910758386716,4.498012176101316,,,81.94873936589832,4.3901056789905475,0.4785113225877285,200,253.8737522139595,233.77472364931558,240.33502896321443,228.9362971710902,490.6984636166704,464.9292370164959,134.35520909803495,111.55208560990849,3.8800481273385845,3.8800481273385845,0.0,12.899574279785156,-40.20906066894531,-9.445463180541992,-0.919373631477356,3600
19,3800,SAC,rayleigh,64,0.0003,0.0003,0.0003,64,0.0942707434296608,-5.0,True,velocity,False,True,full,True,745.1041534592216,3.725520767296108,9.213617354792312,4.9694982696052845,4.325504970090148,20.0,305.6740351342813,704.4144687121106,4.9694982696052845,,,86.51009940180296,5.120972054429303,0.47712761625647543,200,287.61904708884185,288.0550444315084,282.4846537109024,284.7959701967592,137.91652333398613,83.8948067287359,323.2128908984452,467.273341150446,3.903493224325509,3.903493224325509,0.0,7.842616081237793,-41.23335266113281,-9.92587661743164,-0.7965290546417236,3800
20,4000,SAC,rayleigh,64,0.0003,0.0003,0.0003,64,0.0897001102566719,-5.0,True,velocity,False,True,full,True,787.0718234474498,3.935359117237249,7.508108867598039,2.105128917837169,5.402979949760878,18.0,508.0632406479009,991.6932729913649,2.105128917837169,,,108.05959899521756,5.177812658351773,0.4801938606239855,200,231.36811520936763,247.02568552735335,225.4552665123512,227.38527399407053,940.657124975763,560.547105870494,491.1412615409978,513.8964819978905,3.9784675605972772,3.9784675605972772,0.0,95.96063995361328,-45.91746139526367,-10.448519706726074,-0.6663917303085327,4000
21,4200,SAC,rayleigh,64,0.0003,0.0003,0.0003,64,0.085537850856781,-5.0,True,velocity,False,True,full,True,922.4451260406113,4.612225630203056,8.833965346148021,2.655483939697944,6.17848140645008,16.0,296.63371794089073,676.2729789090195,2.655483939697944,,,123.56962812900161,5.307351983131825,0.4779375347867608,200,107.16999040875656,365.4903917988713,96.07707892775427,364.2014292293785,122.87204303583522,512.95496219915,281.09965960070195,339.15662195939865,4.15319904268177,4.083230124685506,0.06996891799626415,187.11102294921875,-54.464080810546875,-8.973827362060547,-1.3499839305877686,4200
22,4400,SAC,rayleigh,64,0.0003,0.0003,0.0003,64,0.081764355301857,-5.0,True,velocity,False,True,full,True,778.5666494361838,3.892833247180919,7.188151936590446,2.5357265202014676,4.668742872143231,18.0,835.8255498670901,1312.0408538217546,2.5357265202014676,,,93.37485744286462,5.193489736292118,0.4799635626375675,200,216.11991552999396,354.1845285411576,208.19002390595924,351.8078272999132,1122.8439953355212,567.6181157970525,823.3422978248261,142.68308550761213,4.213858693123344,4.109844340479039,0.10401435264430514,10.85033130645752,-52.8961296081543,-9.51124382019043,-1.2010984420776367,4400
23,4600,SAC,rayleigh,64,0.0003,0.0003,0.0003,64,0.07820280641317368,-5.0,True,velocity,False,True,full,True,1083.113826465925,5.415569132329625,8.999268846526856,2.0849744228401765,6.91429442368668,15.0,498.65414782450915,987.3761784655064,2.0849744228401765,,,138.28588847373362,5.56637906739551,0.47860881134867667,200,245.3686074902207,283.1968652737247,242.3380127198243,266.3472532249394,143.39312034628836,293.5554100687063,494.9871103051277,542.1083288768069,4.443749173334256,4.231776952792415,0.21197222054184106,15.634784698486328,-53.760528564453125,-9.916627883911133,-1.108410120010376,4600
24,4800,SAC,rayleigh,64,0.0003,0.0003,0.0003,64,0.07467877119779587,-5.0,True,velocity,False,True,full,True,-197.38339827846215,-0.9869169913923108,8.487061887122927,8.812078436990777,0.7120031058597758,23.0,25.977396775090597,367.4027052736833,8.812078436990777,,,14.240062117195517,4.680696715583666,0.483005294688046,200,220.61625451370543,185.14478302310042,184.40646402843532,174.54813360083918,352.4783717709761,510.1123332572138,24.805569661974246,533.5332767413488,4.288893768848838,4.085119709170222,0.20377405967861595,13.244400024414062,-62.361175537109375,-8.230932235717773,-1.8273435831069946,4800
25,5000,SAC,rayleigh,64,0.0003,0.0003,0.0003,64,0.0713672861456871,-5.0,True,velocity,False,True,full,True,388.73203100307836,1.9436601550153918,8.419018641960957,6.155463302437406,2.6035863495555702,17.0,119.50491966062742,420.3679871975357,6.155463302437406,,,52.071726991111404,5.6998309838326,0.4840200753137469,200,308.9578747818037,329.5024876270769,303.76349302905714,326.42865140243043,390.08916602064295,214.2091805750297,117.90001208985535,527.580619056832,4.294123101988277,4.025858374785636,0.2682647272026415,125.30543518066406,-55.41767883300781,-7.075164794921875,-2.319735527038574,5000
26,5200,SAC,rayleigh,64,0.0003,0.0003,0.0003,64,0.06817077845335007,-5.0,True,velocity,False,True,full,True,506.39186665471215,2.531959333273561,8.016546230943892,4.072559573110343,4.000864879077123,16.0,355.4750288117816,829.5732119721424,4.072559573110343,,,80.01729758154248,5.48906291751559,0.4859246999397874,200,285.4303262353956,221.95612923188963,261.9435750330849,204.23438262869644,703.5476794592583,624.1488763244994,341.9724499897064,630.4718908320182,4.179692259060255,4.024897086489155,0.15479517257110054,15.60380744934082,-63.04695129394531,-7.053511142730713,-2.3735270500183105,5200
27,5400,SAC,rayleigh,64,0.0003,0.0003,0.0003,64,0.06581898778676987,-5.0,True,velocity,False,True,full,True,735.8233055073456,3.679116527536728,8.55541679840386,3.348766663750138,5.23257461411161,10.0,217.23854198892164,586.0231260033448,3.348766663750138,,,104.6514922822322,6.400957367731305,0.4883207585290074,200,344.4189292851365,293.2361042060918,340.20515763270566,273.490967674131,405.8641332178917,462.9932586151174,206.73277357289106,254.64931237108885,4.2795434645402715,4.069625883808505,0.20991758073176658,13.151620864868164,-64.22563171386719,-4.595371246337891,-3.310940742492676,5400
28,5600,SAC,rayleigh,64,0.0003,0.0003,0.0003,64,0.06335548311471939,-5.0,True,velocity,False,True,full,True,978.7540325647096,4.893770162823548,8.95927736929262,3.3550717184018626,5.624341689002768,17.0,305.89638085342136,822.1739951435255,3.3550717184018626,,,112.48683378005536,6.322101429218654,0.4881191305816174,200,351.0022751108237,352.82191117475037,348.4354832056736,351.75689433177246,289.7504397585304,397.53217023113245,318.8612366544771,72.68805586826241,4.303509955409903,4.125151448279729,0.17835850713017454,15.823118209838867,-71.68226623535156,-7.488774299621582,-2.285457134246826,5600
29,5800,SAC,rayleigh,64,0.0003,0.0003,0.0003,64,0.06093500927090645,-5.0,True,velocity,False,True,full,True,927.4062864883592,4.6370314324417965,8.437693962454222,2.1128100535818684,6.3343618183037735,15.0,464.04619040470743,703.5452937870981,2.1128100535818684,,,126.68723636607547,6.33471497014388,0.48738794632256033,200,326.1073797202164,128.187359186226,322.6882212580168,121.61520842554381,397.7560904063569,219.2765680413784,474.7972464891859,482.14113618692966,4.443616698474306,4.201331116211592,0.24228558226271435,14.43107795715332,-72.3192138671875,-6.582916259765625,-2.647042751312256,5800
30,6000,SAC,rayleigh,64,0.0003,0.0003,0.0003,64,0.058832183480262756,-5.0,True,velocity,False,True,full,True,718.2187345864169,3.591093672932084,8.311584039206096,3.0648782099749847,5.256312772320889,23.0,472.3097203083446,995.3160501214593,3.0648782099749847,,,105.12625544641779,6.5651087102199925,0.48671249732375144,200,319.5535209588763,342.3340073023097,306.04926988482595,327.64404185417686,342.8394485371816,578.1046361926999,472.0478048291719,336.5687701850995,4.497874227291777,4.236497171415236,0.26137705587654114,19.980506896972656,-76.66046142578125,-3.909872055053711,-3.619840383529663,6000
31,6200,SAC,rayleigh,64,0.0003,0.0003,0.0003,64,0.05618078634142876,-5.0,True,velocity,False,True,full,True,162.40262089463644,0.8120131044731822,7.38183721725922,5.295638307658777,2.3257078288175896,20.0,189.11514178993264,669.6937822058399,5.295638307658777,,,46.5141565763518,5.346388509342758,0.48423592023551465,200,267.6590353067984,239.55498830911438,256.7384688906043,228.6079011031081,858.6428359659798,542.6899668903615,205.87179238604574,615.6055482226034,4.440371390094909,4.174858805524989,0.2655125845699198,11.784566879272461,-75.49957275390625,-4.954606056213379,-3.2790255546569824,6200
32,6400,SAC,rayleigh,64,0.0003,0.0003,0.0003,64,0.053699761629104614,-5.0,True,velocity,False,True,full,True,286.8070871301655,1.4340354356508274,7.744914989469325,4.762672801286149,3.1153499695015876,20.0,81.03117653582996,485.5070778882145,4.762672801286149,,,62.306999390031756,5.809233430634546,0.4895087169855833,200,254.69657745852592,319.19869152994295,253.3326426813421,309.3086214434834,771.4923059010376,708.6154559810188,97.43291666589317,170.0471793597324,4.493305914160958,4.141749154399257,0.3515567597617011,20.094234466552734,-79.70654296875,-9.20010757446289,-1.8536447286605835,6400
33,6600,SAC,rayleigh,64,0.0003,0.0003,0.0003,64,0.050889305770397186,-5.0,True,velocity,False,True,full,True,1197.595171166288,5.98797585583144,8.79257838076285,1.8618119281943135,6.930766452568532,12.0,498.38256736155427,756.7966700629627,1.8618119281943135,,,138.61532905137065,5.450111819116761,0.4898970201611519,200,242.5362669453769,346.70341694621845,175.0602320226706,333.95816491074163,236.07276846225224,244.20579460919632,512.5450413540725,104.48631475027877,4.758362829874387,4.226264830101356,0.5320979997730308,21.16034698486328,-86.51130676269531,-7.0173749923706055,-2.6435062885284424,6600
34,6800,SAC,rayleigh,64,0.0003,0.0003,0.0003,64,0.04900705814361572,-5.0,True,velocity,False,True,full,True,760.1586523416954,3.800793261708477,8.309835155509187,2.6384732548302607,5.673962156046132,16.0,474.33776552525467,834.2249898834032,2.6384732548302607,,,113.47924312092265,6.150030321227099,0.49094360165297984,200,308.57406098542526,316.6038657170725,284.4985767773587,294.35400567685053,541.3957759540103,497.43087078195896,491.94918789400106,301.9370187081301,4.819303873141358,4.268844163217379,0.5504597099239792,13.293551445007324,-82.66861724853516,-5.632513999938965,-3.132178544998169,6800
35,7000,SAC,rayleigh,64,0.0003,0.0003,0.0003,64,0.04729937016963959,-5.0,True,velocity,False,True,full,True,314.316072443656,1.5715803622182802,8.524768482384099,6.507549326468602,2.2466311907308625,24.0,126.20570519467523,544.6146383034065,6.507549326468602,,,44.932623814617244,5.853805214674199,0.490831528455019,200,313.86664696197425,332.2837128383004,303.62758408094044,320.92571983600453,457.20500928004515,380.8182746205869,121.32892969913526,480.6419122543363,4.5484214103284915,4.211066649717764,0.33735476061072767,14.208812713623047,-82.3162841796875,-4.805439472198486,-3.424999237060547,7000
36,7200,SAC,rayleigh,64,0.0003,0.0003,0.0003,64,0.04655574634671211,-5.0,True,velocity,False,True,full,True,1051.1093443408024,5.255546721704012,9.181754439142276,3.2230827057170326,5.977295869976789,21.0,382.4196370183521,911.9700868543176,3.2230827057170326,,,119.54591739953578,6.258516134162099,0.4910716200619936,200,316.6811731487657,379.76170137555414,306.6889499712143,379.4350642703178,285.039404099646,190.65887789548302,367.01519704723387,263.2829009229788,4.603238351116956,4.260128572502737,0.34310977861421943,10.738990783691406,-86.1138687133789,1.181758999824524,-5.385293006896973,7200
37,7400,SAC,rayleigh,64,0.0003,0.0003,0.0003,64,0.04627271369099617,-5.0,True,velocity,False,True,full,True,35.6681436434792,0.178340718217396,8.311630538169497,7.818337650199766,1.0611984069920848,29.0,132.4416868600551,372.2961772420678,7.818337650199766,,,21.2239681398417,6.707402231657763,0.4911236638575792,200,365.3356452371778,374.64128234449083,360.79727748336325,373.955091881404,384.3806053426519,147.63684581221565,141.27725647440425,638.0533920933391,4.434119884664551,4.173671000461908,0.2604488842026429,13.644329071044922,-93.19558715820312,0.504400908946991,-5.164131164550781,7400
38,7600,SAC,rayleigh,64,0.0003,0.0003,0.0003,64,0.045157719403505325,-5.0,True,velocity,False,True,full,True,742.9530603131793,3.7147653015658966,8.385867866342547,2.929466830816272,5.466153982205616,21.0,383.2491385788841,888.0265187241984,2.929466830816272,,,109.3230796441123,6.538443717187031,0.49049278035759925,200,286.81406743958445,375.41135601201273,285.5745597124627,374.12410549497605,262.0127964549353,515.9320690514967,373.6314349346632,217.36642792084328,4.502555735360086,4.207683710507795,0.2948720248522907,16.61300277709961,-93.5605239868164,-7.126932144165039,-2.6990065574645996,7600
39,7800,SAC,rayleigh,64,0.0003,0.0003,0.0003,64,0.04373073950409889,-5.0,True,velocity,False,True,full,True,390.33743930553385,1.9516871965276692,7.780156022396442,5.305803255771668,2.7173721211834088,26.0,127.2045066779057,822.5710640662229,5.305803255771668,,,54.347442423668184,5.741515665895451,0.49025845058262346,200,327.5947990866087,310.40945277540874,311.45305269724474,305.25357899577324,776.0132532877449,586.5615618593253,136.49763033816456,360.389189904391,4.422149092914749,4.169470592832811,0.25267850008193804,184.2039337158203,-95.41907501220703,1.3611054420471191,-5.434889316558838,7800
40,8000,SAC,rayleigh,64,0.0003,0.0003,0.0003,64,0.042956531047821045,-5.0,True,velocity,False,True,full,True,-2.884463055059157,-0.014422315275295784,8.398786892323898,10.536428927772603,0.7636489527203798,21.0,12.72760520785197,625.8314762677236,10.536428927772603,,,15.272979054407596,5.4545730281924225,0.49064652130007746,200,236.4327978687629,354.78572334867044,224.51666271472476,353.01426683265674,364.4527640021342,521.2777143200368,29.544373440107183,255.27723984753078,4.190182543062724,4.0843250518300005,0.10585749123272326,156.05838012695312,-93.03947448730469,-3.353227376937866,-3.934615135192871,8000
41,8200,SAC,rayleigh,64,0.0003,0.0003,0.0003,64,0.04154563695192337,-5.0,True,velocity,False,True,full,True,226.77710466013772,1.1338855233006886,8.612837974244234,6.809152024391005,2.143497832701597,21.0,71.02355513968826,466.8385691769096,6.809152024391005,,,42.86995665403194,5.536573821437921,0.49263441748917103,200,235.89880836288896,365.5630905212741,226.8445029337782,358.8097196062169,199.08417702124123,349.55201687682984,85.3485121936921,580.1599385222911,3.988433364375299,4.036987802582966,0.04855443820766725,15.222265243530273,-103.316650390625,-0.018453985452651978,-4.994198799133301,8200
42,8400,SAC,rayleigh,64,0.0003,0.0003,0.0003,64,0.04044470936059952,-5.0,True,velocity,False,True,full,True,638.9282563815789,3.194641281907894,7.645532760086178,3.6483656552344454,4.056572642473242,19.0,122.2998221246004,621.3719157627926,3.6483656552344454,,,81.13145284946484,5.022322913953666,0.4925877010077238,200,187.24886348157415,335.3784212317718,132.71662584795737,320.7640676543977,811.6545975605515,480.7160007696092,129.84869376463493,321.8556070385288,3.9578248528917994,4.037454108294639,0.07962925540283994,15.82801628112793,-96.53160095214844,-2.221832752227783,-4.307339191436768,8400
43,8600,SAC,rayleigh,64,0.0003,0.0003,0.0003,64,0.04003845900297165,-5.0,True,velocity,False,True,full,True,951.4473659554328,4.757236829777164,9.755308937841965,3.461113322233083,6.325043438251765,20.0,317.2648621135135,810.7733499829562,3.461113322233083,,,126.5008687650353,5.803393754130167,0.49399433135986326,200,268.28741364870956,251.62361672168473,212.2692032771314,235.18429289232478,183.56193220729418,194.11753312303696,315.2436568348435,502.8782376649342,3.9283623036200543,4.090653860154107,0.16229155653405236,15.175905227661133,-98.49514770507812,-4.031445503234863,-3.747112274169922,8600
44,8800,SAC,rayleigh,64,0.0003,0.0003,0.0003,64,0.038825880736112595,-5.0,True,velocity,False,True,full,True,794.909840592987,3.974549202964935,8.459939114917432,2.514660173196399,5.963448318054566,29.0,449.3579500091127,979.9293358628789,2.514660173196399,,,119.26896636109133,5.122340761267772,0.48977250449359416,200,156.55358755329885,240.34657768380723,45.858775633702,220.72471108260615,397.26497889310093,504.81238471285087,434.19870480696864,517.1302509946339,4.190934564229794,4.133217370560936,0.05771719366885808,11.343155860900879,-93.10033416748047,0.48697423934936523,-5.149892330169678,8800
45,9000,SAC,rayleigh,64,0.0003,0.0003,0.0003,64,0.03930256515741348,-5.0,True,velocity,False,True,full,True,665.1806228027893,3.3259031140139466,7.773778919073876,2.9540937087137076,4.830565195503977,24.0,626.0549262111327,1129.0914407694984,2.9540937087137076,,,96.61130391007953,6.795031727377173,0.49514170564711096,200,369.0495729051186,325.88435556060364,314.08008353748426,307.6100115723555,643.1139753626835,536.8788765914483,612.870861409557,481.7964744899767,4.302283506527214,4.148713988893003,0.15356951763421112,22.664655685424805,-109.5665283203125,-2.812540292739868,-4.130966663360596,9000
46,9200,SAC,rayleigh,64,0.0003,0.0003,0.0003,64,0.038469620048999786,-5.0,True,velocity,False,True,full,True,268.98246236525443,1.3449123118262722,9.132827281957011,7.379700979709807,2.035033459063581,22.0,114.39321318694138,518.7688590884986,7.379700979709807,,,40.700669181271614,5.152213467720969,0.4911878889799118,200,224.04512421716515,334.45283905640736,198.66049528909187,327.9947923920297,116.93080855297875,366.93199636527345,131.44204742344823,797.8798744815678,4.203991935526537,4.102764412157581,0.1012275233689568,21.7069091796875,-114.42635345458984,-1.178270697593689,-4.6383161544799805,9200
47,9400,SAC,rayleigh,64,0.0003,0.0003,0.0003,64,0.03796180710196495,-5.0,True,velocity,False,True,full,True,369.63238495841307,1.8481619247920653,8.240410093667155,5.983609929048952,2.492456055080758,17.0,153.37445254374705,505.17096789779947,5.983609929048952,,,49.84912110161516,5.600498803867026,0.49137779206037524,200,350.1632463313831,270.37285935623345,344.36427473318656,265.1755073580161,664.4203356327836,377.4687982854514,139.67447141385082,514.1938214847518,4.066986007574995,4.068502532219776,0.0015165246447814695,16.20784568786621,-103.83653259277344,1.0094022750854492,-5.308567047119141,9400
48,9600,SAC,rayleigh,64,0.0003,0.0003,0.0003,64,0.036824632436037064,-5.0,True,velocity,False,True,full,True,726.7926558552904,3.633963279276452,9.010092068034647,4.29192631665222,4.795337236626853,20.0,87.13543279839767,433.88949271179985,4.29192631665222,,,95.90674473253708,6.013884163807724,0.4933126299828291,200,296.2988903565618,297.6836776443059,219.48661430693807,274.8141548509643,88.70809071406212,339.93911704959515,75.84790425796812,319.1918165136285,4.025535784956199,4.0836449218949245,0.058109136938725214,885.0062866210938,-118.6453857421875,1.2539348602294922,-5.3798017501831055,9600
49,9800,SAC,rayleigh,64,0.0003,0.0003,0.0003,64,0.036942679435014725,-5.0,True,velocity,False,True,full,True,764.8278475589268,3.824139237794634,8.054381914449419,2.378999098941524,5.683173152120586,32.0,523.0748461472741,1187.6747822770433,2.378999098941524,,,113.66346304241175,5.991720258722226,0.49442014656960964,200,223.8882793690588,359.7859421821221,177.71222746102134,350.40404461059387,502.0239554243685,591.5710344653656,526.4730325021264,589.4802192875073,3.9929763516470396,4.116288355164836,0.12331200351779659,890.2848510742188,-115.6969985961914,3.4116504192352295,-6.0342793464660645,9800
50,10000,SAC,rayleigh,64,0.0003,0.0003,0.0003,64,0.03660103678703308,-5.0,True,velocity,False,True,full,True,531.9861175773048,2.6599305878865236,9.062991146532172,4.7074016946016775,4.405457251939007,20.0,217.44225358659753,827.5312329389463,4.7074016946016775,5.1483380018805125,5.1483380018805125,88.10914503878016,6.531173304156043,0.4927215809375048,200,345.5504581582155,280.82318697409255,333.0723038174028,277.4725133344906,423.9776679042478,483.2447445012208,206.35817206453223,452.71709191478703,3.950433575627946,4.122071733100319,0.1716381574723731,16.44717025756836,-115.13655090332031,-3.0367629528045654,-4.0818352699279785,10000
51,10200,SAC,rayleigh,64,0.0003,0.0003,0.0003,64,0.03623327612876892,-5.0,True,velocity,False,True,full,True,631.7166985813813,3.158583492906906,8.259729895144806,4.433495460548569,3.9009674825424345,22.0,440.3878468150628,990.8252656918891,4.433495460548569,,5.1483380018805125,78.0193496508487,6.375908032582934,0.49358514323830605,200,363.32425350082025,338.6722477279389,344.9343326338872,330.86736853853705,445.19597529576055,154.22925901855308,422.83911422484044,342.15290509906356,4.029196558314188,4.1177363556383995,0.08853979732421102,10.616804122924805,-111.00723266601562,7.608006000518799,-7.292984962463379,10200
52,10400,SAC,rayleigh,64,0.0003,0.0003,0.0003,64,0.03581421077251434,-5.0,True,velocity,False,True,full,True,496.8863536972012,2.4844317684860058,7.830808693430058,3.5899066874168817,4.328081419108951,23.0,202.59501678144693,737.4677926016604,3.5899066874168817,,5.1483380018805125,86.56162838217904,6.394933255845527,0.4937706899642944,200,163.61855283827413,340.3297226414296,115.3514643750619,314.45324528469484,609.1846089702678,522.0345478890034,187.17652622329274,153.1091711013035,4.089833130794557,4.121781453012833,0.031948322218275926,11.143388748168945,-113.31887817382812,-2.3818488121032715,-4.2845282554626465,10400
53,10600,SAC,rayleigh,64,0.0003,0.0003,0.0003,64,0.036052264273166656,-5.0,True,velocity,False,True,full,True,907.2496041312502,4.5362480206562505,8.824564822570776,3.566861640828413,5.267302863595046,25.0,206.3173693012215,728.510879602477,3.566861640828413,,5.1483380018805125,105.34605727190092,6.288537835648159,0.4938609513640404,200,318.05274717784675,374.0785429072515,312.7276031499037,367.8622867634334,274.90015736036605,111.34490903434776,220.74229375825306,476.431819608192,4.006659951345883,4.1433950645332525,0.13673511318736953,10.909941673278809,-114.54153442382812,2.135704517364502,-5.642764091491699,10600
54,10800,SAC,rayleigh,64,0.0003,0.0003,0.0003,64,0.03540471941232681,-5.0,True,velocity,False,True,full,True,815.0190478184602,4.075095239092301,8.390971402760766,2.9319954860559507,5.459418284820344,17.0,658.0105404571316,1188.169046491732,2.9319954860559507,,5.1483380018805125,109.18836569640688,5.953306018196712,0.49306249655783174,200,304.03501298662155,239.49929078539228,299.6213324365124,134.96534986586815,362.3238473757748,317.66889465406047,667.7816799756922,398.5691346361371,3.995932757784593,4.167765864908939,0.17183310712434618,16.796600341796875,-117.25308990478516,5.400810718536377,-6.616508483886719,10800
55,11000,SAC,rayleigh,64,0.0003,0.0003,0.0003,64,0.03693332523107529,-5.0,True,velocity,False,True,full,True,1104.6334899544659,5.5231674497723295,8.836176362397957,2.0314950415762794,6.811282944365905,17.0,486.69347167416976,879.2835992525642,2.0314950415762794,,5.1483380018805125,136.2256588873181,6.473861408526889,0.49432743549346925,200,337.8241240081129,252.15081895147958,212.61726813363842,234.75968640682942,249.01465727572815,203.1436803393045,504.46716827711356,349.3002276031892,4.224165345466345,4.215829811808156,0.00833553365818851,15.153154373168945,-123.26936340332031,1.3965730667114258,-5.423341274261475,11000
56,11200,SAC,rayleigh,64,0.0003,0.0003,0.0003,64,0.03691073879599571,-5.0,True,velocity,False,True,full,True,778.4576244142203,3.8922881220711014,8.530055203738224,3.8649813368988,4.706373753778673,24.0,533.9805323371526,971.1949501789496,3.8649813368988,,5.1483380018805125,94.12747507557349,6.12235786385888,0.4927270609885454,200,308.4649013665168,371.36874894297785,262.9012824215159,368.26340965236784,490.48835312660606,271.9572906069408,519.7857047361077,500.3160750152578,4.160619239656439,4.22458952505763,0.06397028540119098,722.3831176757812,-132.01925659179688,4.061086177825928,-6.230854034423828,11200
57,11400,SAC,rayleigh,64,0.0003,0.0003,0.0003,64,0.03621000051498413,-5.0,True,velocity,False,True,full,True,-46.791759370139815,-0.23395879685069906,8.166220044750693,7.495230473182146,1.289074232268,28.0,50.53604162401517,722.612981013669,7.495230473182146,,5.1483380018805125,25.78148464536,4.508870102807541,0.4869482220336795,200,165.02961945540153,239.81968430385515,147.2461273921377,222.562437958166,481.34902427776876,507.79218676820847,41.107871754638275,739.8650116386018,4.172013030920235,4.173089256763075,0.0010762258428398397,15.775343894958496,-117.1384048461914,-1.2828141450881958,-4.613415241241455,11400
58,11600,SAC,rayleigh,64,0.0003,0.0003,0.0003,64,0.03512270748615265,-5.0,True,velocity,False,True,full,True,803.219907270226,4.01609953635113,8.498971789156771,3.722495616945127,4.8228225055909615,13.0,667.7742834550961,1051.6209163058131,3.722495616945127,,5.1483380018805125,96.45645011181922,5.98247302966271,0.4925865665078163,200,308.3218523010082,358.6868618022271,259.6198533413903,300.95960088858055,374.1410524959269,243.57135675851492,681.4987510065368,635.041388946712,4.139846457089503,4.184291554156659,0.0444450970671566,13.49489974975586,-121.95111846923828,-0.711357593536377,-4.787574768066406,11600
59,11800,SAC,rayleigh,64,0.0003,0.0003,0.0003,64,0.034723661839962006,-5.0,True,velocity,False,True,full,True,754.9743959125406,3.7748719795627026,7.894919101286484,3.235103673845538,4.6749162941055555,26.0,323.1115015644056,662.2902469418535,3.235103673845538,,5.1483380018805125,93.49832588211113,6.248519190565804,0.49406520418822764,200,312.4179723073713,368.24415308148906,190.970576540918,359.14648303808633,733.4483384432416,402.73554582270873,315.4688683647136,429.21985944912245,4.23772366573561,4.192607227715115,0.0451164380204947,13.157212257385254,-132.01722717285156,-0.42827194929122925,-4.872552871704102,11800
60,12000,SAC,rayleigh,64,0.0003,0.0003,0.0003,64,0.03270692005753517,-5.0,True,velocity,False,True,full,True,415.87795852333653,2.0793897926166824,8.215975106150202,4.743779746416864,3.5972373500329105,23.0,108.19484354595097,442.854093550337,4.743779746416864,,5.1483380018805125,71.9447470006582,5.163457766974366,0.49099734708666803,200,318.5182489220109,158.19139175895523,305.25821164218013,136.57941000683616,738.2621654574413,359.3733354837133,92.87843566462718,369.9792446896949,4.379403085601237,4.182684396420411,0.1967186891808259,756.39892578125,-137.07919311523438,-4.282153129577637,-3.7478325366973877,12000
61,12200,SAC,rayleigh,64,0.0003,0.0003,0.0003,64,0.03164003789424896,-5.0,True,velocity,False,True,full,True,804.2917888843762,4.021458944421881,7.7862924067723975,2.5827732718364933,5.223123119330868,18.0,689.1579908259362,1204.1143702422282,2.5827732718364933,,5.1483380018805125,104.46246238661736,5.927829348169852,0.49457463920116423,200,298.02871701519706,332.2812297513051,232.0764569589602,295.57177035940595,677.6430146058358,499.22154643151845,673.0903665332481,449.69559230235075,4.5333843499327,4.199740768927141,0.3336435810055587,21.324512481689453,-131.96420288085938,-6.3970208168029785,-3.147382974624634,12200
62,12400,SAC,rayleigh,64,0.0003,0.0003,0.0003,64,0.029815921559929848,-5.0,True,velocity,False,True,full,True,221.4392563536577,1.1071962817682885,7.42701000101709,4.975474540490507,2.7151350308482853,23.0,475.44469979614456,1065.0387020469896,4.975474540490507,,5.1483380018805125,54.3027006169657,6.137253933832013,0.4914986754208803,200,313.0140063813717,77.64623171733007,288.59754252350126,68.66739614417533,720.1736761616761,320.29035420892416,465.0498658300375,754.5088654430492,4.466312469351452,4.175795515087159,0.2905169542642936,27.028749465942383,-141.81781005859375,0.259025514125824,-5.073741436004639,12400
63,12600,SAC,rayleigh,64,0.0003,0.0003,0.0003,64,0.02995402179658413,-5.0,True,velocity,False,True,full,True,762.1810869165159,3.8109054345825797,9.067804114327538,4.618865188923539,4.502826368749561,16.0,165.43398169374217,604.4402930642766,4.618865188923539,,5.1483380018805125,90.05652737499123,6.027416113464465,0.4934193231910467,200,285.06213535967106,378.042681148224,257.004130719594,376.3932542892329,144.15454819534872,144.98068272148498,152.46068847918798,60.80734572779941,4.375201615876342,4.180986481018308,0.19421513485803388,10.560168266296387,-129.74386596679688,0.07004763185977936,-5.019968032836914,12600
64,12800,SAC,rayleigh,64,0.0003,0.0003,0.0003,64,0.029922636225819588,-5.0,True,velocity,False,True,full,True,1115.959852153982,5.57979926076991,8.295256707515776,2.0773727246391123,6.224615578093205,18.0,608.2151614902551,1158.8503349192983,2.0773727246391123,,5.1483380018805125,124.49231156186413,5.594782529012462,0.4933693717420101,200,270.9344238516743,353.18524302738354,202.21452477726413,334.74844842097576,587.5168983868284,234.3112223221024,609.8780950855814,290.6896845124679,4.388259978878274,4.212918185660104,0.17534179321816978,692.060791015625,-147.2278289794922,5.663246154785156,-6.613667011260986,12800
65,13000,SAC,rayleigh,64,0.0003,0.0003,0.0003,64,0.031070400029420853,-5.0,True,velocity,False,True,full,True,829.0465140549251,4.145232570274626,9.143920518894674,4.343887762514078,4.806042624643751,16.0,230.59461606630347,679.5643698651038,4.343887762514078,,5.1483380018805125,96.12085249287502,5.7014856122318385,0.4919338021427393,200,255.0117691736821,377.2710245727912,124.37771279474717,376.0415796977312,214.88931223478568,89.62095678379703,243.45744899617245,423.54580411336576,4.387033850335262,4.222043177029083,0.16499067330617923,17.597076416015625,-134.89768981933594,-1.3690024614334106,-4.605620384216309,13000
66,13200,SAC,rayleigh,64,0.0003,0.0003,0.0003,64,0.030198218300938606,-5.0,True,velocity,False,True,full,True,746.3973288550092,3.731986644275046,7.885178909003555,2.9634324087776225,4.92174650022593,16.0,588.1325645392903,989.7617124556875,2.9634324087776225,,5.1483380018805125,98.43493000451859,6.7061374150507564,0.4947651892155409,200,359.90790039419915,353.2585855410509,339.2607490646535,338.10647454200944,632.2360674793782,347.39201478505794,572.8130273739113,515.3449352145522,4.53136950239338,4.232644742532066,0.2987247598613143,11.406856536865234,-141.21051025390625,-0.8491792678833008,-4.757364273071289,13200
67,13400,SAC,rayleigh,64,0.0003,0.0003,0.0003,64,0.030306950211524963,-5.0,True,velocity,False,True,full,True,720.0260029065322,3.600130014532661,9.078359158359211,3.977891620293477,5.119791505931524,33.0,382.3568997369395,1017.15929161995,3.977891620293477,,5.1483380018805125,102.3958301186305,6.57434193265111,0.4895741266012192,200,361.5295506853792,236.18947824005892,325.40895363120137,194.49975717600643,78.80124928893946,291.9520469741213,369.47814062860084,552.5514058391295,4.662736274935918,4.245885739000714,0.41685053593520394,1054.1273193359375,-139.39862060546875,3.928044080734253,-6.1234025955200195,13400
68,13600,SAC,rayleigh,64,0.0003,0.0003,0.0003,64,0.03289618343114853,-5.0,True,velocity,False,True,full,True,449.58374524067165,2.247918726203358,7.6403425585662665,3.760409254251361,3.9246860503621335,14.0,150.22417128387184,447.74400185059125,3.760409254251361,,5.1483380018805125,78.49372100724267,6.531003762054614,0.48846659183502195,200,339.9593829585586,280.1005655663399,329.3443393466104,268.06069502595113,834.7385872985433,409.7033065528519,165.4542193479975,87.25806006209656,4.619203715622682,4.241162214167794,0.3780415014548879,12.058856964111328,-134.6302947998047,-1.4870871305465698,-4.564464569091797,13600
69,13800,SAC,rayleigh,64,0.0003,0.0003,0.0003,64,0.03221563994884491,-5.0,True,velocity,False,True,full,True,745.3048533611422,3.7265242668057112,7.872673101346402,3.3961377803770603,4.529153084142624,24.0,657.4535982847665,1107.777115578595,3.3961377803770603,,5.1483380018805125,90.5830616828525,5.8270981181185535,0.49508583039045334,200,244.4711585993713,379.53526794111986,203.61109089436917,378.72874655754947,612.5022286772045,398.2164324831011,642.785997451879,315.09654307294664,4.561502712223783,4.245335994892067,0.31616671733171575,14.7462158203125,-144.48779296875,-3.9568636417388916,-3.848039388656616,13800
70,14000,SAC,rayleigh,64,0.0003,0.0003,0.0003,64,0.03182025998830795,-5.0,True,velocity,False,True,full,True,877.5283351430033,4.387641675715017,8.595422708594235,2.539662505208494,6.061318171537191,23.0,580.2892695563535,898.8424351807002,2.539662505208494,,5.1483380018805125,121.22636343074382,5.7953826565293705,0.494391758069396,200,293.98917440171886,230.0495646178167,225.54514628767566,202.38604462249464,172.51067999764956,375.84131028462906,591.102651826814,84.50724512665849,4.644295758203693,4.271278597415569,0.3730171607881241,17.5450382232666,-148.0949249267578,-3.1219019889831543,-4.0944037437438965,14000
71,14200,SAC,rayleigh,64,0.0003,0.0003,0.0003,64,0.03062262199819088,-5.0,True,velocity,False,True,full,True,92.72235291688752,0.4636117645844376,7.77418845029212,6.549792557113485,1.726580542717704,22.0,43.38171607080001,567.2651834793144,6.549792557113485,,5.1483380018805125,34.53161085435408,6.237741438789286,0.48079732067883013,200,288.2399997861684,361.7641348418702,264.3953975807021,352.7366835889571,610.725209817427,528.4267341785663,36.460131278048976,129.6922482379455,4.535576411212455,4.235437779743769,0.3001386314686858,17.96404457092285,-146.12200927734375,0.72496497631073,-5.207963943481445,14200
72,14400,SAC,rayleigh,64,0.0003,0.0003,0.0003,64,0.030526094138622284,-5.0,True,velocity,False,True,full,True,882.7201507666007,4.413600753833004,8.29801581069464,3.2002295668424243,5.101948693572032,21.0,211.70181388238495,683.6605014009418,3.2002295668424243,,5.1483380018805125,102.03897387144065,5.513436691101186,0.4907955168187618,200,281.49978325877703,335.06860638804403,216.05470458080075,316.5328714202122,635.9059479342278,295.02324450184074,213.96660050207106,437.9663611530577,4.57426977493561,4.247472653546939,0.3267971213886707,14.253633499145508,-137.51934814453125,-8.144515037536621,-2.6655640602111816,14400
73,14600,SAC,rayleigh,64,0.0003,0.0003,0.0003,64,0.03026263229548931,-5.0,True,velocity,False,True,full,True,1101.631984534526,5.50815992267263,9.260362496535448,2.7670209172882525,6.493607092958229,23.0,458.9074267301726,879.7642470690338,2.7670209172882525,,5.1483380018805125,129.87214185916457,5.862746455989643,0.4870071377977729,200,299.3227086312454,307.90048376307175,261.2691302429326,234.9135420497188,255.4944179236868,298.0758284835206,453.735841260599,499.73621679550257,4.635584986403769,4.278241618470381,0.35734336793338795,396.7237548828125,-160.11224365234375,-1.1945993900299072,-4.658451080322266,14600
74,14800,SAC,rayleigh,64,0.0003,0.0003,0.0003,64,0.028439708054065704,-5.0,True,velocity,False,True,full,True,788.391777078679,3.9419588853933947,7.9489397840835965,2.3846547229930475,5.57195671654757,27.0,545.9323611502159,1036.8505235426958,2.3846547229930475,,5.1483380018805125,111.4391343309514,5.729528003970651,0.4947129027545452,200,279.9289409934888,257.2158798880952,128.5732504982626,251.1738527071464,621.2076515454507,320.1620987364895,535.3444673680345,447.02013882805346,4.64121190799013,4.295724254930883,0.345487653059247,52.087493896484375,-148.44223022460938,-2.36531925201416,-4.335558891296387,14800
75,15000,SAC,rayleigh,64,0.0003,0.0003,0.0003,64,0.028621667996048927,-5.0,True,velocity,False,True,full,True,458.8793958361171,2.2943969791805854,7.960921523338903,4.586961330958409,3.4854819081667316,25.0,318.65549303188834,844.029734544838,4.586961330958409,,5.1483380018805125,69.70963816333463,5.120737254176909,0.4910400029271841,200,150.7806950741126,376.3764333173891,52.63138933587421,373.4062069099999,519.2306612436948,502.85412274461675,315.3237463846876,542.5852797334965,4.474921856180172,4.2849210236406945,0.19000083253947775,8.89558219909668,-149.9451141357422,5.898170471191406,-6.659667015075684,15000
76,15200,SAC,rayleigh,64,0.0003,0.0003,0.0003,64,0.029496265575289726,-5.0,True,velocity,False,True,full,True,493.97853361652056,2.4698926680826028,7.301984095022656,3.27030529795503,4.089411427723065,20.0,486.4412590077139,1092.3889512031392,3.27030529795503,,5.1483380018805125,81.7882285544613,6.252416104785053,0.49215154923498633,200,251.44471072815097,380.5650205162462,190.44732317177915,380.41189883008786,993.2141252225392,630.0244838296976,470.8565327591303,180.28210191830473,4.444073739877392,4.282348528957567,0.1617252109198244,11.02939510345459,-156.63397216796875,-0.4710026979446411,-4.866325378417969,15200
77,15400,SAC,rayleigh,64,0.0003,0.0003,0.0003,64,0.028793489560484886,-5.0,True,velocity,False,True,full,True,337.51335597843325,1.6875667798921663,8.462690870274628,6.054413067633475,2.5840858422622652,19.0,63.5578907830347,597.6168213547106,6.054413067633475,,5.1483380018805125,51.681716845245305,5.509458943702409,0.4819691060297191,200,285.4369445618553,324.1920569769832,227.27704184208147,315.44669781076396,543.6535053534415,501.1638356499601,69.29759740579306,285.9522506657973,4.508824320377106,4.2602931693900965,0.2485311509870094,14.03757095336914,-147.35000610351562,0.7942200899124146,-5.223875045776367,15400
78,15600,SAC,rayleigh,64,0.0003,0.0003,0.0003,64,0.027833277359604836,-5.0,True,velocity,False,True,full,True,394.59850392976347,1.9729925196488174,8.362073357036769,5.585739570601343,2.913725516368311,25.0,67.07674337237928,528.3024038096199,5.585739570601343,,5.1483380018805125,58.27451032736622,4.748023946353254,0.4836359690222889,200,235.6064671853245,270.56661564392306,121.48583348245354,241.7225678629779,505.7641412803368,649.2780686922491,52.216292737295014,283.5135108232143,4.413369470915972,4.243029481530842,0.1703399893851305,19.788921356201172,-149.8333740234375,7.6525163650512695,-7.136419296264648,15600
79,15800,SAC,rayleigh,64,0.0003,0.0003,0.0003,64,0.02761836349964142,-5.0,True,velocity,False,True,full,True,1202.5317070935496,6.0126585354677475,8.901684155933484,2.190291474368436,6.711392681565045,11.0,518.3293889293365,972.3982219046106,2.190291474368436,,5.1483380018805125,134.2278536313009,6.061468101365968,0.49563611023128035,200,316.7242126810093,354.34888021127153,120.42557215600041,323.92473323057465,302.03171819600107,177.5443298006433,501.50257117372524,368.1250622924924,4.515193290288947,4.274274585328743,0.24091870496020373,185.36126708984375,-157.49874877929688,7.312648773193359,-7.0371904373168945,15800
80,16000,SAC,rayleigh,64,0.0003,0.0003,0.0003,64,0.027578402310609818,-5.0,True,velocity,False,True,full,True,833.5873114576268,4.167936557288134,7.745657588235161,2.824461220575352,4.936443052824729,16.0,956.1154025066523,1334.779575883903,2.824461220575352,,5.1483380018805125,98.7288610564946,6.5027631361438925,0.4945373491197824,200,356.3979227812788,366.2701502871036,314.7961955711536,364.06949851252267,570.6922135336162,349.1792649165908,944.6309903243595,291.7986860942833,4.582153575428538,4.2825516911724435,0.29960188425609413,10.944137573242188,-151.3250274658203,4.305656433105469,-6.199093341827393,16000
81,16200,SAC,rayleigh,64,0.0003,0.0003,0.0003,64,0.02594675123691559,-5.0,True,velocity,False,True,full,True,259.0720516052712,1.2953602580263561,8.122801634113848,6.2314298251157405,2.064378311733397,24.0,118.42258730181267,576.0219091986097,6.2314298251157405,,5.1483380018805125,41.287566234667935,5.896444937661394,0.4689197409152985,200,303.57148090772336,348.5885581865579,295.4689113470743,318.81942579989345,514.4655884030706,340.41422598438504,132.47304645758004,558.0183011066601,4.424216335048664,4.255166834636158,0.16904950041250544,844.2896728515625,-155.7649383544922,-8.961934089660645,-2.5455400943756104,16200
82,16400,SAC,rayleigh,64,0.0003,0.0003,0.0003,64,0.025405118241906166,-5.0,True,velocity,False,True,full,True,446.3317328859361,2.2316586644296805,7.5721032111498765,4.156076162397926,3.465261180319959,24.0,455.53682339694313,803.5161584605717,4.156076162397926,,5.1483380018805125,69.30522360639918,5.213867269343259,0.4668836862128228,200,180.110002755357,370.9117538271375,94.75378114450477,338.41697773699457,826.1978339790084,591.7631845809804,447.59729997086737,352.9133001456687,4.461722642522248,4.245533838851815,0.21618880367043314,12.809988975524902,-157.7925567626953,-2.798933744430542,-4.2379326820373535,16400
83,16600,SAC,rayleigh,64,0.0003,0.0003,0.0003,64,0.025307297706604004,-5.0,True,velocity,False,True,full,True,300.1257819250097,1.5006289096250485,7.54853858401866,4.681856043916837,3.010331407285115,23.0,548.2645475583607,1032.039298141434,4.681856043916837,,5.1483380018805125,60.2066281457023,5.321763995931506,0.4759344391524792,200,234.14926748329663,304.9725036214922,135.1788764222842,295.9780113746266,907.0860665526889,552.6855871150352,545.7815777518697,707.8572365963576,4.387097894449025,4.230651881844986,0.15644601260403856,11.067480087280273,-160.23660278320312,1.1782474517822266,-5.320462703704834,16600
84,16800,SAC,rayleigh,64,0.0003,0.0003,0.0003,64,0.0244726724922657,-5.0,True,velocity,False,True,full,True,458.5582992907379,2.2927914964536895,8.076010347879953,4.277809548734989,3.8423722727827636,20.0,294.88218041089544,868.417769013782,4.277809548734989,,5.1483380018805125,76.84744545565526,6.42083140583022,0.49346719980239867,200,343.1341682724834,249.89842692047782,307.01239037504865,233.1591367378512,545.077652951685,347.0694833445442,277.2819493807805,494.10729288641755,4.267985729183503,4.226029505546627,0.04195622363687601,15.996033668518066,-151.7801971435547,5.896502494812012,-6.589118003845215,16800
85,17000,SAC,rayleigh,64,0.0003,0.0003,0.0003,64,0.025092246010899544,-5.0,True,velocity,False,True,full,True,384.64248953290183,1.9232124476645092,8.935127453936218,6.5181014244606414,2.5444777277862713,27.0,90.8731257553301,534.6495082533472,6.5181014244606414,,5.1483380018805125,50.88955455572543,5.401177151034939,0.4780065601109527,200,219.6042503924484,358.9394559725969,85.25689304386248,354.0109441044222,323.5931795789457,87.90828715406558,88.03313915039625,305.0951148821682,4.154907484340629,4.206246543455329,0.05133905911470027,1163.61474609375,-149.02957153320312,3.7683799266815186,-6.022506237030029,17000
86,17200,SAC,rayleigh,64,0.0003,0.0003,0.0003,64,0.024922246113419533,-5.0,True,velocity,False,True,full,True,358.0717705982008,1.7903588529910042,7.349235435788383,3.4229075791806176,4.017073199809302,25.0,228.63697281314967,675.883570027275,3.4229075791806176,,5.1483380018805125,80.34146399618605,5.852018727753297,0.4560490172728896,200,172.90360404638344,265.3235149752014,127.18545109830713,102.84422637265065,870.7975052999325,708.8358674592087,212.0937188453838,487.0380985741317,4.109673819319799,4.204046853412933,0.09437303409313458,1487.434814453125,-152.9745635986328,-1.6439697742462158,-4.554701805114746,17200
87,17400,SAC,rayleigh,64,0.0003,0.0003,0.0003,64,0.024337919428944588,-5.0,True,velocity,False,True,full,True,763.134629416208,3.81567314708104,9.981921303465176,5.564980389656603,4.463248198537155,25.0,183.8210043647791,699.7118667589842,5.564980389656603,,5.1483380018805125,89.26496397074312,5.63643519597896,0.4822397615807131,200,279.41221376337245,341.6250561262512,113.95678008613228,334.63503935457385,226.11292413996648,91.35673435762787,188.91427512037447,390.4445919233344,4.07684665395008,4.207026179218959,0.1301795252688791,18.52646255493164,-150.38095092773438,-1.7379018068313599,-4.532253265380859,17400
88,17600,SAC,rayleigh,64,0.0003,0.0003,0.0003,64,0.024855341762304306,-5.0,True,velocity,False,True,full,True,476.4923873706363,2.3824619368531814,8.069664610180642,4.999934172144954,3.189757889732516,17.0,217.17714159130267,687.1182471693979,4.999934172144954,,5.1483380018805125,63.795157794650315,5.600579629795715,0.47559035050217063,200,254.5951762522488,354.54716989264296,166.33357952307637,336.2908812789858,636.3151580602307,496.2468868999423,207.07600757659125,562.7171867031967,4.040100245918599,4.195466312292978,0.15536606637437878,15.236433029174805,-148.69363403320312,-3.6601674556732178,-4.009282112121582,17600
89,17800,SAC,rayleigh,64,0.0003,0.0003,0.0003,64,0.025023315101861954,-5.0,True,velocity,False,True,full,True,1026.1064549749779,5.13053227487489,9.396605424644456,3.6633400290289906,5.772552558638335,19.0,197.33049956937361,635.2103779054039,3.6633400290289906,,5.1483380018805125,115.45105117276671,5.523205076298165,0.48628997735679147,200,249.23419176537746,347.02437212188727,139.27761131457422,308.0647182715162,203.15705138139924,330.169071479284,205.87682774671384,91.48287514605592,4.102270219643385,4.213186382476633,0.11091616283324779,1577.0703125,-155.71630859375,-1.0599101781845093,-4.712592601776123,17800
90,18000,SAC,rayleigh,64,0.0003,0.0003,0.0003,64,0.025338711217045784,-5.0,True,velocity,False,True,full,True,785.6454587491073,3.9282272937455365,7.998295961461707,3.4552394896005745,4.6044283777635355,21.0,781.4446221443759,1254.5892354691514,3.4552394896005745,,5.1483380018805125,92.08856755527071,5.826026160876212,0.4958423285186291,200,342.98777032414995,294.9951837896308,283.757360968945,288.2375500444466,747.8127914501586,563.0014022260533,765.3072318888048,402.5340920056306,4.029425729954702,4.217533515757599,0.188107785802897,23.853641510009766,-162.63201904296875,-0.3808385729789734,-4.896383762359619,18000
91,18200,SAC,rayleigh,64,0.0003,0.0003,0.0003,64,0.025626536458730698,-5.0,True,velocity,False,True,full,True,641.6625633962875,3.2083128169814374,8.161982484164716,3.490727383990992,4.714267738221802,25.0,256.3706364023837,850.1042945210697,3.490727383990992,,5.1483380018805125,94.28535476443606,5.999315841284435,0.4955905629694462,200,298.7868534822278,248.82171274173675,226.50634182273996,228.53418217206817,384.80475629003604,276.6723290812752,242.21126342285353,558.6470391734382,4.178810089729907,4.222992133586875,0.044182043856968,462.3848876953125,-157.01307678222656,-0.1307048350572586,-4.964328765869141,18200
92,18400,SAC,rayleigh,64,0.0003,0.0003,0.0003,64,0.026252547279000282,-5.0,True,velocity,False,True,full,True,912.2799323579967,4.5613996617899835,8.72301795817079,2.8974953741832956,5.8255225839875,27.0,383.72440184263394,891.670324261481,2.8974953741832956,,5.1483380018805125,116.51045167974999,6.515530485109334,0.49465197198092936,200,362.0181374246638,336.5432566259663,340.18696331946,288.71123600131006,320.35701024804996,134.26429668496877,367.61837164733447,398.2003059079216,4.21498878425068,4.24041094283036,0.025422158579679888,14.80748176574707,-168.59495544433594,4.672325611114502,-6.283546447753906,18400
93,18600,SAC,rayleigh,64,0.0003,0.0003,0.0003,64,0.027233537286520004,-5.0,True,velocity,False,True,full,True,3.535522237669535,0.017677611188347674,7.71287668133853,7.137608983464314,1.2707599569547152,24.0,73.49028620982072,503.4902760510394,7.137608983464314,,5.1483380018805125,25.41519913909431,6.660072625006835,0.45452307145111265,200,257.61825162047194,379.04169881610227,227.32725287656518,371.95553891634916,747.209321567308,576.4219268643664,80.48376694564489,372.59029418594224,3.9538464274505047,4.20847921179944,0.2546327843489351,403.805908203125,-176.0166473388672,2.659083843231201,-5.737893104553223,18600
94,18800,SAC,rayleigh,64,0.0003,0.0003,0.0003,64,0.02783408761024475,-5.0,True,velocity,False,True,full,True,267.9577403092461,1.3397887015462304,8.182957125639808,4.891973203705414,3.411033724745267,22.0,296.2320038221418,792.2272070869685,4.891973203705414,,5.1483380018805125,68.22067449490534,5.252209024779269,0.49096224024891855,200,201.3081692947513,206.5503627240373,104.68127063441726,59.61008187449818,426.8462938369906,452.4119809310032,284.55356264741243,589.4050665411335,3.84580027786039,4.199995749171204,0.35419547131081375,12.804241180419922,-159.202392578125,-3.324958086013794,-4.071568489074707,18800
95,19000,SAC,rayleigh,64,0.0003,0.0003,0.0003,64,0.02778114192187786,-5.0,True,velocity,False,True,full,True,744.7101729697405,3.7235508648487023,9.397729898476634,5.07174673250698,4.3726818507996175,21.0,136.0547139914615,822.9070157030957,5.07174673250698,,5.1483380018805125,87.45363701599234,5.427226583983156,0.48982278648763894,200,279.50394274404454,319.4513396651302,138.4565563528168,314.7993141740895,159.51036037000208,276.619153524437,124.71964522231013,334.79268234729665,3.8901602749920334,4.201813497609398,0.3116532226173643,14.675666809082031,-155.7642364501953,0.9971612095832825,-5.278275012969971,19000
96,19200,SAC,rayleigh,64,0.0003,0.0003,0.0003,64,0.029122348874807358,-5.0,True,velocity,False,True,full,True,769.7595334813868,3.848797667406934,8.301256024923791,2.7381387496945546,5.5680925632862035,20.0,540.5090491220592,987.5203026657462,2.7381387496945546,,5.1483380018805125,111.3618512657241,6.815191828654199,0.4970010920614004,200,379.23334503596925,175.52194404728473,378.64525716229537,123.97624793801826,679.0904951698146,308.041004403788,536.2489316531218,283.5222834057572,3.96409433177019,4.216045571210198,0.2519512394400074,18.632732391357422,-164.5236053466797,6.765437126159668,-6.912909030914307,19200
97,19400,SAC,rayleigh,64,0.0003,0.0003,0.0003,64,0.028638357296586037,-5.0,True,velocity,False,True,full,True,517.7915525994205,2.5889577629971026,8.70802043214658,4.957770418036162,3.8862096870912626,29.0,69.21159141935911,446.99348420097164,4.957770418036162,,5.1483380018805125,77.72419374182525,5.550431898308034,0.4801677317917347,200,270.6970815202144,179.40908471678895,218.33290838703311,177.0035337843241,373.9195954727117,364.21233882637677,58.40316107592641,217.34335514012707,4.029200524011641,4.212645201270827,0.18344467725918623,69.72285461425781,-156.82313537597656,1.4449752569198608,-5.406682014465332,19400
98,19600,SAC,rayleigh,64,0.0003,0.0003,0.0003,64,0.0283218901604414,-5.0,True,velocity,False,True,full,True,301.8103286195518,1.509051643097759,7.909967552070495,5.884259147210222,2.2190840357569974,17.0,126.68333193753647,536.8454626745581,5.884259147210222,,5.1483380018805125,44.38168071513996,5.013852414592031,0.450728666651994,200,295.05313382929336,255.76476170123766,271.35381903241876,198.30778222915572,645.5371933510526,333.9062214885872,143.8559457641613,565.4947071592642,3.994468449981074,4.192302740398237,0.1978342904171626,16.440141677856445,-163.89268493652344,-10.383057594299316,-2.0864417552948,19600
99,19800,SAC,rayleigh,64,0.0003,0.0003,0.0003,64,0.028197290375828743,-5.0,True,velocity,False,True,full,True,342.0192696798791,1.7100963483993954,8.068837495962999,4.916118781483731,3.2406954869117426,21.0,253.066207011963,804.6350545878927,4.916118781483731,,5.1483380018805125,64.81390973823486,5.818116395530675,0.46990701675415036,200,279.01111310086617,202.19459219422583,224.1894323310016,121.98353987470753,666.5185217937644,439.8648924142996,262.1933565804139,693.5987694456198,3.8209335902484094,4.182690545918575,0.36175695567016586,842.79833984375,-157.3658447265625,0.8932863473892212,-5.250326633453369,19800
100,20000,SAC,rayleigh,64,0.0003,0.0003,0.0003,64,0.027892906218767166,-5.0,True,velocity,False,True,full,True,745.9651264149555,3.729825632074778,7.887135478993076,2.430164619901024,5.469058831168371,16.0,1056.5623607843147,1394.636956796908,2.430164619901024,3.2839324161735624,3.2839324161735624,109.38117662336742,6.440798246618117,0.4963831701874733,200,339.9307923258995,182.90275452295936,286.6338856966117,154.89940769449214,651.6257095720922,89.69605483084358,1044.6066036411205,651.515101194429,3.847564379165591,4.195554228771074,0.3479898496054825,722.802001953125,-178.50253295898438,2.7662346363067627,-5.7727952003479,20000
