episode,agent,policy_loss,value_loss,entropy,approx_kl,grad_norm,reward_mean,reward_std
6,bs_beamformer,-2.8335489332675934e-08,7.873251152038574,56.78161354064942,0.0,11.945441722869873,-0.1232748031616211,0.7643784284591675
6,uav_trajectory,2.0954757928848267e-08,4.427120304107666,21.298135185241698,0.0,23.892266273498535,-0.11321698129177094,0.776077389717102
6,jammer_beamformer,-3.119930624961853e-08,3.040877366065979,56.75608177185059,0.0,10.595916938781738,-0.10136352479457855,0.7723564505577087
7,bs_beamformer,-6.901100277900695e-08,6.247226548194885,56.79484977722168,0.0,34.680936622619626,-0.2571716904640198,0.8782796263694763
7,uav_trajectory,9.746290743350983e-08,4.688451862335205,21.308370780944824,0.0,36.81753692626953,-0.22591225802898407,0.8938484191894531
7,jammer_beamformer,-1.4174729585647582e-07,10.600903654098511,56.74098243713379,0.0,43.40860233306885,-0.2711002826690674,0.8734254240989685
8,bs_beamformer,-2.577435225248337e-08,9.076968050003051,56.82597465515137,0.0,42.084815216064456,-0.15850916504859924,0.9476383924484253
8,uav_trajectory,7.213093340396881e-08,7.637615203857422,21.322551345825197,0.0,50.17728805541992,-0.10224263370037079,0.9381303787231445
8,jammer_beamformer,-1.671724021434784e-08,10.730926609039306,56.77154808044433,0.0,49.83861770629883,-0.1533554196357727,0.9126250147819519
9,bs_beamformer,7.729977369308472e-09,6.504504585266114,56.86324768066406,0.0,30.00542573928833,-0.030965648591518402,0.9205784201622009
9,uav_trajectory,-3.231689333915711e-08,5.0405316829681395,21.317776107788085,0.0,41.13124084472656,-0.07100526243448257,0.9209553003311157
9,jammer_beamformer,-7.301568984985352e-08,5.314727020263672,56.796269226074216,0.0,24.1591157913208,-0.13767732679843903,0.8833454847335815
10,bs_beamformer,-2.048909664154053e-09,6.996691799163818,56.87141647338867,0.0,21.570694351196288,-0.0006341757252812386,0.9409050941467285
10,uav_trajectory,5.173496901988983e-08,4.7589398384094235,21.293812561035157,0.0,43.290164184570315,-0.09243474155664444,0.956890344619751
10,jammer_beamformer,-5.159527063369751e-08,4.8180766105651855,56.77381019592285,0.0,13.684614944458009,-0.09130246192216873,0.8785747289657593
11,bs_beamformer,-1.8626451492309571e-10,5.253085613250732,56.83396759033203,0.0,14.999067497253417,0.047282710671424866,0.9386801719665527
11,uav_trajectory,4.563480615615845e-09,8.74667148590088,21.25609931945801,0.0,66.64544525146485,0.056285303086042404,0.9207360148429871
11,jammer_beamformer,-2.1047890186309816e-08,8.86349868774414,56.719561386108396,0.0,31.72037010192871,0.049952566623687744,0.9073143005371094
12,bs_beamformer,2.2444874048233034e-08,6.780122518539429,56.75402183532715,0.0,17.983676719665528,0.11012398451566696,0.8684146404266357
12,uav_trajectory,4.568137228488922e-08,6.55655951499939,21.209191513061523,0.0,76.05656204223632,0.07117488235235214,0.912771463394165
12,jammer_beamformer,-2.9581133276224136e-08,8.036039543151855,56.650093460083006,0.0,19.89898090362549,0.058069806545972824,0.9253915548324585
13,bs_beamformer,-1.1932570487260818e-08,8.340419292449951,56.6474365234375,0.0,19.82055206298828,0.1398889124393463,0.90911865234375
13,uav_trajectory,1.0128132998943329e-08,7.148556804656982,21.159237670898438,0.0,102.55798568725587,0.10268688201904297,0.9355278015136719
13,jammer_beamformer,-6.7055225372314455e-09,5.045922470092774,56.55262489318848,0.0,38.65417900085449,0.08520948886871338,0.8866937160491943
14,bs_beamformer,4.0419399738311766e-08,5.445610570907593,56.533507919311525,0.0,37.11425132751465,0.14445555210113525,0.8481559753417969
14,uav_trajectory,9.434297680854797e-08,8.956580257415771,21.109304237365723,0.0,129.0226577758789,0.16753526031970978,0.8609618544578552
14,jammer_beamformer,3.0035153031349183e-09,6.481234931945801,56.42146377563476,0.0,44.51981887817383,0.1524932086467743,0.8947070837020874
15,bs_beamformer,-1.9837170839309692e-07,8.135272407531739,56.39469451904297,0.0,36.798711967468265,0.2746429741382599,0.806689441204071
15,uav_trajectory,-4.7031790018081665e-08,5.924789333343506,21.058258056640625,0.0,143.33353271484376,0.2278759479522705,0.8465902805328369
15,jammer_beamformer,-8.200295269489288e-08,5.490138530731201,56.27877197265625,0.0,60.31143074035644,0.17630815505981445,0.8583070039749146
16,bs_beamformer,-4.5169144868850705e-09,3.9096303224563598,56.25521659851074,0.0,78.16179122924805,0.25436997413635254,0.8468790054321289
16,uav_trajectory,-4.0791928768157956e-08,4.90582308769226,21.014488410949706,0.0,199.01394653320312,0.1900460124015808,0.8694366216659546
16,jammer_beamformer,-1.816079020500183e-08,9.360985279083252,56.12701950073242,0.0,75.61959686279297,0.20760086178779602,0.8875747919082642
17,bs_beamformer,7.580965757369996e-08,6.213375663757324,56.0971492767334,0.0,88.8453239440918,0.34814688563346863,0.7713505625724792
17,uav_trajectory,-1.6600824892520904e-08,4.2693428039550785,20.967614364624023,0.0,218.71133422851562,0.25520461797714233,0.8267965912818909
17,jammer_beamformer,-2.3981556296348572e-08,6.093037796020508,55.96320495605469,0.0,84.52323303222656,0.2589675188064575,0.9147343635559082
18,bs_beamformer,-7.324852049350739e-08,3.9724657773971557,55.92743034362793,0.0,113.9279571533203,0.34991586208343506,0.7830504775047302
18,uav_trajectory,-6.398186087608338e-08,6.18172025680542,20.922358322143555,0.0,216.0643310546875,0.30966508388519287,0.7411718368530273
18,jammer_beamformer,1.253560185432434e-07,4.815675210952759,55.80740394592285,0.0,245.8958267211914,0.2634105086326599,0.8512982130050659
19,bs_beamformer,-9.12696123123169e-09,5.175812721252441,55.754766845703124,0.0,66.41302490234375,0.3261566460132599,0.7666937708854675
19,uav_trajectory,-5.913898348808288e-09,5.634376811981201,20.87257537841797,0.0,241.30939483642578,0.28499269485473633,0.7521315217018127
19,jammer_beamformer,1.123175024986267e-07,8.971337699890137,55.679430389404295,0.0,271.74588775634766,0.26406094431877136,0.8275671601295471
20,bs_beamformer,-1.1003576219081879e-07,4.1673116207122805,55.596100616455075,0.0,151.46058502197266,0.35778331756591797,0.7400559186935425
20,uav_trajectory,-1.6046687960624696e-07,3.4621129989624024,20.82248249053955,0.0,350.3807739257812,0.2759949862957001,0.8034011721611023
20,jammer_beamformer,-5.492474883794785e-08,3.6235301971435545,55.56319923400879,0.0,98.3738021850586,0.29571670293807983,0.8061190247535706
21,bs_beamformer,1.2088567018508912e-07,6.394453716278076,55.460462188720705,0.0,131.1142578125,0.3636470437049866,0.72320556640625
21,uav_trajectory,4.549510776996613e-08,9.445669174194336,20.769692802429198,0.0,423.0418701171875,0.35208332538604736,0.6736347079277039
21,jammer_beamformer,3.519468009471893e-07,6.60905704498291,55.429086685180664,0.0,334.04541015625,0.3664027750492096,0.747866153717041
22,bs_beamformer,-8.298084139823913e-08,4.953305053710937,55.3583122253418,0.0,177.44617919921876,0.36935529112815857,0.7004579305648804
22,uav_trajectory,2.6617199182510377e-07,3.2062721490859984,20.71237964630127,0.0,423.3049591064453,0.32653355598449707,0.6863788962364197
22,jammer_beamformer,4.682224243879318e-08,6.862605428695678,55.338392639160155,0.0,590.9421752929687,0.3647538125514984,0.7200345396995544
23,bs_beamformer,-2.5564804673194885e-07,4.300263786315918,55.24793395996094,0.0,432.3309326171875,0.38657528162002563,0.6896061301231384
23,uav_trajectory,3.280583769083023e-08,4.18208680152893,20.651081848144532,0.0,565.6334014892578,0.3348039984703064,0.7023150324821472
23,jammer_beamformer,1.3597309589385986e-07,3.0963069915771486,55.25422706604004,0.0,362.9826599121094,0.30734801292419434,0.7570636868476868
24,bs_beamformer,3.754394128918648e-08,6.493573236465454,55.16252326965332,0.0,254.9954849243164,0.3179304003715515,0.7742001414299011
24,uav_trajectory,-2.8265640139579774e-08,2.919246554374695,20.593830108642578,0.0,432.2578948974609,0.3087567687034607,0.6772937774658203
24,jammer_beamformer,9.182840585708618e-08,4.812987470626831,55.11120796203613,0.0,150.5801803588867,0.3415243625640869,0.7095838189125061
25,bs_beamformer,-3.523891791701317e-08,6.542512464523315,55.03639526367188,0.0,445.0793853759766,0.32544589042663574,0.6870874762535095
25,uav_trajectory,-2.9476359486579894e-08,6.941278076171875,20.533732604980468,0.0,587.4912292480469,0.2873808741569519,0.7508223652839661
25,jammer_beamformer,-5.2480027079582216e-08,4.703295707702637,54.93232650756836,0.0,188.9766845703125,0.3216909170150757,0.7268210649490356
26,bs_beamformer,1.0416842997074127e-07,7.281002140045166,54.93832893371582,0.0,778.3763061523438,0.3239094913005829,0.6997596025466919
26,uav_trajectory,-1.491513103246689e-07,3.554869866371155,20.477985191345216,0.0,572.9309356689453,0.2710137367248535,0.7369641065597534
26,jammer_beamformer,7.810303941369056e-08,3.6616081476211546,54.774635314941406,0.0,361.0405609130859,0.26762062311172485,0.7074615955352783
27,bs_beamformer,9.743962436914444e-08,3.7679008722305296,54.86423530578613,0.0,268.0785873413086,0.334834486246109,0.6585047245025635
27,uav_trajectory,-9.112991392612457e-08,4.754144334793091,20.41968936920166,0.0,735.5052185058594,0.249618262052536,0.7174606919288635
27,jammer_beamformer,2.5099143385887145e-08,6.838039588928223,54.63111915588379,0.0,221.11066589355468,0.33318740129470825,0.6724717020988464
28,bs_beamformer,-2.789311110973358e-07,4.367897367477417,54.74230880737305,0.0,312.0776763916016,0.3587256371974945,0.6309186220169067
28,uav_trajectory,-6.05359673500061e-08,4.072662115097046,20.367474937438963,0.0,807.410009765625,0.2738970220088959,0.6945933699607849
28,jammer_beamformer,1.2046657502651214e-07,2.7830598831176756,54.484452438354495,0.0,373.283381652832,0.30005353689193726,0.6857388615608215
29,bs_beamformer,6.947666406631469e-08,3.7424185514450072,54.5991756439209,0.0,776.12939453125,0.3373485803604126,0.6027522683143616
29,uav_trajectory,3.064051270484924e-08,4.8550599098205565,20.314278221130373,0.0,832.9123046875,0.2899324297904968,0.6915552020072937
29,jammer_beamformer,7.031485438346863e-08,2.5853949069976805,54.353614044189456,0.0,450.0848190307617,0.32723569869995117,0.5799736380577087
30,bs_beamformer,-5.0733797252178193e-08,5.6329357624053955,54.48753700256348,0.0,563.247265625,0.35466107726097107,0.5822793245315552
30,uav_trajectory,8.596107363700866e-08,3.8202754259109497,20.25855884552002,0.0,806.503271484375,0.2920600473880768,0.6575627326965332
30,jammer_beamformer,1.4030374586582184e-07,4.933590888977051,54.203891372680665,0.0,952.85341796875,0.3339098393917084,0.6008346676826477
31,bs_beamformer,1.630512997508049e-07,5.5372217178344725,54.39143104553223,0.0,921.0322448730469,0.31718385219573975,0.6242716312408447
31,uav_trajectory,1.1408701539039613e-09,4.372162246704102,20.196688652038574,0.0,867.5788818359375,0.27971750497817993,0.691169023513794
31,jammer_beamformer,1.8918653950095176e-07,5.285090732574463,54.07072525024414,0.0,180.5484878540039,0.35266295075416565,0.5847030282020569
32,bs_beamformer,1.7667189240455626e-07,2.9905133485794066,54.28426170349121,0.0,250.3091049194336,0.3667528033256531,0.6058409810066223
32,uav_trajectory,2.7846544981002806e-08,3.5122073173522947,20.138034629821778,0.0,1061.135546875,0.2625487148761749,0.6723508238792419
32,jammer_beamformer,1.7499551177024842e-07,4.145920658111573,53.92055473327637,0.0,2282.8637817382814,0.32966452836990356,0.6441457271575928
33,bs_beamformer,-7.543712854385376e-08,4.260804605484009,54.12604293823242,0.0,288.6381072998047,0.38032346963882446,0.5541821718215942
33,uav_trajectory,-3.2098032534122465e-07,4.421415042877197,20.077411270141603,0.0,1090.8837463378907,0.32948634028434753,0.6688243746757507
33,jammer_beamformer,-2.4512410163879393e-07,4.577560663223267,53.83156280517578,0.0,401.9059814453125,0.3869864344596863,0.5795984864234924
34,bs_beamformer,3.689900040626526e-07,3.7761743307113647,53.95625610351563,0.0,354.0638793945312,0.40631136298179626,0.555396318435669
34,uav_trajectory,1.0489020496606827e-07,3.5749141216278075,20.020852279663085,0.0,1050.1794128417969,0.329679399728775,0.6134766936302185
34,jammer_beamformer,-6.309710443019867e-08,2.8634181022644043,53.75122222900391,0.0,842.2162017822266,0.38357412815093994,0.5777069926261902
35,bs_beamformer,-2.1588057279586793e-07,4.975950765609741,53.76144027709961,0.0,278.9495788574219,0.3864567279815674,0.5955771803855896
35,uav_trajectory,1.5227124094963075e-08,4.234231424331665,19.95897274017334,0.0,1260.33203125,0.34001994132995605,0.6121195554733276
35,jammer_beamformer,4.423782229423523e-09,3.454854440689087,53.684757995605466,0.0,1027.9285400390625,0.35041874647140503,0.6308151483535767
36,bs_beamformer,-1.7844140529632568e-07,4.241072273254394,53.596980285644534,0.0,426.6723876953125,0.3240116834640503,0.552786648273468
36,uav_trajectory,1.7425045371055602e-07,6.457402610778809,19.897205543518066,0.0,1775.0905029296875,0.3659110367298126,0.6360851526260376
36,jammer_beamformer,2.1713785827159882e-07,5.963365268707276,53.634775924682614,0.0,2595.3848876953125,0.40303170680999756,0.5781318545341492
37,bs_beamformer,1.941807568073273e-08,3.6690169095993044,53.48966636657715,0.0,510.46265563964846,0.3550359308719635,0.5726269483566284
37,uav_trajectory,-9.653158485889435e-08,3.6397700786590574,19.841917991638184,0.0,1232.1273376464844,0.3247579038143158,0.6085453033447266
37,jammer_beamformer,5.906913429498672e-08,3.2555696249008177,53.596595764160156,0.0,1184.0540710449218,0.3341101408004761,0.6050183176994324
38,bs_beamformer,9.313225746154785e-08,3.003087019920349,53.35976638793945,0.0,346.6032379150391,0.3586353063583374,0.5343435406684875
38,uav_trajectory,2.2687017917633056e-07,3.6974977254867554,19.778280639648436,0.0,1375.1052368164062,0.27018558979034424,0.6220751404762268
38,jammer_beamformer,1.8295831978321074e-07,4.071300268173218,53.54917907714844,0.0,2931.9166015625,0.41326043009757996,0.5033855438232422
39,bs_beamformer,4.747416824102402e-08,3.326544404029846,53.23323516845703,0.0,1351.8394165039062,0.335758239030838,0.5354375243186951
39,uav_trajectory,-4.47442289441824e-08,3.0644315242767335,19.715199089050294,0.0,1261.3308837890625,0.26304101943969727,0.597283661365509
39,jammer_beamformer,-1.739244908094406e-07,5.325060844421387,53.504887390136716,0.0,413.8879730224609,0.38613128662109375,0.518104076385498
40,bs_beamformer,-6.807968020439147e-08,3.0392306566238405,53.12757949829101,0.0,406.3706451416016,0.33399057388305664,0.5287060737609863
40,uav_trajectory,-1.3047829270362853e-07,3.3205613613128664,19.649552726745604,0.0,1761.5557495117187,0.29897674918174744,0.6193655729293823
40,jammer_beamformer,-5.112960934638977e-08,3.595128798484802,53.41379051208496,0.0,1818.408447265625,0.37384316325187683,0.5608367919921875
41,bs_beamformer,-6.039626896381378e-08,2.3932196855545045,52.97647590637207,0.0,159.4272491455078,0.3422587513923645,0.5413821339607239
41,uav_trajectory,-1.8917489796876907e-07,3.622606348991394,19.594676971435547,0.0,1434.3017211914062,0.29621410369873047,0.6007957458496094
41,jammer_beamformer,1.0095536708831788e-07,2.9975380659103394,53.34198684692383,0.0,2464.4451904296875,0.33724817633628845,0.5399793386459351
42,bs_beamformer,2.0354054868221284e-07,2.787402868270874,52.77855682373047,0.0,361.41680908203125,0.3218558132648468,0.5139922499656677
42,uav_trajectory,-1.0773073881864547e-07,2.915683078765869,19.54293727874756,0.0,1833.3537109375,0.30220451951026917,0.572566568851471
42,jammer_beamformer,-6.502959877252579e-08,5.071938180923462,53.29107513427734,0.0,2702.409130859375,0.31171271204948425,0.5597665905952454
43,bs_beamformer,2.0144507288932801e-07,3.0092054128646852,52.5680908203125,0.0,1489.1095581054688,0.30609753727912903,0.5207627415657043
43,uav_trajectory,-2.1636951714754104e-07,2.5209620237350463,19.495451545715333,0.0,2195.9651611328127,0.31360167264938354,0.5749114751815796
43,jammer_beamformer,1.850305125117302e-07,4.07503719329834,53.23185272216797,0.0,636.9923583984375,0.29685133695602417,0.5569207668304443
44,bs_beamformer,-3.729946911334991e-08,3.743279981613159,52.43894882202149,0.0,1104.8025207519531,0.3312164843082428,0.5002973079681396
44,uav_trajectory,1.8654391169548036e-07,1.56989187002182,19.44740390777588,0.0,1595.70087890625,0.31898507475852966,0.5547590255737305
44,jammer_beamformer,-2.728775143623352e-08,2.7158037424087524,53.10154724121094,0.0,804.9927429199219,0.3158947229385376,0.5708146691322327
45,bs_beamformer,-1.9338913261890412e-07,2.7407405853271483,52.33488998413086,0.0,3858.2455810546876,0.3102926015853882,0.5476551651954651
45,uav_trajectory,-8.861534297466279e-08,3.477136516571045,19.391797256469726,0.0,2661.1203369140626,0.30543622374534607,0.553618311882019
45,jammer_beamformer,-6.612390279769897e-09,6.853360652923584,52.94852066040039,0.0,295.2640350341797,0.38950303196907043,0.4957509934902191
46,bs_beamformer,3.462191671133041e-08,6.070994853973389,52.25705795288086,0.0,698.8674438476562,0.29905200004577637,0.5346645712852478
46,uav_trajectory,-1.0868534445762635e-07,2.6470775842666625,19.34153594970703,0.0,2520.9333984375,0.29386192560195923,0.508411169052124
46,jammer_beamformer,1.7168931663036346e-07,2.109473991394043,52.744012451171876,0.0,1530.7170166015626,0.3265647888183594,0.4961523413658142
47,bs_beamformer,-6.85686245560646e-08,2.6394418478012085,52.16181564331055,0.0,1294.95478515625,0.3012537956237793,0.5361612439155579
47,uav_trajectory,-3.627501428127289e-08,1.9521480679512024,19.289942932128906,0.0,1986.924658203125,0.3087937831878662,0.49887651205062866
47,jammer_beamformer,3.594905138015747e-08,2.235598015785217,52.60557250976562,0.0,1087.4713104248046,0.3609509766101837,0.48103782534599304
48,bs_beamformer,2.1513551473617555e-08,3.9656501054763793,52.080667114257814,0.0,2929.5430908203125,0.26786285638809204,0.5880561470985413
48,uav_trajectory,6.798654794692993e-09,3.9838825941085814,19.235592460632326,0.0,2679.111865234375,0.24271127581596375,0.5832004547119141
48,jammer_beamformer,5.969777703285217e-08,2.2084620237350463,52.47995376586914,0.0,340.95001220703125,0.3600432872772217,0.43150851130485535
49,bs_beamformer,-2.1886080503463745e-07,3.2066589117050173,52.011138916015625,0.0,1718.6012451171875,0.2596606910228729,0.5626972317695618
49,uav_trajectory,1.1795200407505036e-07,2.181861162185669,19.180926895141603,0.0,1779.1248046875,0.2966539263725281,0.594359815120697
49,jammer_beamformer,1.2782402336597443e-07,3.1731847763061523,52.288495254516604,0.0,217.52694549560547,0.3465149700641632,0.47179654240608215
50,bs_beamformer,-2.1578744053840636e-07,2.8299015522003175,51.92129669189453,0.0,1888.2059631347656,0.28151267766952515,0.5832493901252747
50,uav_trajectory,1.7541460692882537e-07,3.345876169204712,19.123596000671387,0.0,1781.6237182617188,0.2984231114387512,0.513302206993103
50,jammer_beamformer,-1.7457641661167144e-07,3.45808584690094,52.07711906433106,0.0,847.6883483886719,0.27808427810668945,0.5262591242790222
51,bs_beamformer,2.520158886909485e-07,2.886137580871582,51.799903869628906,0.0,1060.427178955078,0.3309482932090759,0.496766597032547
51,uav_trajectory,2.1290034055709838e-07,2.448305439949036,19.05681743621826,0.0,1428.5707153320313,0.27691930532455444,0.5009986758232117
51,jammer_beamformer,2.794899046421051e-07,2.145384192466736,51.910330581665036,0.0,2076.9485595703127,0.3169592618942261,0.5410094857215881
52,bs_beamformer,-6.295740604400634e-08,4.201527500152588,51.680792236328124,0.0,569.5476135253906,0.26432859897613525,0.5109569430351257
52,uav_trajectory,-1.9248109310865403e-07,4.04657940864563,18.983487701416017,0.0,2863.0103149414062,0.34941816329956055,0.4857674241065979
52,jammer_beamformer,-6.053596735000611e-10,3.8231163024902344,51.791687393188475,0.0,1602.8880004882812,0.2663831114768982,0.5625492930412292
53,bs_beamformer,-2.7939677238464355e-09,3.8778168201446532,51.526143646240236,0.0,780.2148315429688,0.24004532396793365,0.515537679195404
53,uav_trajectory,3.767199814319611e-08,3.0080770015716554,18.929821968078613,0.0,3678.616845703125,0.30716630816459656,0.5091205835342407
53,jammer_beamformer,-2.0512379705905914e-07,2.835688900947571,51.6774185180664,0.0,1608.075927734375,0.35059642791748047,0.4570629298686981
54,bs_beamformer,3.1689414754509925e-07,1.943556547164917,51.3145248413086,0.0,1232.6788146972656,0.23964017629623413,0.53590989112854
54,uav_trajectory,-1.0407529771327972e-07,3.9764708280563354,18.885316467285158,0.0,1931.2394897460938,0.2845914959907532,0.5514923930168152
54,jammer_beamformer,-8.908100426197053e-08,1.5696802496910096,51.59407348632813,0.0,1802.0947998046875,0.3400704562664032,0.5236040949821472
55,bs_beamformer,-8.288770914077759e-09,2.589963173866272,51.148202133178714,0.0,1303.9507751464844,0.25864818692207336,0.5327820181846619
55,uav_trajectory,9.71369445323944e-08,2.322933530807495,18.828034019470216,0.0,3324.1709716796877,0.31644079089164734,0.5091559290885925
55,jammer_beamformer,9.159557521343231e-08,3.3599506616592407,51.52743988037109,0.0,1222.9456970214844,0.2841632664203644,0.5114466547966003
56,bs_beamformer,-6.863847374916077e-08,2.269439172744751,51.016099548339845,0.0,1401.457861328125,0.2964637577533722,0.5039907693862915
56,uav_trajectory,-3.378838300704956e-07,1.9745678901672363,18.780291748046874,0.0,2798.5323974609373,0.3111996054649353,0.48926588892936707
56,jammer_beamformer,1.1201482266187668e-07,2.613995003700256,51.45954933166504,0.0,1356.6476806640626,0.3017754554748535,0.5100864171981812
57,bs_beamformer,-2.5709159672260285e-07,1.4816230654716491,50.936048889160155,0.0,2852.197802734375,0.31537896394729614,0.4824533760547638
57,uav_trajectory,-1.1904630810022354e-07,2.2353466987609862,18.733440971374513,0.0,2543.324658203125,0.27998510003089905,0.5468215346336365
57,jammer_beamformer,1.364853233098984e-07,2.391706919670105,51.402133560180665,0.0,5944.981689453125,0.30705079436302185,0.5230783224105835
58,bs_beamformer,-3.3760443329811096e-08,3.8913488388061523,50.87268218994141,0.0,943.591845703125,0.2677358090877533,0.5386200547218323
58,uav_trajectory,1.855194568634033e-07,3.7326029539108276,18.684112739562988,0.0,2961.37275390625,0.26430290937423706,0.5327166318893433
58,jammer_beamformer,3.2461248338222505e-07,2.8902053117752073,51.36492080688477,0.0,1744.150164794922,0.29326343536376953,0.4941893219947815
59,bs_beamformer,-1.2051314115524293e-07,4.474872064590454,50.73520431518555,0.0,2932.91435546875,0.26078760623931885,0.5332309007644653
59,uav_trajectory,-1.8614809960126877e-07,1.7570098161697387,18.634631729125978,0.0,4832.9087890625,0.26465722918510437,0.5220109820365906
59,jammer_beamformer,-2.6740599423646927e-07,2.6946019649505617,51.27671737670899,0.0,709.2230041503906,0.29382753372192383,0.46744054555892944
60,bs_beamformer,3.692694008350372e-08,2.7245901346206667,50.63215866088867,0.0,4268.813940429687,0.28172358870506287,0.4722418785095215
60,uav_trajectory,-7.255002856254578e-08,3.172310733795166,18.586423110961913,0.0,2308.3191040039064,0.2778472900390625,0.4722890257835388
60,jammer_beamformer,3.7616118788719175e-07,3.249859094619751,51.14807205200195,0.0,682.5573455810547,0.3347119092941284,0.43078136444091797
61,bs_beamformer,2.405606210231781e-07,3.9655149459838865,50.55832748413086,0.0,2398.46337890625,0.28862082958221436,0.4783580005168915
61,uav_trajectory,1.0505318641662597e-07,3.5442447900772094,18.535222244262695,0.0,3674.6261962890626,0.2608424425125122,0.5100044012069702
61,jammer_beamformer,1.7355196177959442e-07,4.076292085647583,51.02302932739258,0.0,3905.37578125,0.3445470333099365,0.4336528182029724
62,bs_beamformer,1.2067612260580062e-07,1.6324044823646546,50.49091148376465,0.0,1073.7188232421875,0.26359468698501587,0.5044304728507996
62,uav_trajectory,-5.5995769798755646e-08,3.3824326276779173,18.480158805847168,0.0,2750.4841552734374,0.27712181210517883,0.5119375586509705
62,jammer_beamformer,-3.6987476050853727e-07,3.4738560914993286,50.93763275146485,0.0,716.5973205566406,0.2951357364654541,0.474355012178421
63,bs_beamformer,1.193024218082428e-07,1.6060436606407165,50.390176391601564,0.0,1309.646923828125,0.3016916513442993,0.4810653030872345
63,uav_trajectory,7.07223080098629e-08,3.439094400405884,18.419297409057616,0.0,3384.75126953125,0.28385433554649353,0.4672970473766327
63,jammer_beamformer,-7.33882188796997e-08,2.331309604644775,50.844574737548825,0.0,2903.8624267578125,0.3011343777179718,0.3876095116138458
64,bs_beamformer,1.6065314412117004e-07,1.5409639954566956,50.267194747924805,0.0,2193.887060546875,0.2809138596057892,0.4652858078479767
64,uav_trajectory,1.9883736968040466e-07,1.3319522142410278,18.36663932800293,0.0,3769.7747314453127,0.27174556255340576,0.5002595782279968
64,jammer_beamformer,-2.0046718418598174e-08,3.3812031984329223,50.76547698974609,0.0,1247.712841796875,0.2937390208244324,0.3954230844974518
65,bs_beamformer,-2.4423934519290924e-07,1.6636984825134278,50.15085906982422,0.0,1816.607861328125,0.2961365282535553,0.41157853603363037
65,uav_trajectory,4.6472996473312377e-08,2.307433271408081,18.31786117553711,0.0,2502.82724609375,0.28277891874313354,0.4472960829734802
65,jammer_beamformer,2.227025106549263e-07,3.408536458015442,50.66958656311035,0.0,917.6058502197266,0.3259381353855133,0.4190581440925598
66,bs_beamformer,-2.8747599571943284e-07,1.7606061577796936,50.029777145385744,0.0,600.7304656982421,0.29358845949172974,0.40166011452674866
66,uav_trajectory,1.8794089555740358e-07,1.7784102320671082,18.258076667785645,0.0,3228.8245361328127,0.2765815854072571,0.44560733437538147
66,jammer_beamformer,4.409812390804291e-08,4.758258247375489,50.57011070251465,0.0,384.5993255615234,0.3187956213951111,0.42756927013397217
67,bs_beamformer,-2.3646280169487e-07,1.1666521906852723,49.893812561035155,0.0,1045.1357421875,0.2947564721107483,0.397967666387558
67,uav_trajectory,4.745088517665863e-08,2.1110733270645143,18.20590934753418,0.0,3541.932092285156,0.2821041941642761,0.402748703956604
67,jammer_beamformer,1.9874423742294312e-07,4.314741802215576,50.43096351623535,0.0,444.3845458984375,0.2821127772331238,0.42644405364990234
68,bs_beamformer,2.650078386068344e-07,1.7301848649978637,49.785016250610354,0.0,3834.820654296875,0.2764468193054199,0.4257470667362213
68,uav_trajectory,-5.471520125865936e-08,3.657413911819458,18.15184154510498,0.0,3920.3494384765627,0.26351216435432434,0.47806286811828613
68,jammer_beamformer,2.2097956389188767e-07,4.273027181625366,50.267594528198245,0.0,2001.967022705078,0.24405904114246368,0.45773249864578247
69,bs_beamformer,-9.117648005485535e-08,2.0967220067977905,49.70362586975098,0.0,781.2359558105469,0.27112507820129395,0.4262081980705261
69,uav_trajectory,3.8230791687965393e-07,2.004635488986969,18.09746322631836,0.0,4158.832666015625,0.2694600224494934,0.3835375905036926
69,jammer_beamformer,-1.705717295408249e-07,2.9382592678070067,50.10860481262207,0.0,493.5725921630859,0.26077699661254883,0.450443834066391
70,bs_beamformer,-1.9783619791269303e-07,2.0272764921188355,49.577776718139646,0.0,862.8419555664062,0.29541492462158203,0.41636544466018677
70,uav_trajectory,-1.2903474271297456e-07,2.8261062622070314,18.057422828674316,0.0,3616.8382080078127,0.27249062061309814,0.45555707812309265
70,jammer_beamformer,5.057081580162048e-08,2.7320809364318848,49.897922897338866,0.0,730.4128356933594,0.3017899692058563,0.4757935106754303
71,bs_beamformer,-5.047768354415894e-08,2.5966677188873293,49.47389945983887,0.0,858.9686767578125,0.2886422574520111,0.4223114550113678
71,uav_trajectory,8.707866072654724e-08,1.9225480079650878,18.01783218383789,0.0,3085.810412597656,0.2695953845977783,0.47390201687812805
71,jammer_beamformer,-4.6566128730773926e-08,5.315195083618164,49.7023509979248,0.0,5289.98349609375,0.3234765827655792,0.47784093022346497
72,bs_beamformer,-4.498288035392761e-08,2.3139027833938597,49.36378517150879,0.0,3377.170263671875,0.3168984651565552,0.42254525423049927
72,uav_trajectory,-6.528571248054504e-08,2.333683443069458,17.975642585754393,0.0,2370.682763671875,0.2759459912776947,0.47936195135116577
72,jammer_beamformer,-1.41095370054245e-08,3.996671772003174,49.60215606689453,0.0,6572.860986328125,0.27361249923706055,0.5140984654426575
73,bs_beamformer,3.275461494922638e-07,2.268141174316406,49.29257698059082,0.0,3667.09912109375,0.2842666506767273,0.44824060797691345
73,uav_trajectory,-2.452172338962555e-07,4.101660919189453,17.92257080078125,0.0,4504.986352539063,0.3017042577266693,0.510276734828949
73,jammer_beamformer,-1.1620577424764634e-07,3.9821847438812257,49.55042266845703,0.0,3750.9939208984374,0.30212733149528503,0.45020049810409546
74,bs_beamformer,-2.0181760191917418e-07,1.9352979898452758,49.232700729370116,0.0,890.1378723144531,0.2936576306819916,0.4309168756008148
74,uav_trajectory,-9.927898645401e-08,2.027176022529602,17.875351905822754,0.0,6224.995458984375,0.3014005124568939,0.48736441135406494
74,jammer_beamformer,1.6670674085617064e-08,4.134777927398682,49.51667747497559,0.0,6837.85087890625,0.2956695854663849,0.4834020733833313
75,bs_beamformer,2.834014594554901e-07,1.4537679553031921,49.16960182189941,0.0,819.9165893554688,0.2848467528820038,0.376484751701355
75,uav_trajectory,-6.686896085739135e-08,2.1810508489608766,17.838155364990236,0.0,4802.677026367188,0.3068045377731323,0.4415576756000519
75,jammer_beamformer,-2.52947211265564e-07,3.644430160522461,49.4824462890625,0.0,5113.608349609375,0.3045062720775604,0.44135791063308716
76,bs_beamformer,-7.82310962677002e-08,2.1895144462585447,49.102364730834964,0.0,7808.865087890625,0.27644938230514526,0.40355485677719116
76,uav_trajectory,6.239861249923706e-08,1.9470708608627318,17.807710266113283,0.0,6878.853735351562,0.29006364941596985,0.4122846722602844
76,jammer_beamformer,-2.2954773157835006e-07,2.727947497367859,49.45152969360352,0.0,672.0155334472656,0.30576711893081665,0.3917079269886017
77,bs_beamformer,1.696636900305748e-07,3.5354856491088866,49.06827507019043,0.0,2411.4311279296876,0.30778926610946655,0.39132988452911377
77,uav_trajectory,-1.1348165571689605e-07,2.3204973936080933,17.779434394836425,0.0,5869.709130859375,0.3040439784526825,0.42627665400505066
77,jammer_beamformer,-3.677327185869217e-07,3.3686848163604735,49.40815658569336,0.0,1278.989892578125,0.2930382192134857,0.39943239092826843
78,bs_beamformer,-2.0014122128486634e-07,2.0035421371459963,49.04610595703125,0.0,4620.516918945313,0.2805529236793518,0.4502473771572113
78,uav_trajectory,2.730637788772583e-07,2.233157730102539,17.750633239746094,0.0,5299.004052734375,0.31473803520202637,0.3984181582927704
78,jammer_beamformer,3.1944364309310913e-07,3.724567747116089,49.35567741394043,0.0,10894.641015625,0.28856581449508667,0.41175949573516846
79,bs_beamformer,1.150183379650116e-08,1.797300100326538,49.01240348815918,0.0,1494.357000732422,0.2550187110900879,0.4327027499675751
79,uav_trajectory,4.300381988286972e-08,3.38859338760376,17.725451469421387,0.0,6115.660961914063,0.2847254276275635,0.3840649724006653
79,jammer_beamformer,6.426125764846802e-08,2.783968615531921,49.31820564270019,0.0,1352.474951171875,0.28110504150390625,0.3858298361301422
80,bs_beamformer,4.423782229423523e-08,1.2159036993980408,48.9542179107666,0.0,2477.9676513671875,0.2541029155254364,0.40973904728889465
80,uav_trajectory,-2.137850970029831e-07,1.518036413192749,17.699796295166017,0.0,4288.59697265625,0.29372069239616394,0.4334098696708679
80,jammer_beamformer,1.6232952475547792e-07,3.8266878366470336,49.26801643371582,0.0,1525.3999450683593,0.31195858120918274,0.44369494915008545
81,bs_beamformer,-3.5464763641357423e-07,1.3117353558540343,48.91055564880371,0.0,6050.686767578125,0.2894158959388733,0.43192577362060547
81,uav_trajectory,2.300133928656578e-07,1.7303225517272949,17.669109344482422,0.0,5230.881665039063,0.2973170578479767,0.41157904267311096
81,jammer_beamformer,4.079192876815796e-07,3.813643741607666,49.18031616210938,0.0,1628.5633666992187,0.30724748969078064,0.4500766098499298
82,bs_beamformer,-2.482905983924866e-07,2.185745692253113,48.88799514770508,0.0,1849.3021850585938,0.30461686849594116,0.4339750409126282
82,uav_trajectory,4.807952791452408e-08,2.623131012916565,17.624211883544923,0.0,3059.269384765625,0.292217493057251,0.34744876623153687
82,jammer_beamformer,1.39651820063591e-07,3.595230507850647,49.08816795349121,0.0,1490.0708923339844,0.2961881160736084,0.44415581226348877
83,bs_beamformer,2.534128725528717e-07,1.7346486806869508,48.869642639160155,0.0,4054.9257080078123,0.2947380840778351,0.4457332491874695
83,uav_trajectory,1.1315569281578064e-07,1.4570378065109253,17.575988960266113,0.0,4803.053686523437,0.3133392632007599,0.34011781215667725
83,jammer_beamformer,5.802139639854431e-08,4.1701099395751955,48.976671600341795,0.0,761.5215423583984,0.3494396507740021,0.3681778907775879
84,bs_beamformer,2.7149217203259467e-07,1.847887897491455,48.84474639892578,0.0,3412.9813720703123,0.24966268241405487,0.45006075501441956
84,uav_trajectory,1.2856908142566682e-07,1.404422974586487,17.535555267333983,0.0,6257.147265625,0.3003504276275635,0.3838793635368347
84,jammer_beamformer,-1.8971040844917296e-07,2.7729957818984987,48.850671005249026,0.0,9026.609912109376,0.28544214367866516,0.36801406741142273
85,bs_beamformer,6.863847374916077e-08,1.4075953006744384,48.804161071777344,0.0,2872.2142578125,0.2734682559967041,0.4253320097923279
85,uav_trajectory,3.234483301639557e-07,1.0381402850151062,17.50505714416504,0.0,10943.0505859375,0.280496746301651,0.4268512427806854
85,jammer_beamformer,7.706694304943085e-08,3.0430737495422364,48.7830509185791,0.0,6924.109375,0.3017288148403168,0.3686121106147766
86,bs_beamformer,-2.823071554303169e-07,2.391713833808899,48.7505126953125,0.0,1500.8737426757812,0.30538973212242126,0.38429391384124756
86,uav_trajectory,-1.8731225281953812e-07,2.7744826316833495,17.480619049072267,0.0,25453.34970703125,0.31134161353111267,0.3605777323246002
86,jammer_beamformer,2.9560178518295286e-07,4.117989730834961,48.759341430664065,0.0,5684.37275390625,0.29410111904144287,0.41737666726112366
87,bs_beamformer,-1.8524006009101868e-07,1.9365939140319823,48.69192657470703,0.0,744.3488159179688,0.2443990856409073,0.41576457023620605
87,uav_trajectory,4.4284388422966003e-07,1.5155938148498536,17.467014503479003,0.0,17380.258203125,0.25481244921684265,0.3779512345790863
87,jammer_beamformer,-7.031485438346863e-08,3.2217512130737305,48.74387168884277,0.0,11386.989990234375,0.2590812146663666,0.4093751311302185
88,bs_beamformer,5.871988832950592e-08,2.305744481086731,48.59174346923828,0.0,9124.606396484374,0.2329205870628357,0.409687340259552
88,uav_trajectory,4.0689483284950254e-07,1.8649158239364625,17.452729988098145,0.0,10181.746484375,0.2612988352775574,0.38860952854156494
88,jammer_beamformer,4.85684722661972e-08,4.326557350158692,48.72221717834473,0.0,652.3825744628906,0.3134046494960785,0.44089475274086
89,bs_beamformer,8.274801075458526e-08,1.5839986324310302,48.51751861572266,0.0,1783.886474609375,0.2641874849796295,0.3776320219039917
89,uav_trajectory,-6.956979632377625e-08,2.3219923973083496,17.431574249267577,0.0,4457.326953125,0.26635462045669556,0.3842933773994446
89,jammer_beamformer,-8.495990186929702e-08,3.0798197269439695,48.68461265563965,0.0,2145.9531127929686,0.33187294006347656,0.37540706992149353
90,bs_beamformer,3.790482878684998e-08,1.4275277614593507,48.409325790405276,0.0,1707.4601440429688,0.25587183237075806,0.4063672423362732
90,uav_trajectory,1.484062522649765e-07,2.354919457435608,17.394067192077635,0.0,7160.111572265625,0.22074948251247406,0.4037749171257019
90,jammer_beamformer,2.5178305804729464e-07,2.105530619621277,48.666800308227536,0.0,1486.3520629882812,0.29500922560691833,0.36097997426986694
91,bs_beamformer,1.793261617422104e-07,2.0108713865280152,48.281130981445315,0.0,2594.1419311523437,0.26678845286369324,0.43903419375419617
91,uav_trajectory,-1.1255033314228057e-07,1.6082105398178101,17.356556510925294,0.0,6719.432666015625,0.2589043974876404,0.39471593499183655
91,jammer_beamformer,2.0535662770271302e-08,4.7083070278167725,48.63222999572754,0.0,6020.36474609375,0.3158290386199951,0.42326682806015015
92,bs_beamformer,-1.2274831533432008e-07,2.2227020263671875,48.165078735351564,0.0,2365.06865234375,0.2582208514213562,0.37775012850761414
92,uav_trajectory,4.577450454235077e-08,1.8136496543884277,17.325256729125975,0.0,6487.634350585938,0.2454540729522705,0.4083414077758789
92,jammer_beamformer,6.777700036764145e-08,4.356300783157349,48.60980758666992,0.0,1051.5766723632812,0.2706963121891022,0.38824817538261414
93,bs_beamformer,-2.7148053050041197e-08,1.4323607087135315,48.031470489501956,0.0,864.4713195800781,0.25170230865478516,0.38707002997398376
93,uav_trajectory,1.6528647392988204e-07,1.8735495567321778,17.2883451461792,0.0,3249.8901123046876,0.29581329226493835,0.3673218786716461
93,jammer_beamformer,-1.408974640071392e-07,4.25892915725708,48.57053718566895,0.0,3704.42724609375,0.29811036586761475,0.42262786626815796
94,bs_beamformer,-4.0046870708465575e-09,1.6726316809654236,47.88844947814941,0.0,1478.361590576172,0.26620006561279297,0.3536379635334015
94,uav_trajectory,1.148320734500885e-07,1.9113487601280212,17.24454460144043,0.0,4540.016918945313,0.2422616332769394,0.42937034368515015
94,jammer_beamformer,-1.609325408935547e-07,3.020107793807983,48.52115364074707,0.0,6971.5470703125,0.2893059551715851,0.3901529014110565
95,bs_beamformer,4.926696419715881e-08,1.5888014078140258,47.78329925537109,0.0,7031.20537109375,0.22615277767181396,0.40456047654151917
95,uav_trajectory,3.6561395972967147e-07,1.8638861656188965,17.199708557128908,0.0,6912.604248046875,0.3168173134326935,0.34999969601631165
95,jammer_beamformer,-1.028645783662796e-07,2.6402889251708985,48.47167434692383,0.0,2098.0765014648437,0.2941594123840332,0.36866137385368347
96,bs_beamformer,-2.2510066628456115e-07,1.6309826135635377,47.68790168762207,0.0,1155.6013061523438,0.2500196695327759,0.35637354850769043
96,uav_trajectory,-9.802170097827911e-08,4.438070964813233,17.169085693359374,0.0,5499.264501953125,0.3127362132072449,0.387727826833725
96,jammer_beamformer,1.869630068540573e-07,3.251815986633301,48.40589637756348,0.0,15420.59111328125,0.28312253952026367,0.37279731035232544
97,bs_beamformer,-1.3932585716247558e-07,0.8504822969436645,47.54482574462891,0.0,3222.2685302734376,0.25379887223243713,0.37998345494270325
97,uav_trajectory,8.610077202320099e-08,2.1581579208374024,17.14826602935791,0.0,12481.99677734375,0.3080240488052368,0.36433079838752747
97,jammer_beamformer,2.9243528842926024e-08,2.233729887008667,48.35698928833008,0.0,2467.6629943847656,0.2832353115081787,0.3805731236934662
98,bs_beamformer,-1.7792917788028718e-07,1.2314569711685182,47.420135498046875,0.0,8501.743017578125,0.26866692304611206,0.39702916145324707
98,uav_trajectory,3.227032721042633e-07,2.1329628586769105,17.134428405761717,0.0,8743.3689453125,0.3268105685710907,0.33152690529823303
98,jammer_beamformer,-1.3043172657489778e-07,2.754666543006897,48.281721115112305,0.0,1627.680941772461,0.2630799412727356,0.3352854549884796
99,bs_beamformer,-1.2693926692008973e-07,1.2413546204566956,47.34802017211914,0.0,10624.5029296875,0.23419909179210663,0.4278537929058075
99,uav_trajectory,-3.2729003578424455e-07,2.149987578392029,17.11653690338135,0.0,14560.434814453125,0.3012743890285492,0.3349977135658264
99,jammer_beamformer,-2.2193416953086854e-07,2.045041537284851,48.19876899719238,0.0,1911.3021606445313,0.3017102777957916,0.374512255191803
100,bs_beamformer,9.695068001747131e-08,1.545076274871826,47.30111885070801,0.0,4398.755615234375,0.2637835741043091,0.4178708791732788
100,uav_trajectory,-2.1238811314105989e-07,1.2479967594146728,17.09862651824951,0.0,10479.340966796875,0.27171576023101807,0.33131060004234314
100,jammer_beamformer,-7.548369467258453e-08,1.9518369555473327,48.12891044616699,0.0,4190.268334960938,0.2555762529373169,0.40038034319877625
