update,agent,pre_tanh_mean,pre_tanh_std,pre_tanh_max,weight_g,weight_v_norm
1,bs_beamformer,0.8032877648996752,1.0055287229044243,3.928312301635742,0.009999999776482582,0.06324555724859238
2,bs_beamformer,0.797557485975325,1.0037045266782876,3.8125247955322266,0.010776151902973652,0.09193509072065353
3,bs_beamformer,0.8047556558838114,1.0074049223299704,3.6173174381256104,0.011337513104081154,0.12225891649723053
4,bs_beamformer,0.801024325795006,1.0022878215603532,3.390392303466797,0.011617155745625496,0.14088349044322968
5,bs_beamformer,0.8076815704051405,1.021712457132486,4.19314432144165,0.011851007118821144,0.1564318835735321
6,bs_beamformer,0.8049411196527071,1.001734832274986,3.5718071460723877,0.01224037166684866,0.17664533853530884
7,bs_beamformer,0.7892330923904665,0.9858446270473114,3.421109676361084,0.012638218700885773,0.1975829303264618
8,bs_beamformer,0.787277225558646,0.9832973992784543,3.4179165363311768,0.01288691908121109,0.21670328080654144
9,bs_beamformer,0.8195907080895267,1.0277494984078925,3.7061285972595215,0.012949568219482899,0.22877010703086853
10,bs_beamformer,0.8051276002153754,1.0056603673815567,4.410449981689453,0.013058465905487537,0.23649285733699799
11,bs_beamformer,0.8056343032824806,1.0110225038052338,4.346218585968018,0.013259517960250378,0.2445325404405594
12,bs_beamformer,0.8053485666955821,1.0152047028603373,3.4772472381591797,0.013484334573149681,0.25687143206596375
13,bs_beamformer,0.8014450051500462,0.9982284316944416,3.4915318489074707,0.013683167286217213,0.2667897641658783
14,bs_beamformer,0.7977623691922053,1.0038046318455236,3.523580551147461,0.013732882216572762,0.2786376476287842
15,bs_beamformer,0.7892305013389559,0.9846300340758676,3.2114200592041016,0.013599787838757038,0.2894209027290344
16,bs_beamformer,0.815305608489085,1.0240986693206422,3.378999710083008,0.013645732775330544,0.3008955717086792
17,bs_beamformer,0.8069104338116012,1.0097437751719305,3.2366223335266113,0.0137727539986372,0.31451714038848877
18,bs_beamformer,0.7975841845748947,0.9986436321176557,3.5528922080993652,0.013779843226075172,0.3276739716529846
19,bs_beamformer,0.8175567855732515,1.0180174854446846,3.687182664871216,0.013831159099936485,0.33943185210227966
20,bs_beamformer,0.8057130699786358,1.0140612486867415,4.078585624694824,0.013852554373443127,0.3475273549556732
21,bs_beamformer,0.8130580076323822,1.0137425514152325,3.2207436561584473,0.013838691636919975,0.35560575127601624
22,bs_beamformer,0.804367175959982,1.010971964208509,3.890397071838379,0.013846795074641705,0.3642030656337738
23,bs_beamformer,0.831463543301681,1.041029798307877,3.457888603210449,0.013887214474380016,0.37158307433128357
24,bs_beamformer,0.8015042930962518,1.0129500383041803,4.397502422332764,0.013975551351904869,0.3778015971183777
25,bs_beamformer,0.8189022021656855,1.024568202131193,3.5198874473571777,0.014037835411727428,0.38391953706741333
26,bs_beamformer,0.8322454683331307,1.0352115275124023,3.5124869346618652,0.014124157838523388,0.38780421018600464
27,bs_beamformer,0.8076571844976861,0.9992783212815568,3.1308200359344482,0.014055082574486732,0.39238518476486206
28,bs_beamformer,0.8126620786921122,1.008833148435765,3.4703688621520996,0.014002082869410515,0.3978869616985321
29,bs_beamformer,0.8174685487797833,1.0116714409871903,3.7967283725738525,0.014159818179905415,0.4016866385936737
30,bs_beamformer,0.8063369249601383,1.0174508086549878,3.3919942378997803,0.014301356859505177,0.405164510011673
31,bs_beamformer,0.8084009382235817,1.0094708532127343,4.063158988952637,0.01436511892825365,0.4081559181213379
32,bs_beamformer,0.78978995993454,0.9919367757473333,3.7100512981414795,0.014509704895317554,0.41290441155433655
33,bs_beamformer,0.8299702932448126,1.0378454911381276,4.460325241088867,0.014824179001152515,0.418936550617218
34,bs_beamformer,0.8097838459494524,1.0223470199424414,3.475259780883789,0.015140676870942116,0.4250729978084564
35,bs_beamformer,0.8210220352627803,1.0255496547261438,3.7554681301116943,0.015348951332271099,0.4292987883090973
36,bs_beamformer,0.8276273754867725,1.0352248465423164,3.896376132965088,0.015507003292441368,0.4350278377532959
37,bs_beamformer,0.7918991961451247,0.9932919542857891,3.6351637840270996,0.015635298565030098,0.44189774990081787
38,bs_beamformer,0.7923428835524247,0.9890534471351632,3.509387493133545,0.0156876090914011,0.4458315074443817
39,bs_beamformer,0.8010615941910073,1.007496957185484,3.4427943229675293,0.015619809739291668,0.4489244520664215
40,bs_beamformer,0.816671378615778,1.0287505856243595,4.286426544189453,0.015679342672228813,0.4529958963394165
41,bs_beamformer,0.8174709170793649,1.0168718386630764,4.00473690032959,0.015912597998976707,0.4566546678543091
42,bs_beamformer,0.8201213898528368,1.026316795964582,3.582551956176758,0.016083067283034325,0.461070716381073
43,bs_beamformer,0.7990528658698313,1.0000761845806423,3.908402442932129,0.016119936481118202,0.46706777811050415
44,bs_beamformer,0.8428978703639004,1.0492322027775187,3.4394023418426514,0.016120774671435356,0.4730190634727478
45,bs_beamformer,0.8300539506990463,1.0318008201086168,3.554490804672241,0.016246827319264412,0.4772758483886719
46,bs_beamformer,0.8024471712505911,1.016870862889586,3.4730167388916016,0.0162937194108963,0.48224419355392456
47,bs_beamformer,0.8329922367213294,1.04480098622327,4.198707580566406,0.016267094761133194,0.4874183237552643
48,bs_beamformer,0.80323282797914,1.0151227195026884,3.494837999343872,0.01639981009066105,0.49132195115089417
49,bs_beamformer,0.8177828894540434,1.0250352041695356,3.9021639823913574,0.016524234786629677,0.49493125081062317
50,bs_beamformer,0.8147207388021052,1.0254190073829579,3.756564140319824,0.016688233241438866,0.4991363286972046
51,bs_beamformer,0.8147781510669738,1.0217957704148746,3.842242956161499,0.016815293580293655,0.5029258728027344
52,bs_beamformer,0.8263587094130925,1.0306743374908889,4.044905185699463,0.016872640699148178,0.5057907104492188
53,bs_beamformer,0.8359688157488127,1.0435312343601475,3.4035260677337646,0.016903119161725044,0.5080256462097168
54,bs_beamformer,0.841661757692229,1.0452777604645178,3.369720935821533,0.01700368896126747,0.5097378492355347
55,bs_beamformer,0.8282424691156485,1.0389601879590953,4.326083660125732,0.017159083858132362,0.5111469030380249
56,bs_beamformer,0.8178378408283461,1.0181744408784577,3.5074915885925293,0.017436806112527847,0.5130003690719604
57,bs_beamformer,0.8120018052153755,1.0197836013649393,3.4017481803894043,0.017679395154118538,0.5161086916923523
58,bs_beamformer,0.8373711065046955,1.0385648837637154,3.5812580585479736,0.017966624349355698,0.5181943774223328
59,bs_beamformer,0.8484749913617852,1.0635148103831353,4.1333489418029785,0.018243132159113884,0.5215490460395813
60,bs_beamformer,0.8315521052740514,1.033597787438626,3.8049306869506836,0.018490545451641083,0.5234560966491699
61,bs_beamformer,0.8355367465708404,1.0527146479592615,3.923903226852417,0.018678713589906693,0.5259197354316711
62,bs_beamformer,0.8356152820053976,1.0462409903017784,3.69933819770813,0.01881471648812294,0.5285685062408447
63,bs_beamformer,0.812981059347745,1.0277077329311912,3.989326000213623,0.018975846469402313,0.5313552021980286
64,bs_beamformer,0.8417545840928796,1.0400078062264773,3.6967570781707764,0.019049614667892456,0.5329633355140686
65,bs_beamformer,0.8307607367497403,1.0568020060921306,3.6568596363067627,0.019116763025522232,0.5367129445075989
66,bs_beamformer,0.8442752453692955,1.0601860010583084,3.9229607582092285,0.019298728555440903,0.5412347316741943
67,bs_beamformer,0.8494333919673227,1.0488721018834428,4.033956050872803,0.01949983835220337,0.5450777411460876
68,bs_beamformer,0.8486447396604344,1.074467819203344,3.9302027225494385,0.019601833075284958,0.5487438440322876
69,bs_beamformer,0.8511225695526228,1.059904882233617,4.0590009689331055,0.019679438322782516,0.5519362688064575
70,bs_beamformer,0.8437648832127452,1.0516160377293406,3.7622854709625244,0.01978112943470478,0.5536911487579346
71,bs_beamformer,0.8717791125983931,1.0798434373582069,3.229010820388794,0.019871234893798828,0.5558874011039734
72,bs_beamformer,0.857318044014275,1.0660627773504432,4.470274448394775,0.019953874871134758,0.5572199821472168
73,bs_beamformer,0.8463817503615283,1.052114267313914,4.271103858947754,0.01990645006299019,0.5584895014762878
74,bs_beamformer,0.8371130156381987,1.050495888469198,3.8787214756011963,0.019838234409689903,0.5611751079559326
75,bs_beamformer,0.8483948666175128,1.0720688048407518,3.967061758041382,0.019969623535871506,0.5629405975341797
76,bs_beamformer,0.8301030748728663,1.0375763348738922,3.844743251800537,0.020161140710115433,0.5655252933502197
77,bs_beamformer,0.8461075628689723,1.0456285428949788,3.4449779987335205,0.02029424160718918,0.5681177377700806
78,bs_beamformer,0.8507682833017316,1.0587284878729488,3.669419765472412,0.02039865218102932,0.569782018661499
79,bs_beamformer,0.8410059557195636,1.0568475146614769,3.287123203277588,0.02051645889878273,0.5709446668624878
80,bs_beamformer,0.8512351504872786,1.0664153534700491,5.261552810668945,0.02068275958299637,0.5721853375434875
81,bs_beamformer,0.832072099906858,1.0443830611341676,4.268434524536133,0.020843669772148132,0.5737778544425964
82,bs_beamformer,0.8516811537055764,1.0551035894573717,3.850311279296875,0.020993778482079506,0.5750952363014221
83,bs_beamformer,0.8436587342527928,1.060057784541926,3.647193431854248,0.021095050498843193,0.5763749480247498
84,bs_beamformer,0.8571300698631676,1.0755786433603318,4.117764949798584,0.02118728868663311,0.578217625617981
85,bs_beamformer,0.8546170152504928,1.0618992177147297,3.84553861618042,0.021274594590067863,0.5804888606071472
86,bs_beamformer,0.8594181899621617,1.0727542921062916,3.619199514389038,0.02135293558239937,0.5819801092147827
87,bs_beamformer,0.8302378203200642,1.0394338900287363,3.322673797607422,0.021481433883309364,0.5841439366340637
88,bs_beamformer,0.8707302208114416,1.07350558179619,3.690526247024536,0.021656353026628494,0.5865054726600647
89,bs_beamformer,0.8368564252736979,1.0586830384103176,4.32227087020874,0.02192807011306286,0.5882627367973328
90,bs_beamformer,0.8631136290631257,1.0805745367718613,4.195255279541016,0.02220216765999794,0.5902808904647827
91,bs_beamformer,0.8759043731344863,1.1064577011933179,4.4623565673828125,0.022442897781729698,0.5917893648147583
92,bs_beamformer,0.8504542297101579,1.0647102244333173,4.208989143371582,0.022659434005618095,0.5933278203010559
93,bs_beamformer,0.8503133599348366,1.068898718103407,3.7234139442443848,0.022800330072641373,0.5944672226905823
94,bs_beamformer,0.8387771115968935,1.0596324831629698,3.496974229812622,0.022995684295892715,0.595379650592804
95,bs_beamformer,0.8355277332310798,1.0507188492418058,4.646270275115967,0.023229798302054405,0.5971530675888062
1,uav_trajectory,0.8083396911608934,1.0070897625848965,4.67978048324585,0.009999999776482582,0.03872983157634735
2,uav_trajectory,0.7711794997627537,0.9800222905308047,3.163987398147583,0.0108041288331151,0.055533457547426224
3,uav_trajectory,0.8045101389363408,1.0052578587835412,3.3854727745056152,0.011385985650122166,0.07408749312162399
4,uav_trajectory,0.7639292565261324,0.9655566782251469,3.9225897789001465,0.011766145005822182,0.08781182765960693
5,uav_trajectory,0.7814722570652763,0.9922320014212938,2.836811065673828,0.01195165328681469,0.10082656890153885
6,uav_trajectory,0.8135204086912176,0.9995775816712189,3.4217822551727295,0.012170619331300259,0.11309945583343506
7,uav_trajectory,0.7916160288552443,0.9824716912612979,3.021700859069824,0.012458779849112034,0.12191794812679291
8,uav_trajectory,0.8382579191004237,1.050730169851034,4.187324523925781,0.012816334143280983,0.1306053251028061
9,uav_trajectory,0.7961401264231341,0.9883267195868587,3.241638422012329,0.013249671086668968,0.13808341324329376
10,uav_trajectory,0.8178728889636695,1.0196803599798743,3.350371837615967,0.013829350471496582,0.14568796753883362
11,uav_trajectory,0.792899057832857,0.9867585477233273,2.92942476272583,0.014214744791388512,0.15524142980575562
12,uav_trajectory,0.7766657445629438,0.9712272434067465,3.017639398574829,0.014430728740990162,0.16386501491069794
13,uav_trajectory,0.7842913413519661,0.9739319298440312,3.5036656856536865,0.014705809764564037,0.16910697519779205
14,uav_trajectory,0.8209952104551097,1.0156922366433703,3.422470808029175,0.014993821270763874,0.1750597506761551
15,uav_trajectory,0.7770235671326519,0.9758458815604047,3.1286940574645996,0.015297267585992813,0.18205787241458893
16,uav_trajectory,0.808619446473817,1.027670484869195,3.348400592803955,0.015667613595724106,0.1907353401184082
17,uav_trajectory,0.7613101084083319,0.9551772853444916,3.166628360748291,0.016231399029493332,0.19870635867118835
18,uav_trajectory,0.8056076854467392,1.0054567120162083,3.7538816928863525,0.01686467044055462,0.20770613849163055
19,uav_trajectory,0.8108053268585355,1.0214613290653651,2.961111545562744,0.017243532463908195,0.21405166387557983
20,uav_trajectory,0.7824274834233026,0.9868558216512364,3.3588435649871826,0.017664236947894096,0.2188069075345993
21,uav_trajectory,0.8195594160817563,1.0165074105378284,3.1010050773620605,0.018093427643179893,0.2245914340019226
22,uav_trajectory,0.8293689619476596,1.0294938630061834,3.6545236110687256,0.018363259732723236,0.22973887622356415
23,uav_trajectory,0.799230920544515,1.0038050670001735,3.3271021842956543,0.01846793293952942,0.23303130269050598
24,uav_trajectory,0.7793335543808838,0.962826719708033,3.1998281478881836,0.018665162846446037,0.2358694076538086
25,uav_trajectory,0.8818947376770278,1.0853196654454318,3.4146759510040283,0.018881116062402725,0.23910865187644958
26,uav_trajectory,0.7886695848827561,0.9916289850757903,2.974790573120117,0.019026901572942734,0.24301885068416595
27,uav_trajectory,0.789169366688778,0.9850278849908317,3.1521732807159424,0.01912924088537693,0.24644598364830017
28,uav_trajectory,0.7616578132857879,0.9579916564824524,3.618513822555542,0.019202997907996178,0.24942439794540405
29,uav_trajectory,0.794054662498956,0.9846544106976324,3.2518763542175293,0.019285080954432487,0.25102823972702026
30,uav_trajectory,0.8033000819012522,0.9967803777513535,3.4403505325317383,0.019530225545167923,0.2530502676963806
31,uav_trajectory,0.8082494998909533,1.0192080988006718,3.591010570526123,0.01986781321465969,0.25796064734458923
32,uav_trajectory,0.8501474411164721,1.0606659381121124,3.4794235229492188,0.02026166208088398,0.26116442680358887
33,uav_trajectory,0.815798569103082,1.0078057825974427,3.044847249984741,0.020675955340266228,0.2645111083984375
34,uav_trajectory,0.7888712496161461,0.9913231441960112,4.33793830871582,0.021104302257299423,0.27080297470092773
35,uav_trajectory,0.8143915446897347,1.0064974941454072,3.2864208221435547,0.021608952432870865,0.2763878107070923
36,uav_trajectory,0.8288766860837737,1.0256300324137062,3.4921960830688477,0.02209213189780712,0.28063613176345825
37,uav_trajectory,0.8160544518108169,1.0248385281421217,3.9632108211517334,0.022408900782465935,0.2828114926815033
38,uav_trajectory,0.8261244157329202,1.0389701696999405,3.8051559925079346,0.022737499326467514,0.2848430275917053
39,uav_trajectory,0.7801490620573361,0.9815298555125153,3.1347670555114746,0.023083191365003586,0.2877779006958008
40,uav_trajectory,0.7786513201644023,0.9871728508979126,3.0493714809417725,0.023492801934480667,0.29283785820007324
41,uav_trajectory,0.823189718876034,1.0200669994561875,3.189793825149536,0.02389064058661461,0.2966005504131317
42,uav_trajectory,0.8096729402840137,1.0101621433435966,2.844548463821411,0.02408467046916485,0.299858957529068
43,uav_trajectory,0.8468179896399379,1.0583281381721674,5.052083969116211,0.02415386028587818,0.3041737675666809
44,uav_trajectory,0.7962982705210646,1.0049101146500374,3.222773790359497,0.02416195347905159,0.30681371688842773
45,uav_trajectory,0.7708052193212013,0.9810748160113207,3.64328670501709,0.024208979681134224,0.30784836411476135
46,uav_trajectory,0.8459132214287917,1.0341251466092065,3.828115224838257,0.024288423359394073,0.3087029457092285
47,uav_trajectory,0.8263359838140507,1.030290547759955,3.445781946182251,0.02454262226819992,0.3138890862464905
48,uav_trajectory,0.8238487956722578,1.0193521399485155,3.6382241249084473,0.024659274145960808,0.32009729743003845
49,uav_trajectory,0.8361303487072388,1.038195200299456,3.932605504989624,0.024717748165130615,0.32818305492401123
50,uav_trajectory,0.8378203097370763,1.0283008920184633,3.50404691696167,0.024823810905218124,0.3330213129520416
51,uav_trajectory,0.8305092656230554,1.043149045656036,3.4876129627227783,0.024877676740288734,0.33595243096351624
52,uav_trajectory,0.8314121350174148,1.03724700287259,3.572718620300293,0.025193793699145317,0.33979830145835876
53,uav_trajectory,0.8216018581539393,1.0304519434035155,3.179259777069092,0.025508202612400055,0.34443148970603943
54,uav_trajectory,0.8185513089795907,1.0091919785155594,2.9056074619293213,0.025925343856215477,0.34988194704055786
55,uav_trajectory,0.8152018174442153,1.0189700376646913,2.97062611579895,0.026321841403841972,0.35572105646133423
56,uav_trajectory,0.7778619337926308,0.9898078587041416,3.521486520767212,0.02663349360227585,0.3589579463005066
57,uav_trajectory,0.8133158127168815,1.0174800490639024,2.9686150550842285,0.02700071595609188,0.361691951751709
58,uav_trajectory,0.8421429392099381,1.057610322979261,3.771129608154297,0.027433285489678383,0.3654516935348511
59,uav_trajectory,0.8301546951942146,1.0343505266021007,3.24630069732666,0.027693049982190132,0.37018004059791565
60,uav_trajectory,0.791466898581634,0.9943875658984485,3.9076309204101562,0.02790411189198494,0.3756280243396759
61,uav_trajectory,0.8186475593609115,1.017083390781533,3.2581138610839844,0.02834934927523136,0.38260704278945923
62,uav_trajectory,0.8192518578097224,0.9933811094776768,2.9379003047943115,0.02888801321387291,0.389784038066864
63,uav_trajectory,0.8714092259034515,1.068971372527765,3.5929369926452637,0.02919965423643589,0.39415276050567627
64,uav_trajectory,0.8122131248352428,1.001468396931053,3.3882334232330322,0.029306503012776375,0.39665526151657104
65,uav_trajectory,0.820947456235687,1.015795985393827,4.172295570373535,0.02952086739242077,0.39904358983039856
66,uav_trajectory,0.8231202025090655,1.0421291075259351,3.7358639240264893,0.029870029538869858,0.40230098366737366
67,uav_trajectory,0.8634125217000643,1.0619688192215635,3.3404903411865234,0.03014076128602028,0.4053206145763397
68,uav_trajectory,0.8359423702446123,1.030507527585355,3.242598533630371,0.03031260520219803,0.40803834795951843
69,uav_trajectory,0.8380341111247738,1.019192616684784,3.467135190963745,0.030451683327555656,0.40982145071029663
70,uav_trajectory,0.8091996088474989,1.0159684706636247,3.2165687084198,0.030827302485704422,0.4110965430736542
71,uav_trajectory,0.8145582554613551,1.0050505639493579,2.9539785385131836,0.03121746890246868,0.4122094213962555
72,uav_trajectory,0.8120192413727443,1.011268187556058,3.126410722732544,0.03141605854034424,0.4136096239089966
73,uav_trajectory,0.8194056767498453,1.0371950318406506,3.740464925765991,0.031871307641267776,0.41645947098731995
74,uav_trajectory,0.8347999961773555,1.0275797781136122,3.3235301971435547,0.03217678889632225,0.41952839493751526
75,uav_trajectory,0.8666586948086819,1.0626146881811647,3.7934935092926025,0.03240789845585823,0.421793669462204
76,uav_trajectory,0.8231082830006877,1.015607030467067,3.152456521987915,0.032926518470048904,0.424079567193985
77,uav_trajectory,0.8568180355640749,1.0467626138150596,3.1720902919769287,0.03352469950914383,0.42729002237319946
78,uav_trajectory,0.8536452342520158,1.0428313126518387,3.272366523742676,0.0342983640730381,0.42928022146224976
79,uav_trajectory,0.840970374815166,1.0404651997918222,3.244616985321045,0.03503686189651489,0.43212321400642395
80,uav_trajectory,0.868443662998577,1.0685164031461407,2.925668239593506,0.03552331030368805,0.4351533353328705
81,uav_trajectory,0.8328365233391524,1.0375974281445495,3.3839640617370605,0.035894498229026794,0.43967264890670776
82,uav_trajectory,0.86040682729582,1.0390854169443076,3.374594211578369,0.03623592481017113,0.44285181164741516
83,uav_trajectory,0.8611704724226147,1.0429642055885069,3.483534574508667,0.036880746483802795,0.44607609510421753
84,uav_trajectory,0.8314579294050733,1.023739191147184,3.4055280685424805,0.037496279925107956,0.45021528005599976
85,uav_trajectory,0.8459779983311891,1.0600791268714957,3.945488691329956,0.03782441094517708,0.45312002301216125
86,uav_trajectory,0.9130522752131025,1.1223525490356143,3.7821145057678223,0.03807989880442619,0.4551410377025604
87,uav_trajectory,0.870907836223642,1.0594827277610575,4.075905799865723,0.038460321724414825,0.45664671063423157
88,uav_trajectory,0.8744860060711702,1.0850641105983838,4.283984661102295,0.03879590705037117,0.4572824239730835
89,uav_trajectory,0.8519581555500626,1.0603535205775694,3.351764440536499,0.03900944069027901,0.4580077528953552
90,uav_trajectory,0.8696714452207088,1.0733248233586938,3.688793420791626,0.03925853222608566,0.4587642252445221
91,uav_trajectory,0.871096311310927,1.0804723863225116,3.7994184494018555,0.03951076418161392,0.4605647921562195
92,uav_trajectory,0.8650020630856355,1.0526718358275582,4.333721160888672,0.04008509963750839,0.461275190114975
93,uav_trajectory,0.8922688673138619,1.0800418346215732,4.529628753662109,0.04075515642762184,0.46400922536849976
94,uav_trajectory,0.86842944770058,1.077869122859823,4.056157112121582,0.041162971407175064,0.465628981590271
95,uav_trajectory,0.8392880239834388,1.027512400382532,3.111809253692627,0.0414571613073349,0.46810251474380493
1,jammer_beamformer,0.79725800734186,0.9978221348672666,3.734333038330078,0.009999999776482582,0.06324554979801178
2,jammer_beamformer,0.8194606583248824,1.0351858036167407,4.176150321960449,0.0107455775141716,0.09395793825387955
3,jammer_beamformer,0.80113683474157,1.0046408218968421,3.57112979888916,0.011196747422218323,0.12435073405504227
4,jammer_beamformer,0.801372077319771,1.0001364027952477,3.5849475860595703,0.011501656845211983,0.14371484518051147
5,jammer_beamformer,0.7782397629693151,0.9713360656206508,3.5201098918914795,0.011706224642693996,0.16157612204551697
6,jammer_beamformer,0.8119867595126853,1.0102637588358574,3.723893404006958,0.011833167634904385,0.17537212371826172
7,jammer_beamformer,0.8149244279102422,1.02045721524946,4.030598163604736,0.012057057581841946,0.1864631175994873
8,jammer_beamformer,0.8067785395355895,1.0157556441696096,3.331458568572998,0.012176461517810822,0.20104123651981354
9,jammer_beamformer,0.8137212685383857,1.0234134595125908,3.7334632873535156,0.012182177975773811,0.2162834107875824
10,jammer_beamformer,0.7940189010859467,1.0003077304107755,3.322911024093628,0.012214991264045238,0.22651900351047516
11,jammer_beamformer,0.7975615580459126,0.9899870169742242,3.341498374938965,0.012216289527714252,0.23523937165737152
12,jammer_beamformer,0.8007199617493898,1.013299446265548,5.535286903381348,0.012156090699136257,0.2478587031364441
13,jammer_beamformer,0.7901867652954534,0.9993935528052513,3.7085726261138916,0.012149959802627563,0.25811001658439636
14,jammer_beamformer,0.7964103889591061,1.0071009222278466,3.4846537113189697,0.01224865298718214,0.26834434270858765
15,jammer_beamformer,0.8056624298207462,1.001531809119645,3.3077328205108643,0.012507552281022072,0.28254979848861694
16,jammer_beamformer,0.7859796096589416,0.9908598689224976,3.643223285675049,0.012759623117744923,0.29443731904029846
17,jammer_beamformer,0.7860947539773769,0.981961457340696,3.2054309844970703,0.012921457178890705,0.30235618352890015
18,jammer_beamformer,0.8148884020489641,1.021356128979804,4.138251304626465,0.013066220097243786,0.31033942103385925
19,jammer_beamformer,0.8181573474742472,1.0284072061179454,3.7446436882019043,0.01322481781244278,0.3195658028125763
20,jammer_beamformer,0.8030667301868089,1.0022116094945497,3.329371929168701,0.013202102854847908,0.3308297097682953
21,jammer_beamformer,0.808161264245573,1.0252962164146286,3.760174512863159,0.01308581791818142,0.3386800289154053
22,jammer_beamformer,0.7959861425778363,1.0037855576044388,3.8175301551818848,0.013069408014416695,0.34224826097488403
23,jammer_beamformer,0.7834367298544385,0.9864508568707554,4.1473870277404785,0.013200846500694752,0.34606388211250305
24,jammer_beamformer,0.7889008054570295,0.9928570079572209,3.2355289459228516,0.013348395004868507,0.3527563810348511
25,jammer_beamformer,0.806979409685824,1.012794061369148,3.5564229488372803,0.013589221052825451,0.3589581251144409
26,jammer_beamformer,0.8016470535746776,1.0129811094319794,3.3123703002929688,0.014006510376930237,0.36816442012786865
27,jammer_beamformer,0.8026820151787252,1.0107421739511162,3.823528289794922,0.014429512433707714,0.3775561451911926
28,jammer_beamformer,0.8114687670711428,1.0135959939492118,3.2638401985168457,0.014741064980626106,0.3853723704814911
29,jammer_beamformer,0.8157217402148527,1.0190399066592997,3.4446845054626465,0.01490982435643673,0.3934745490550995
30,jammer_beamformer,0.8096069688932039,1.0189949881802622,3.600262403488159,0.01504532527178526,0.40004777908325195
31,jammer_beamformer,0.8178685585176573,1.0220289708193477,3.5458431243896484,0.015139797702431679,0.4062465727329254
32,jammer_beamformer,0.7985004879562184,0.9922526084265143,3.718843460083008,0.015142369084060192,0.41087937355041504
33,jammer_beamformer,0.8025956379203126,1.0040685714992537,3.435145139694214,0.015277241356670856,0.4142770767211914
34,jammer_beamformer,0.8087967636832036,1.004441928701194,3.588559865951538,0.015549279749393463,0.4208493232727051
35,jammer_beamformer,0.8416261104727164,1.0386680958563081,3.6193583011627197,0.015607321634888649,0.4301808774471283
36,jammer_beamformer,0.8419080642194021,1.0692428946692865,4.595644474029541,0.01566954143345356,0.43921807408332825
37,jammer_beamformer,0.8139065528819337,1.0165273052771249,3.494744300842285,0.015934620052576065,0.44627895951271057
38,jammer_beamformer,0.8292837455291301,1.0357312871640667,4.149875640869141,0.016175325959920883,0.45148855447769165
39,jammer_beamformer,0.7989573098593391,1.0050042570398747,3.4418160915374756,0.016366800293326378,0.4559919536113739
40,jammer_beamformer,0.8172565638523083,1.020721969158135,3.473966121673584,0.016546690836548805,0.45910945534706116
41,jammer_beamformer,0.8199960512269754,1.0191062276648832,3.527052164077759,0.016818687319755554,0.46157106757164
42,jammer_beamformer,0.8058632152215578,1.0209684211026104,4.556972026824951,0.017031116411089897,0.4679517447948456
43,jammer_beamformer,0.8419359958278947,1.0641588494433842,3.7831482887268066,0.01715783402323723,0.47472164034843445
44,jammer_beamformer,0.7991748013873584,0.9960639560888157,3.296729564666748,0.01732048951089382,0.4796793758869171
45,jammer_beamformer,0.8432578427039552,1.063177117123851,3.8485167026519775,0.017458591610193253,0.48368898034095764
46,jammer_beamformer,0.8166095522106626,1.0276263591656694,3.585608720779419,0.01741623878479004,0.48590087890625
47,jammer_beamformer,0.8274800029639154,1.032106818541906,3.575503349304199,0.017329199239611626,0.488815575838089
48,jammer_beamformer,0.8226941095257644,1.0319939009797976,3.8743724822998047,0.01732027344405651,0.49103859066963196
49,jammer_beamformer,0.8276351907625794,1.0372359009232979,3.834883213043213,0.017418082803487778,0.49419867992401123
50,jammer_beamformer,0.8348925755296368,1.0386099012287955,3.487290143966675,0.01750156283378601,0.4962160587310791
51,jammer_beamformer,0.8146714218521957,1.0209797748050824,3.3397862911224365,0.017524059861898422,0.49768078327178955
52,jammer_beamformer,0.8091997060505673,1.0052237860658029,3.542534589767456,0.01751473918557167,0.4997881054878235
53,jammer_beamformer,0.8277841591662727,1.0309133738215301,4.3585028648376465,0.01747730001807213,0.5012423396110535
54,jammer_beamformer,0.8352746849609539,1.045290053457333,3.726609706878662,0.017502784729003906,0.5019833445549011
55,jammer_beamformer,0.8025375196300447,1.0067311267233374,3.912621021270752,0.017551152035593987,0.5028820633888245
56,jammer_beamformer,0.8292632155288011,1.0356978043002503,3.5946269035339355,0.01770768128335476,0.504342794418335
57,jammer_beamformer,0.8086400921791792,1.014391710862499,3.337862730026245,0.017858000472187996,0.5077546834945679
58,jammer_beamformer,0.8417136446882505,1.0540468262099665,4.428809642791748,0.017967883497476578,0.5102318525314331
59,jammer_beamformer,0.795551782883238,0.9972006560444017,3.2587368488311768,0.018032679334282875,0.511471152305603
60,jammer_beamformer,0.815684646880487,1.0230203379768779,3.5625298023223877,0.018067501485347748,0.5128226280212402
61,jammer_beamformer,0.8394228670444572,1.0445845104147193,3.9733264446258545,0.018020842224359512,0.514518678188324
62,jammer_beamformer,0.8378102455110056,1.0426173990280547,3.666374921798706,0.017893319949507713,0.5164685845375061
63,jammer_beamformer,0.8278329410576262,1.0350572128570388,3.6233720779418945,0.01779726706445217,0.5200880765914917
64,jammer_beamformer,0.8140460894932039,1.029604585132815,3.391754150390625,0.017636118456721306,0.5256572365760803
65,jammer_beamformer,0.8096681287778774,1.0111721046087327,4.121718406677246,0.017489928752183914,0.5333430171012878
66,jammer_beamformer,0.8144210376534611,1.0131005991840645,3.5955402851104736,0.017513643950223923,0.5377718210220337
67,jammer_beamformer,0.8284723393332679,1.0309769435769043,3.265021800994873,0.017610833048820496,0.5406792163848877
68,jammer_beamformer,0.8412084958745399,1.0436847549788164,3.242685079574585,0.0176968015730381,0.5422080755233765
69,jammer_beamformer,0.8117970691802912,1.0085255925381214,3.339487075805664,0.017776859924197197,0.5443946719169617
70,jammer_beamformer,0.8417393501810729,1.0596627046919405,3.4623775482177734,0.01768362894654274,0.548466682434082
71,jammer_beamformer,0.8183154635066167,1.0160399167148115,3.5954105854034424,0.017641225829720497,0.5544553995132446
72,jammer_beamformer,0.8123071904608514,1.023161282649492,3.7021210193634033,0.01770268753170967,0.55823814868927
73,jammer_beamformer,0.8060514458226972,1.0099626889928335,3.385751962661743,0.01784440316259861,0.5649354457855225
74,jammer_beamformer,0.8274221145440824,1.038414284923777,3.5938401222229004,0.018166616559028625,0.5722050070762634
75,jammer_beamformer,0.8158118681358173,1.026392624030618,4.105337142944336,0.01838027499616146,0.5792878270149231
76,jammer_beamformer,0.8181595814297907,1.02383370363684,3.518131732940674,0.018574977293610573,0.5839638710021973
77,jammer_beamformer,0.825946874845773,1.04622556975462,3.6062262058258057,0.01876717433333397,0.5879716873168945
78,jammer_beamformer,0.8568306119232438,1.0676852123146918,3.758180856704712,0.01883693039417267,0.5925154089927673
79,jammer_beamformer,0.8123565111109056,1.0282439233623692,3.6659493446350098,0.01892120949923992,0.5957533717155457
80,jammer_beamformer,0.8241302948442754,1.0429286877057555,3.8975889682769775,0.018999401479959488,0.5980436205863953
81,jammer_beamformer,0.8437363145311829,1.0412265215382865,3.589845895767212,0.018937870860099792,0.600418746471405
82,jammer_beamformer,0.8229512551664375,1.0376006615578381,3.651291608810425,0.01887892745435238,0.6042499542236328
83,jammer_beamformer,0.8212231704315637,1.0331671895664505,3.634216547012329,0.01885061152279377,0.6079315543174744
84,jammer_beamformer,0.8331582053997554,1.0466993843562775,3.547518491744995,0.01884961500763893,0.6107137799263
85,jammer_beamformer,0.8471063161359634,1.067934655996756,4.11205530166626,0.018854131922125816,0.6128332614898682
86,jammer_beamformer,0.8463148250122904,1.0545973302822567,3.7511634826660156,0.0188850499689579,0.614847719669342
87,jammer_beamformer,0.8215309881041758,1.0259216073351476,3.8773510456085205,0.01903351955115795,0.6164200901985168
88,jammer_beamformer,0.8318156782384613,1.0437419211206553,3.748059034347534,0.019124114885926247,0.6196130514144897
89,jammer_beamformer,0.871402056872379,1.0934384146777605,3.8782615661621094,0.019151316955685616,0.6220918893814087
90,jammer_beamformer,0.824532408481231,1.0299692882592795,3.2528553009033203,0.019156740978360176,0.6233449578285217
91,jammer_beamformer,0.8162446386609227,1.0228809654356898,3.5886876583099365,0.01913219504058361,0.6244105696678162
92,jammer_beamformer,0.8493450148376869,1.0578306626372938,3.3528504371643066,0.01914101466536522,0.6249098181724548
93,jammer_beamformer,0.8257280881691258,1.0250971765934302,3.710852861404419,0.0191949550062418,0.6254391670227051
94,jammer_beamformer,0.8375926047437824,1.0398595871170861,3.3492860794067383,0.01926841028034687,0.6264695525169373
95,jammer_beamformer,0.8531967082490446,1.0657953815966072,4.173166751861572,0.01925402320921421,0.6309297680854797
