episode,avg_crb,avg_pd,avg_reward,eval_avg_crb,eval_avg_pd,eval_avg_reward,eval_std_crb,eval_std_pd,eval_std_reward
1,0.05742957367514622,0.945,0.5806298667701345,725.0070354799328,0.64866,0.1411913397376885,1422.2615145221787,0.1249983775894711,0.22653742915046987
2,1.1922355476148276,0.6822499999999999,-0.28318118861199837,,,,,,
3,88.18688192378205,0.71625,-0.04127383338470359,,,,,,
4,3.7495191490274777,0.8067499999999999,0.5910073142646803,,,,,,
5,3.3972442009428634,0.60125,0.054418948961355726,,,,,,
6,0.1174283178724458,0.73525,0.6627836163390398,,,,,,
7,0.3836222978113058,0.86275,0.45212809161550216,,,,,,
8,12648.768684635115,0.6095,0.4126371873984279,,,,,,
9,7.222874921162575,0.74,0.18719047640056055,,,,,,
10,9.345094996701185,0.84125,0.44788106238559244,725.0070354799328,0.64866,0.1411913397376885,1422.2615145221787,0.1249983775894711,0.22653742915046987
11,0.1254843152511678,0.6445000000000001,0.5394022422400455,,,,,,
12,2.132468035247208,0.57925,0.5415177278003659,,,,,,
13,0.07747466747725566,0.77975,0.8576897809879764,,,,,,
14,0.04622343059675749,0.83,0.7509308616140055,,,,,,
15,9.727652290251584,0.8482499999999998,0.5947952270272596,,,,,,
16,1.5270591923300034,0.7025,0.3441163946758528,,,,,,
17,0.0334493314646438,0.9362499999999998,0.8002311515437742,,,,,,
18,0.5124703796132724,0.8405,0.4490448190518753,,,,,,
19,18.429426614121436,0.711,0.5656824691737109,,,,,,
20,0.06925460894017965,0.3822499999999999,0.2712729645184163,725.0070354799328,0.64866,0.1411913397376885,1422.2615145221787,0.1249983775894711,0.22653742915046987
21,1.284707691662144,0.78275,0.32779191456710544,,,,,,
22,5.6891803989442735,0.8859999999999999,0.22080963835297474,,,,,,
23,2886.7036909729613,0.9275,-0.29217932970553706,,,,,,
24,0.46067525821797345,0.6934999999999999,0.3874250200089739,,,,,,
25,0.13157948667507383,0.8695,0.6021296966726905,,,,,,
26,0.1848835046592264,0.83625,0.5576864326377495,,,,,,
27,11.486420846213418,0.9215000000000001,0.7020507901037257,,,,,,
28,0.22069912950893844,0.887,0.797140920880896,,,,,,
29,1.236623280642963,0.8919999999999999,0.6171251494252765,,,,,,
30,4.1926636675841795,0.67825,0.5034205005727032,725.0070354799328,0.64866,0.1411913397376885,1422.2615145221787,0.1249983775894711,0.22653742915046987
31,0.051076376510594976,0.79425,0.7205426986095812,,,,,,
32,150.28762922716135,0.9755000000000001,0.08463824328185998,,,,,,
33,0.07808675676597493,0.8325,0.44417020110108807,,,,,,
34,0.16920727281148928,0.6555,0.18239389670556075,,,,,,
35,0.537499203730944,0.4815,0.2586281544983639,,,,,,
36,4.747887997143082,0.687,0.2074121877749534,,,,,,
37,0.23662071024643333,0.86875,0.19106884121920523,,,,,,
38,0.30654650619864865,0.57175,-0.0020896608299609785,,,,,,
39,1.644828685870726,0.75225,0.41377531395445755,,,,,,
40,0.08541887193690703,0.5915,0.3481189952989531,725.0070354799328,0.64866,0.1411913397376885,1422.2615145221787,0.1249983775894711,0.22653742915046987
41,19.306703966985893,0.7480000000000001,-0.14006738592217466,,,,,,
42,10.767231040469394,0.7454999999999999,-0.2393113986600857,,,,,,
43,0.062342725386006846,0.8672500000000001,0.7710661940362447,,,,,,
44,1666.9066258530775,0.8700000000000001,0.5483161136122652,,,,,,
45,5.327051083789063,0.6174999999999999,0.0548562002739864,,,,,,
46,18.711945996840537,0.8882499999999999,-0.38300012865035266,,,,,,
47,0.08518499048357636,0.9327500000000001,0.9753258421187165,,,,,,
48,0.02788233860367229,0.30625,0.46456100550333645,,,,,,
49,2.4444272910600726,0.6499999999999999,0.30507041762388076,,,,,,
50,4.29477410570238,0.742,0.2444258513959006,725.0070354799328,0.64866,0.1411913397376885,1422.2615145221787,0.1249983775894711,0.22653742915046987
51,24.909113150448384,0.4362500000000001,-0.13118781709223268,,,,,,
52,0.09870875830169584,0.8280000000000001,0.5470589650955229,,,,,,
53,0.5153236709205811,0.8219999999999998,0.32509067763353217,,,,,,
54,357.6028580414725,0.77625,0.17813433301778386,,,,,,
55,0.1160342167911065,0.6794999999999999,0.4590928486151196,,,,,,
56,4.622273297300136,0.60875,0.6701391105887986,,,,,,
57,15.55557587302506,0.85725,0.6443203290333124,,,,,,
58,0.20606682917764352,0.82875,0.5956427386760663,,,,,,
59,0.48174725495756027,0.9145000000000002,0.5340091540878459,,,,,,
60,0.04166658527354981,0.7352500000000001,0.8367425255450364,725.0070354799328,0.64866,0.1411913397376885,1422.2615145221787,0.1249983775894711,0.22653742915046987
61,0.05587189497861961,0.90825,0.5652691819914345,,,,,,
62,0.2127879182717389,0.7515000000000001,0.6151758990622059,,,,,,
63,0.5664000044441431,0.74075,0.19277170371725927,,,,,,
64,0.04045853269503467,0.902,0.6117025077030127,,,,,,
65,0.3597864491899114,0.6677500000000001,0.4285497762171307,,,,,,
66,0.2525372341341876,0.8430000000000001,0.4047211306027006,,,,,,
67,70.07191524703879,0.6742500000000001,0.015816397532177322,,,,,,
68,1.7782775509252478,0.77875,0.5354832384243396,,,,,,
69,26.45769199020745,0.91875,0.2677945509116939,,,,,,
70,0.026920755369872817,0.9622499999999999,0.8593703701538423,725.0070354799328,0.64866,0.1411913397376885,1422.2615145221787,0.1249983775894711,0.22653742915046987
71,465.5717904523861,0.6920000000000001,0.14815789525496015,,,,,,
72,10.794371099987895,0.703,-0.04504136713699042,,,,,,
73,3.1207514017912796,0.8405000000000001,0.3700891335421039,,,,,,
74,0.612046275040134,0.5397500000000001,0.3772089267928847,,,,,,
75,0.052381807397058174,0.726,0.5796300835948973,,,,,,
76,65.27092508885973,0.7885,0.6058906940152009,,,,,,
77,4.16225064518174,0.9425,1.0410346224032354,,,,,,
78,48.84487934924004,0.7230000000000001,0.33521881504683443,,,,,,
79,0.0295210770602523,0.9714999999999999,0.7637954591616363,,,,,,
80,0.05415511859410138,0.8897499999999999,0.773839412993597,725.0070354799328,0.64866,0.1411913397376885,1422.2615145221787,0.1249983775894711,0.22653742915046987
81,0.5848837407489946,0.9075,0.7686148800405722,,,,,,
82,1.4924928748930797,0.89825,0.5931240667622842,,,,,,
83,4770.222423346464,0.7142499999999999,0.09541255834627846,,,,,,
84,0.5018891667919404,0.87575,0.6429625422671101,,,,,,
85,0.06683676402625487,0.6759999999999999,0.43473990407640906,,,,,,
86,11.212321837792405,0.8415000000000002,0.6149767757881747,,,,,,
87,0.10023783489876723,0.8022500000000001,0.45627396607349807,,,,,,
88,0.5403851931994699,0.8007500000000001,0.11281864803809222,,,,,,
89,0.04291035094423239,0.88725,0.5963389104607628,,,,,,
90,0.9871367765492878,0.91525,0.4571481175847639,725.0070354799328,0.64866,0.1411913397376885,1422.2615145221787,0.1249983775894711,0.22653742915046987
91,0.15824376659835448,0.8059999999999998,0.5520698904645022,,,,,,
92,3.3203852057600822,0.7729999999999998,0.1277092522402322,,,,,,
93,1.161923479494205,0.7922500000000001,0.08354722071965646,,,,,,
94,1.8487238807431217,0.61625,0.06572602640104529,,,,,,
95,0.012787461306826196,0.9670000000000002,1.1737435668208736,,,,,,
96,0.022750364883435414,0.9519999999999998,0.7715560191427921,,,,,,
97,0.29034950762683986,0.6795000000000002,0.27290436592506795,,,,,,
98,5.980862717913064,0.8125,0.33070594467981246,,,,,,
99,54.372973876699305,0.5205,0.1615074505627799,,,,,,
100,0.055978831494155654,0.35325,0.2033967034566283,725.0070354799328,0.64866,0.1411913397376885,1422.2615145221787,0.1249983775894711,0.22653742915046987
101,13.419537904518833,0.439,-0.7649949381967502,,,,,,
102,0.35135673629887465,0.9329999999999999,0.26359817983246037,,,,,,
103,86.1109173247956,0.85,-0.07597251005970314,,,,,,
104,12.429317427017105,0.8985,0.14740478845431804,,,,,,
105,0.4356111916049011,0.71375,0.5483111450554436,,,,,,
106,370.53480684107274,0.6639999999999999,-0.6818740633473772,,,,,,
107,0.5384732063195886,0.8465,0.4037454416730879,,,,,,
108,1.8863818751928898,0.7375,0.06580494481051387,,,,,,
109,162.9759376495903,0.49800000000000005,-0.01668047148108719,,,,,,
110,2.17031904344825,0.56525,0.14809704537261928,725.0070354799328,0.64866,0.1411913397376885,1422.2615145221787,0.1249983775894711,0.22653742915046987
111,38.33909705105738,0.8497499999999999,0.6787063681132974,,,,,,
112,0.20030729326917104,0.6870000000000002,0.38211526737364,,,,,,
113,0.052325590457783455,0.8947499999999998,0.8065931822053726,,,,,,
114,14.144342317267244,0.9632499999999999,0.4688001453036983,,,,,,
115,4.246929552390203,0.6022500000000001,0.34637886720872385,,,,,,
116,31926.81146860287,0.61925,0.2423579426724028,,,,,,
117,0.036029431753646333,0.70125,0.6841143730881676,,,,,,
118,1.1360341421230686,0.58475,0.07089369882261659,,,,,,
119,0.08827620979610035,0.4782500000000001,0.16692860709468815,,,,,,
120,12.875327946628593,0.693,0.476365647618915,725.0070354799328,0.64866,0.1411913397376885,1422.2615145221787,0.1249983775894711,0.22653742915046987
121,0.18832553569463467,0.78625,0.5119931592905713,,,,,,
122,0.09959145478150004,0.8009999999999999,0.5499818174507677,,,,,,
123,1.0092931498775328,0.8352499999999999,0.2023483041603061,,,,,,
124,3.595626850892139,0.8234999999999999,-0.028357797276146655,,,,,,
125,0.15312566862814264,0.5435,0.3455159514215037,,,,,,
126,25.983446103584097,0.77775,0.3471150003608635,,,,,,
127,0.08503310659744462,0.96175,0.8299945948205405,,,,,,
128,136.73272683913282,0.92975,0.8982439072102616,,,,,,
129,100.12418892753134,0.604,0.5942251648766281,,,,,,
130,0.0480254605738603,0.5415,0.4803509294063211,725.0070354799328,0.64866,0.1411913397376885,1422.2615145221787,0.1249983775894711,0.22653742915046987
131,0.3655779703263417,0.8994999999999999,0.9576708758959407,,,,,,
132,0.5766442589707947,0.726,0.39523930817364034,,,,,,
133,0.10414932666200206,0.64325,0.39658447431525995,,,,,,
134,0.03610486332535372,0.78,0.6646666706063639,,,,,,
135,0.03601218577598229,0.6722500000000001,0.7433820741907244,,,,,,
136,2273.8156145318894,0.76225,0.06630064046974243,,,,,,
137,0.6484687240411621,0.9407499999999999,0.8380037433783875,,,,,,
138,1.022596904704221,0.985,0.254643121605511,,,,,,
139,0.7803785753563314,0.9619999999999999,0.47639393865144924,,,,,,
140,0.036979972066151695,0.74675,0.7107121595590571,725.0070354799328,0.64866,0.1411913397376885,1422.2615145221787,0.1249983775894711,0.22653742915046987
141,11.860349611746022,0.8390000000000001,0.2802891111408742,,,,,,
142,0.3743125698169613,0.94375,0.5819283070388763,,,,,,
143,0.37461670422460913,0.87225,0.45053460089019737,,,,,,
144,0.08449853269565626,0.92775,0.5830420831871923,,,,,,
145,0.21316806256508536,0.5692499999999999,0.14770815874636206,,,,,,
146,0.20654835542987537,0.5755,0.1953241858982459,,,,,,
147,65.16999233170783,0.8752499999999999,0.6473211944455366,,,,,,
148,0.2144951140512622,0.644,0.29112139201785586,,,,,,
149,0.03954258107553834,0.7887499999999998,0.7414786276644836,,,,,,
150,0.09754246814859942,0.94675,0.6348812509605539,725.0070354799328,0.64866,0.1411913397376885,1422.2615145221787,0.1249983775894711,0.22653742915046987
151,0.704132325394631,0.9589999999999997,0.7100543878320825,,,,,,
152,19.453415659727465,0.8444999999999999,-0.29742988405536425,,,,,,
153,0.12694155655007244,0.36575,0.17455191919492086,,,,,,
154,223.89853201886902,0.86675,0.3683374434932572,,,,,,
155,0.37131561398590407,0.7332500000000001,0.3390187231628684,,,,,,
156,138.11260822176337,0.93675,-0.3076875445906469,,,,,,
157,7.549380982351753,0.7765000000000001,0.5051854806171235,,,,,,
158,0.16354238112480413,0.95825,1.0252103343731702,,,,,,
159,47.03551546772872,0.51775,-0.19977052914762441,,,,,,
160,0.06428859614864686,0.7042499999999999,0.6206937909435917,725.0070354799328,0.64866,0.1411913397376885,1422.2615145221787,0.1249983775894711,0.22653742915046987
161,4.534355859345456,0.8644999999999999,0.17925668141683646,,,,,,
162,1.2614034653916175,0.7454999999999998,0.2936803481474981,,,,,,
163,0.7975664718626244,0.8740000000000001,0.6520310927998739,,,,,,
164,6.6816718581952,0.7457499999999999,0.38187283183541076,,,,,,
165,3.2422101548499516,0.716,0.16900723270100199,,,,,,
166,0.05684967641767104,0.6395,0.4781312216082844,,,,,,
167,5.67625314989842,0.8392500000000002,-0.07867345478606097,,,,,,
168,0.1165505999777819,0.7124999999999999,0.568731007544216,,,,,,
169,2.934077816169525,0.77125,0.21789488012015923,,,,,,
170,0.3586868812620325,0.61075,0.17223547789813118,725.0070354799328,0.64866,0.1411913397376885,1422.2615145221787,0.1249983775894711,0.22653742915046987
171,0.4946268757250932,0.70625,0.1626826869367908,,,,,,
172,1.8949343385225856,0.83975,0.2270192110433231,,,,,,
173,0.06738535982456838,0.4445,0.2424989633452742,,,,,,
174,0.029223049787282632,0.6225,0.5874512115631512,,,,,,
175,0.7041689691687703,0.66925,0.06691220725652797,,,,,,
176,1.175436316920737,0.7324999999999998,0.2220573844283232,,,,,,
177,3.325478586526234,0.895,0.3753042469070618,,,,,,
178,10465.982279002708,0.7659999999999999,-0.4489138716123584,,,,,,
179,1.8460014845958252,0.7055,-0.009792686403049535,,,,,,
180,0.1936419412395228,0.84725,0.2509362649486981,725.0070354799328,0.64866,0.1411913397376885,1422.2615145221787,0.1249983775894711,0.22653742915046987
181,182.66380490491758,0.60125,-0.059417621931677225,,,,,,
182,0.4035020157819729,0.5992500000000001,0.49368452021391696,,,,,,
183,0.09937536705210132,0.836,0.7913918705360552,,,,,,
184,0.9137839796944802,0.55575,0.4551808281000163,,,,,,
185,61.311714674801706,0.45799999999999996,-0.2726188894647427,,,,,,
186,0.5639354220784137,0.7445,0.2984942128554487,,,,,,
187,1.939536196445571,0.89425,0.9388204308282754,,,,,,
188,1355.8246518992905,0.7587499999999998,0.023258213452475793,,,,,,
189,1.217197013391946,0.9567499999999999,1.1309675157906482,,,,,,
190,0.8268846911971568,0.7935000000000001,0.526457867459069,725.0070354799328,0.64866,0.1411913397376885,1422.2615145221787,0.1249983775894711,0.22653742915046987
191,3.5864073979627302,0.73425,0.46429296811608495,,,,,,
192,4079.519479159923,0.84675,0.39328372855545973,,,,,,
193,0.2856800046243344,0.8192499999999998,0.40921440378397017,,,,,,
194,1.1949454615903377,0.89,0.3246087618994462,,,,,,
195,0.22243779657889853,0.7384999999999999,0.35242991928635964,,,,,,
196,4.341802481696227,0.6877500000000001,0.3442348302506019,,,,,,
197,0.16025112842357508,0.8735,0.3744033639648907,,,,,,
198,22.884052296966242,0.8125,0.37931991820429545,,,,,,
199,0.6986743729720305,0.7717499999999999,0.4545626374935534,,,,,,
200,0.07215214219067952,0.888,0.6696880877396225,725.0070354799328,0.64866,0.1411913397376885,1422.2615145221787,0.1249983775894711,0.22653742915046987
201,37.87001063720024,0.7427499999999998,-0.45162166348007354,,,,,,
202,0.16950908433038558,0.9627500000000001,0.47104416303400226,,,,,,
203,0.6216552881130948,0.6785000000000001,0.425228764680541,,,,,,
204,0.11694842512855512,0.8465,0.6915989690798867,,,,,,
205,0.3605607081883291,0.7914999999999999,0.46261130923345134,,,,,,
206,0.04499392386689241,0.6259999999999999,0.5692735809809885,,,,,,
207,0.16565283395024127,0.71475,0.2067251342949873,,,,,,
208,0.6580333790867107,0.82875,0.2322275834447362,,,,,,
209,7.986967131217734,0.8015000000000001,0.18553834246569334,,,,,,
210,1.433441773486373,0.7917500000000001,0.5462329069712046,725.0070354799328,0.64866,0.1411913397376885,1422.2615145221787,0.1249983775894711,0.22653742915046987
211,0.020995511253081908,0.5675,0.6929372596755357,,,,,,
212,4.238062909061084,0.6435,0.24270550475672614,,,,,,
213,7.23262878230849,0.88775,0.33536258865257623,,,,,,
214,0.03915934883957229,0.65625,0.7730827989069323,,,,,,
215,15.696029546501181,0.8392499999999999,-0.5527892089311814,,,,,,
216,0.23308023083140614,0.8852500000000001,0.6494558185017354,,,,,,
217,0.7645651664115239,0.694,0.1945432866009563,,,,,,
218,0.02614972944080523,0.92025,0.9274403119296859,,,,,,
219,4.95421943143512,0.865,0.2985393081330622,,,,,,
220,6.91050363658921,0.7765000000000001,0.38099265414064315,725.0070354799328,0.64866,0.1411913397376885,1422.2615145221787,0.1249983775894711,0.22653742915046987
221,0.13380446863562445,0.7785000000000001,0.5204389399249726,,,,,,
222,1.3857440331888755,0.61675,0.19742102716574575,,,,,,
223,1.498453508507663,0.83825,0.44183489065136816,,,,,,
224,0.07062084382357764,0.8542499999999998,0.7486205400595881,,,,,,
225,13.873662398687966,0.47800000000000004,-0.03819228062906269,,,,,,
226,124.01661137983575,0.6970000000000001,-0.20844086533454692,,,,,,
227,4.403423498159914,0.6565000000000001,-0.007118156714405395,,,,,,
228,115.64359297774335,0.74675,0.3131857166760945,,,,,,
229,0.03948571892958296,0.86675,0.9054394050201505,,,,,,
230,116.51704048686796,0.521,-0.20326113866741763,725.0070354799328,0.64866,0.1411913397376885,1422.2615145221787,0.1249983775894711,0.22653742915046987
231,0.2517279054714637,0.6007500000000001,0.35684110581598305,,,,,,
232,0.11555258662287277,0.65475,0.4532282106585734,,,,,,
233,0.2845422690315405,0.84325,0.5241757470603067,,,,,,
234,0.3307716033751858,0.96575,0.9675518052630362,,,,,,
235,0.13312426356737256,0.5427500000000001,0.20520016858037324,,,,,,
236,0.8389251849307923,0.62475,-0.02086039646286916,,,,,,
237,0.32581966592850037,0.8132499999999999,0.37393478701769767,,,,,,
238,113.5944502200618,0.5927500000000001,-0.3705040655016713,,,,,,
239,0.6698106332985365,0.6885000000000001,0.32600374456986997,,,,,,
240,0.36824722394843157,0.6607499999999998,0.3235556700027503,725.0070354799328,0.64866,0.1411913397376885,1422.2615145221787,0.1249983775894711,0.22653742915046987
241,0.27900656991311357,0.92375,0.2944146244720814,,,,,,
242,0.15451551967349936,0.87225,0.7741827201735495,,,,,,
243,0.09334059266565368,0.7482500000000001,0.565673714802692,,,,,,
244,1.4119252120669339,0.7210000000000001,0.5945002210605673,,,,,,
245,0.36202891279906146,0.8342500000000002,0.3998371756868551,,,,,,
246,0.457537193791239,0.69625,0.465441530406147,,,,,,
247,0.20138069675214382,0.8292499999999999,0.6366318908390374,,,,,,
248,1.1787317048060835,0.7785000000000002,0.05641981281553643,,,,,,
249,3.9441504673322334,0.9490000000000001,0.5787834367083075,,,,,,
250,5.9984544473216825,0.44975000000000004,0.09754290299419469,725.0070354799328,0.64866,0.1411913397376885,1422.2615145221787,0.1249983775894711,0.22653742915046987
251,0.6151243611233073,0.424,0.22725086893859153,,,,,,
252,1.5234429755994925,0.49949999999999994,0.07615486416537279,,,,,,
253,0.7774398536195004,0.39074999999999993,-0.009772031963041113,,,,,,
254,0.9830681501290125,0.9079999999999999,0.7336233900222904,,,,,,
255,0.23818252898241699,0.68125,0.34492200259157735,,,,,,
256,0.0685804301509126,0.6417499999999999,0.521801412224312,,,,,,
257,0.10305752102742068,0.8155,0.5753169442528316,,,,,,
258,0.15642554536462835,0.764,0.4543587924247809,,,,,,
259,1888.1065893236164,0.91125,0.13032678159335837,,,,,,
260,0.032553574297407406,0.6809999999999999,0.8660602997221482,725.0070354799328,0.64866,0.1411913397376885,1422.2615145221787,0.1249983775894711,0.22653742915046987
261,2276.095953501959,0.75275,-0.030501968531816404,,,,,,
262,0.041892364254265776,0.82475,0.8601535103747884,,,,,,
263,0.06171486738705498,0.88875,1.0457415500828804,,,,,,
264,141.94170573955864,0.8652500000000001,0.25392745539830724,,,,,,
265,0.0475181136383235,0.91325,0.6733696953081253,,,,,,
266,1.6698122547873493,0.9257500000000001,0.33789490753668966,,,,,,
267,0.7730094253811766,0.75375,0.39851578806192534,,,,,,
268,0.11385029626905369,0.78775,0.6364730560720964,,,,,,
269,0.10108091700284622,0.7402500000000001,0.43022335685848007,,,,,,
270,0.07953676428997936,0.65575,0.4887055791040803,725.0070354799328,0.64866,0.1411913397376885,1422.2615145221787,0.1249983775894711,0.22653742915046987
271,0.06895836322485475,0.9355,0.814760119117956,,,,,,
272,0.1285522718659791,0.5579999999999999,0.5561177407640315,,,,,,
273,0.31758267436105553,0.6679999999999999,0.24247824274606597,,,,,,
274,1.0648111147382622,0.7130000000000001,0.1972734438977209,,,,,,
275,0.09676284569515069,0.8077500000000001,0.8087577087073287,,,,,,
276,0.18512245088359439,0.41974999999999996,0.22088153122698642,,,,,,
277,103.20892591724355,0.81475,-0.16212970496727405,,,,,,
278,3411.150991771308,0.95175,-1.0462115960735607,,,,,,
279,0.04561369448693335,0.88875,1.0757101793637838,,,,,,
280,3.5161723224041213,0.72375,0.4647980793140983,725.0070354799328,0.64866,0.1411913397376885,1422.2615145221787,0.1249983775894711,0.22653742915046987
281,0.37670393473975017,0.826,0.2623467923763757,,,,,,
282,0.04788955131283856,0.7794999999999999,0.7779113043595537,,,,,,
283,12.293423088948982,0.6762500000000001,-0.04132057163538118,,,,,,
284,0.05970765787307639,0.69975,0.6540278599767585,,,,,,
285,0.019172330294013763,0.7532500000000002,0.789035569852387,,,,,,
286,1.0981616328498456,0.815,0.6237310917869276,,,,,,
287,5.132627944035216,0.97525,0.5440776050922529,,,,,,
288,355.6962988765757,0.9109999999999999,0.07984918725061334,,,,,,
289,0.05038774345296382,0.7732500000000002,0.656491429962257,,,,,,
290,57.02466158071136,0.8810000000000001,0.3689875406247198,725.0070354799328,0.64866,0.1411913397376885,1422.2615145221787,0.1249983775894711,0.22653742915046987
291,59.94315975162092,0.7580000000000001,-0.09889110129634453,,,,,,
292,0.044937567805193444,0.59625,0.5034304703807991,,,,,,
293,0.6306508260815427,0.8467500000000001,0.3861142984344878,,,,,,
294,703.1907712177538,0.8077500000000001,0.00989052875455036,,,,,,
295,602338.4423175165,0.87025,-0.32777547970547927,,,,,,
296,0.4229419683749025,0.5485,0.47045203364808436,,,,,,
297,0.3565786390367743,0.6149999999999999,0.01193976611694692,,,,,,
298,129.06225374401458,0.57,-0.641810974637348,,,,,,
299,1.9848536475774403,0.6225,0.5057621192254447,,,,,,
300,2.578929251693579,0.7254999999999998,0.12585679363901903,725.0070354799328,0.64866,0.1411913397376885,1422.2615145221787,0.1249983775894711,0.22653742915046987
301,0.034455344145862925,0.6292500000000001,0.5696128204841311,,,,,,
302,0.45387284471930966,0.6775000000000001,0.15744914126107715,,,,,,
303,0.7966444526301347,0.8530000000000001,0.2659490189334534,,,,,,
304,0.13825157865988186,0.6627500000000001,0.32901679404999007,,,,,,
305,26.913728964051028,0.7535,0.30275269167979235,,,,,,
306,15.705530699175627,0.8265000000000002,0.5343516702857447,,,,,,
307,0.11305767184724086,0.88875,0.751470042302898,,,,,,
308,3.736728468497457,0.54975,0.47374903306484184,,,,,,
309,114.24052511090734,0.8025,-0.2794490800298081,,,,,,
310,12.539820684814647,0.564,0.06879823964299686,725.0070354799328,0.64866,0.1411913397376885,1422.2615145221787,0.1249983775894711,0.22653742915046987
311,0.9486446075343664,0.7605000000000001,0.0434422039437887,,,,,,
312,0.11143183319117414,0.8809999999999999,0.3380490230292862,,,,,,
313,8.764513751042015,0.829,0.15724107335551046,,,,,,
314,20.766743892260898,0.8292500000000002,0.31487997660025824,,,,,,
315,0.08253426182690735,0.8547500000000001,0.6636684421358403,,,,,,
316,0.045568357352296564,0.9415,0.752213167906892,,,,,,
317,2.0011718640483456,0.8574999999999998,0.25153485093000644,,,,,,
318,0.5858876317907489,0.9300000000000002,0.5704820473645832,,,,,,
319,5.914900423884836,0.6199999999999999,0.2189235774943763,,,,,,
320,17.46879272561512,0.8377499999999999,0.5573867528598708,725.0070354799328,0.64866,0.1411913397376885,1422.2615145221787,0.1249983775894711,0.22653742915046987
321,0.03342193165665907,0.7857500000000001,0.7502423224148705,,,,,,
322,3.0053311481356193,0.7745000000000001,0.38888416580414314,,,,,,
323,57.050267112065114,0.6395000000000001,-0.47074666676707216,,,,,,
324,0.5273413644605153,0.60925,0.19499669554666127,,,,,,
325,0.27502258657134815,0.809,0.5513029588786096,,,,,,
326,0.08353710926518625,0.4330000000000001,0.4032476849181697,,,,,,
327,0.11423282366585054,0.6530000000000001,0.4115901996019975,,,,,,
328,0.5401947808538275,0.8510000000000001,0.24995200817019053,,,,,,
329,320752.0569916943,0.59925,-0.04886639293072187,,,,,,
330,0.9579211392438292,0.61775,-0.005719911619218059,725.0070354799328,0.64866,0.1411913397376885,1422.2615145221787,0.1249983775894711,0.22653742915046987
331,0.024414358863677696,0.87575,0.8603043821057986,,,,,,
332,3.5686821749188296,0.9690000000000001,0.39283222483851415,,,,,,
333,6.069459672934329,0.62925,0.2275049668567988,,,,,,
334,0.3072089390959026,0.8072499999999999,0.5385084593528965,,,,,,
335,1.2364831635950282,0.8072500000000001,0.09912209116087264,,,,,,
336,34.66577686113109,0.9279999999999999,-0.6294167073716056,,,,,,
337,0.7681166522883704,0.7575,0.20996427099522666,,,,,,
338,67.74807428599226,0.6759999999999999,0.2519784057608905,,,,,,
339,0.2739956204442419,0.6657499999999998,0.7038903467793614,,,,,,
340,1.865266073206263,0.5675,0.1140501635967009,725.0070354799328,0.64866,0.1411913397376885,1422.2615145221787,0.1249983775894711,0.22653742915046987
341,0.012899499524181086,0.9275,1.2082662309763106,,,,,,
342,14.984944374782149,0.8805,0.13180810724750575,,,,,,
343,0.0363053515751008,0.70975,0.7339210989160899,,,,,,
344,0.8622899208292342,0.8022499999999999,0.6624708575196077,,,,,,
345,17.937787941346198,0.50175,-0.4965626580037097,,,,,,
346,0.8210697649329177,0.9704999999999999,0.684200865849192,,,,,,
347,0.14245469947083816,0.88,0.61252781986641,,,,,,
348,812.2173937576428,0.786,0.4496259063420039,,,,,,
349,0.4514289360634988,0.72725,0.2812304677766099,,,,,,
350,1.8220691882094493,0.63575,0.13918744128883528,725.0070354799328,0.64866,0.1411913397376885,1422.2615145221787,0.1249983775894711,0.22653742915046987
351,0.03516142772984233,0.6689999999999999,0.5612350084922914,,,,,,
352,0.06785896181741717,0.72,0.6767121354752483,,,,,,
353,9.94073996508065,0.7120000000000001,0.2993794685418118,,,,,,
354,0.2110604260778352,0.5920000000000001,0.3542755653002142,,,,,,
355,0.04552022027702967,0.79525,0.7979711339673351,,,,,,
356,0.4239795645062383,0.6784999999999998,0.3504001271406096,,,,,,
357,2.261172832949721,0.703,0.39055283378247974,,,,,,
358,0.10699918421025624,0.6635000000000001,0.6034746506858221,,,,,,
359,0.8436745169091062,0.92925,0.6098599629225773,,,,,,
360,1.3418814990850516,0.7240000000000001,0.32115583979611206,725.0070354799328,0.64866,0.1411913397376885,1422.2615145221787,0.1249983775894711,0.22653742915046987
361,1.7528700232220904,0.701,0.5450103842191126,,,,,,
362,0.0452673073527156,0.6774999999999999,0.5702382896723237,,,,,,
363,0.047501575863957465,0.71475,0.6781012664071894,,,,,,
364,0.05383312188546332,0.7979999999999999,0.6722090239698422,,,,,,
365,0.17157050365877477,0.40075000000000005,0.5016136232890593,,,,,,
366,0.0872799422414277,0.8919999999999999,0.6765618287685132,,,,,,
367,0.2762786470153428,0.7979999999999999,0.4831915921594853,,,,,,
368,8.24310841000731,0.7782500000000002,0.5399462467134772,,,,,,
369,2.5664904960341715,0.70675,0.17805797313486327,,,,,,
370,1.4677667945738093,0.6495000000000001,-0.11619516780055861,725.0070354799328,0.64866,0.1411913397376885,1422.2615145221787,0.1249983775894711,0.22653742915046987
371,0.5360662917939392,0.8000000000000002,0.579752017274897,,,,,,
372,0.08256112921576722,0.4675000000000001,0.3540103797594502,,,,,,
373,0.06468968684967008,0.6564999999999999,0.3174640515567953,,,,,,
374,362.8188751729054,0.5589999999999999,0.39330970693727024,,,,,,
375,0.1489507915574544,0.72125,0.4989535089423304,,,,,,
376,1325.999049055873,0.9704999999999999,-0.16023771872686282,,,,,,
377,0.05515018512114502,0.7985000000000001,0.5900474245878539,,,,,,
378,0.05007212592921169,0.8497500000000001,0.762141516129506,,,,,,
379,1.9380599712460957,0.7955,0.38236825923167345,,,,,,
380,0.07053122026869524,0.914,0.71478308029953,725.0070354799328,0.64866,0.1411913397376885,1422.2615145221787,0.1249983775894711,0.22653742915046987
381,0.18720554287992994,0.826,0.5654724924321451,,,,,,
382,0.02850379523009196,0.9482499999999999,0.726711597520308,,,,,,
383,0.14303659997292045,0.70025,0.6065246880768268,,,,,,
384,0.8088042767311465,0.829,0.34154448964579165,,,,,,
385,963951.5889656576,0.7802499999999999,0.11660764731031366,,,,,,
386,11.446448662754207,0.83825,0.1279796158530757,,,,,,
387,0.06612622138993152,0.83075,0.6180094440638573,,,,,,
388,0.16103913753904575,0.85625,0.42084918002232413,,,,,,
389,1.2727516216397519,0.523,0.16361048218132196,,,,,,
390,16.459127802598257,0.8077500000000001,0.24105080071014534,725.0070354799328,0.64866,0.1411913397376885,1422.2615145221787,0.1249983775894711,0.22653742915046987
391,26.404473979699134,0.7214999999999999,0.17094630747918743,,,,,,
392,316.79848205868785,0.76375,0.24522489631483144,,,,,,
393,2.4596540958356594,0.9610000000000001,0.6590513957629384,,,,,,
394,0.2563228548745486,0.6492499999999999,0.49656244117607734,,,,,,
395,0.6940979776125492,0.88325,0.2597991476582296,,,,,,
396,145.42714643420695,0.9515,0.28716204160433006,,,,,,
397,0.5904293710828058,0.8515,0.5741156744411451,,,,,,
398,6.245689333332972,0.8202499999999999,0.5325096282981441,,,,,,
399,0.08201216736191393,0.6744999999999999,0.39786127053586073,,,,,,
400,0.3205626098674207,0.7342499999999998,0.5438465769089226,725.0070354799328,0.64866,0.1411913397376885,1422.2615145221787,0.1249983775894711,0.22653742915046987
401,0.04631365950257178,0.6559999999999999,0.7491134691923734,,,,,,
402,0.22409617860106804,0.7752499999999999,0.7730753222353381,,,,,,
403,4.234064792626407,0.82125,0.548055044588008,,,,,,
404,36.07232617263004,0.72675,0.04445252267871817,,,,,,
405,141.50023735401905,0.59275,0.21483344570316645,,,,,,
406,3.2274404844550624,0.8079999999999998,0.1426452726817484,,,,,,
407,0.08817038873958265,0.5275000000000001,0.2975733500694779,,,,,,
408,67.07662711527804,0.7334999999999999,0.05920798625471071,,,,,,
409,0.05430667320012242,0.648,0.5050717067202288,,,,,,
410,1.5124691633148646,0.7872499999999999,0.5323631731641573,725.0070354799328,0.64866,0.1411913397376885,1422.2615145221787,0.1249983775894711,0.22653742915046987
411,0.018479832510765792,0.5572499999999999,0.8201599207212751,,,,,,
412,0.19165586053907394,0.8357499999999999,0.6547840019330979,,,,,,
413,106.45627531865316,0.91375,-0.101422461588898,,,,,,
414,0.23434453102180552,0.8675000000000002,0.8619664132308972,,,,,,
415,0.05575954046381387,0.76375,0.7511111621821946,,,,,,
416,95.17554302007433,0.6897500000000001,0.120555045132986,,,,,,
417,15.03886706089454,0.7972500000000001,-0.06519318886699535,,,,,,
418,0.01706914477960191,0.6782500000000001,0.7760425435063635,,,,,,
419,0.10459684250917717,0.7395,0.36565815715537303,,,,,,
420,0.17019317421733868,0.7659999999999999,0.7355124481419385,725.0070354799328,0.64866,0.1411913397376885,1422.2615145221787,0.1249983775894711,0.22653742915046987
421,294.82552343216224,0.5774999999999999,-0.10130008771190276,,,,,,
422,2.2716067767281416,0.8737500000000001,0.5001214931550292,,,,,,
423,59.68312684173507,0.873,0.03613605271774498,,,,,,
424,0.18513509667970293,0.62,0.22961251372046607,,,,,,
425,118.28587980310634,0.8009999999999999,0.43167870763602373,,,,,,
426,0.5289809972963077,0.7650000000000001,0.5124925457821735,,,,,,
427,770.7887770196066,0.7632499999999999,-0.22070894860622312,,,,,,
428,5.026063298820827,0.8965000000000001,0.39877101745085836,,,,,,
429,10.254709564051034,0.77275,0.0943108682928298,,,,,,
430,0.0456351604780828,0.98075,0.8142990943458893,725.0070354799328,0.64866,0.1411913397376885,1422.2615145221787,0.1249983775894711,0.22653742915046987
431,0.7962947146997533,0.8965000000000001,0.5003268001728363,,,,,,
432,0.05357274288931516,0.943,0.7061118452241419,,,,,,
433,0.38168203991518096,0.7697499999999999,0.5613475862283837,,,,,,
434,0.19408306482057242,0.66775,0.3458626574310496,,,,,,
435,970.7072336127279,0.54675,-0.45481958086980817,,,,,,
436,0.0953384625847104,0.7065,0.401974502100347,,,,,,
437,0.04875546404277136,0.7947500000000001,0.7889751680584147,,,,,,
438,0.8109699778499219,0.4985,0.3016899932520588,,,,,,
439,0.15201946083759973,0.7027500000000001,0.4099560751162547,,,,,,
440,0.22314413135861946,0.47675000000000006,0.3639489994189069,725.0070354799328,0.64866,0.1411913397376885,1422.2615145221787,0.1249983775894711,0.22653742915046987
441,0.25322644391928534,0.9302499999999999,0.5488519871591767,,,,,,
442,0.0708752617807647,0.6587499999999998,0.4811886250302109,,,,,,
443,2.9609443645268243,0.74875,0.4670198995530616,,,,,,
444,0.044145920986369575,0.8929999999999998,0.742047189236144,,,,,,
445,557.1265845905937,0.965,0.3065024165094102,,,,,,
446,2.9063440346299614,0.6705,0.29066175109232195,,,,,,
447,0.07709482698172988,0.57275,0.4715984511418085,,,,,,
448,0.1896160433876492,0.89075,0.6903253609209314,,,,,,
449,0.26909882726896656,0.9627499999999999,0.6165547983661199,,,,,,
450,0.1925395432933485,0.6307499999999999,0.64065092786011,725.0070354799328,0.64866,0.1411913397376885,1422.2615145221787,0.1249983775894711,0.22653742915046987
451,0.23112489900271932,0.7575000000000002,0.2872431566022609,,,,,,
452,1.5872034274299112,0.66,0.07774924717594377,,,,,,
453,0.1017316948359099,0.681,0.5042728310054557,,,,,,
454,114.1738236839174,0.7445,0.007205413940145907,,,,,,
455,5.214027976311875,0.7745000000000001,-0.07112501692981373,,,,,,
456,58.22341508753985,0.5700000000000001,-0.007242679717136946,,,,,,
457,40.63674866300777,0.7585000000000002,-0.6643562596165619,,,,,,
458,0.5318820110256378,0.7647499999999999,0.4616273129025379,,,,,,
459,73.96853744689398,0.9917499999999998,0.4272736772365807,,,,,,
460,0.03688187496795038,0.8592499999999998,0.8965336991179284,725.0070354799328,0.64866,0.1411913397376885,1422.2615145221787,0.1249983775894711,0.22653742915046987
461,46.331257769191545,0.7875,-0.019725548243215464,,,,,,
462,0.1516254820762777,0.7372500000000001,0.35432380751555903,,,,,,
463,1.185930528581957,0.7879999999999999,0.053079942034650426,,,,,,
464,0.040544826911640595,0.44375,0.3763857581875796,,,,,,
465,51.02023900175177,0.8562500000000002,0.3105210358268986,,,,,,
466,1.4838740759433853,0.8447500000000001,0.5322942725028965,,,,,,
467,2.0555394023637477,0.5792499999999999,-0.162518371793719,,,,,,
468,1.6993340380874857,0.7730000000000001,0.37457558407816083,,,,,,
469,0.26179648754218443,0.56925,0.02180706428197231,,,,,,
470,96.32204277543418,0.7987500000000002,0.5079224126168829,725.0070354799328,0.64866,0.1411913397376885,1422.2615145221787,0.1249983775894711,0.22653742915046987
471,726.5135273813434,0.7467500000000001,0.2651211309816663,,,,,,
472,1.2647344257423156,0.6927499999999999,0.33576118708231933,,,,,,
473,0.44485764391075877,0.9177500000000001,0.7539031714379452,,,,,,
474,1.7545726646660937,0.53925,0.2713629460044389,,,,,,
475,925.0039820682035,0.8665,-0.2111268310102252,,,,,,
476,0.04058843824147416,0.945,0.9760789568865139,,,,,,
477,0.36193126767842565,0.7987500000000002,0.6155312677458749,,,,,,
478,0.08884190895581531,0.898,0.8589622550421603,,,,,,
479,0.5327551644755123,0.5415,0.33780779268419797,,,,,,
480,0.10518963416384156,0.7432499999999999,0.3738611487629326,725.0070354799328,0.64866,0.1411913397376885,1422.2615145221787,0.1249983775894711,0.22653742915046987
481,2.754278626801037,0.7434999999999999,0.8698486389578742,,,,,,
482,0.09100611105708206,0.5630000000000001,0.6597779015203248,,,,,,
483,53.95242578684672,0.8595,0.6634554335967553,,,,,,
484,0.07538881714763938,0.8307500000000002,0.9225624342641379,,,,,,
485,0.07315107437747709,0.8734999999999999,0.6719099655425197,,,,,,
486,165.59849923611569,0.9804999999999999,0.3479107289584292,,,,,,
487,0.024135057129111653,0.9207500000000001,0.7904238368844099,,,,,,
488,26.027950353290603,0.77275,0.5423207231864141,,,,,,
489,26.582760537964433,0.721,-0.28699221727774704,,,,,,
490,0.06372776758686843,0.8685,0.5681727091804785,725.0070354799328,0.64866,0.1411913397376885,1422.2615145221787,0.1249983775894711,0.22653742915046987
491,10.2888598760946,0.8645,0.42106430171096193,,,,,,
492,0.06777131668214892,0.7922499999999999,0.6283725727753393,,,,,,
493,0.07108181627889419,0.8022499999999999,0.6037408311404041,,,,,,
494,7.841388759030805,0.73925,0.18036295971619387,,,,,,
495,4.782208262953226,0.703,0.13700172361613577,,,,,,
496,0.8640966695595043,0.86275,0.3414700013926752,,,,,,
497,4.67784198342946,0.7839999999999999,-0.278563510191491,,,,,,
498,0.07747468934598242,0.8312499999999998,0.5905084320578626,,,,,,
499,38.14403646185164,0.7747499999999999,0.32584051124514857,,,,,,
500,0.028076949661631857,0.9412500000000001,0.7741430329939848,725.0070354799328,0.64866,0.1411913397376885,1422.2615145221787,0.1249983775894711,0.22653742915046987
501,27.970316525481312,0.7102499999999999,0.3169645310094832,,,,,,
502,0.09659118216443648,0.7802499999999999,0.4094702170732864,,,,,,
503,0.0883841995910792,0.8805,0.8263863610897243,,,,,,
504,25.30585955698947,0.8447499999999999,0.6776489804815903,,,,,,
505,2.824382710324617,0.7652500000000001,0.38467849670323234,,,,,,
506,0.0416982621846106,0.6295000000000001,0.5043007807665909,,,,,,
507,0.1601586057434923,0.4439999999999999,0.20866854240134305,,,,,,
508,0.07138043837548373,0.9174999999999999,0.5052373215895567,,,,,,
509,1.3267110484188223,0.67525,0.026555597992792238,,,,,,
510,1.5541838954731173,0.573,-0.4270991819822006,725.0070354799328,0.64866,0.1411913397376885,1422.2615145221787,0.1249983775894711,0.22653742915046987
511,0.1964390570872334,0.6185,0.06805002168005196,,,,,,
512,18.6196663178123,0.709,0.18935740217420796,,,,,,
513,16.96214652767031,0.53525,-0.27829285980751817,,,,,,
514,18.351419639833804,0.8575,-0.11607640216410237,,,,,,
515,0.042753436967438836,0.7252500000000001,0.704424202046487,,,,,,
516,0.014504184069502758,0.706,0.8071153199963684,,,,,,
517,0.05358328635509011,0.9449999999999998,0.812275840807811,,,,,,
518,193.50006379249186,0.6779999999999998,-0.30732441049370846,,,,,,
519,0.5185667412229628,0.4985,0.35338076267063884,,,,,,
520,1.5132664805709197,0.8465,0.5581050020425093,725.0070354799328,0.64866,0.1411913397376885,1422.2615145221787,0.1249983775894711,0.22653742915046987
521,3.390516451104712,0.78675,0.29874235414926853,,,,,,
522,22.017014681071764,0.8072500000000001,0.4068655034666088,,,,,,
523,14.710379712588658,0.924,0.5485464086467118,,,,,,
524,0.0646735101463869,0.7027499999999999,0.5074267136186505,,,,,,
525,0.907303884826125,0.69675,0.1465730274971334,,,,,,
526,0.17155627991444874,0.64375,0.06700631735643661,,,,,,
527,385.5203572274548,0.8055,0.30904603460431873,,,,,,
528,0.19551315384437948,0.7184999999999999,0.5275949327857004,,,,,,
529,0.14558371140856408,0.86075,0.8876035583774629,,,,,,
530,0.9994653177926724,0.7390000000000001,0.5094277871053119,725.0070354799328,0.64866,0.1411913397376885,1422.2615145221787,0.1249983775894711,0.22653742915046987
531,0.22185012516836364,0.76975,0.45615867354655004,,,,,,
532,0.07421907101802323,0.6805000000000001,0.5350428449674647,,,,,,
533,5.778673817444895,0.56575,0.026143074245875163,,,,,,
534,2.1613146616618657,0.7075,0.2935039316681977,,,,,,
535,0.8148830683495167,0.4775000000000001,-0.046055719274031175,,,,,,
536,7.439630130229912,0.9244999999999999,0.4920735441441032,,,,,,
537,0.5953919685732153,0.5445,0.4311048313984581,,,,,,
538,31.482856220158183,0.7365,0.056885563350686404,,,,,,
539,0.8830488462313772,0.8925,0.1256235100356223,,,,,,
540,0.14009174172529223,0.7380000000000001,0.5208681850118289,725.0070354799328,0.64866,0.1411913397376885,1422.2615145221787,0.1249983775894711,0.22653742915046987
541,0.07212662418275896,0.7555000000000001,0.3947705802007269,,,,,,
542,1.4889437004065627,0.92675,0.45014055749102305,,,,,,
543,1.0582162138494347,0.9322500000000001,0.4953239076920354,,,,,,
544,112.12815770987869,0.7027499999999999,0.39739693995102404,,,,,,
545,1630.9517708990854,0.7782499999999999,0.14837768780590138,,,,,,
546,0.02436079959658495,0.8394999999999999,0.8739761768607948,,,,,,
547,120.48653175585927,0.7070000000000002,0.2555854634704385,,,,,,
548,0.05281390691154506,0.802,0.8703456997539623,,,,,,
549,0.8773989942915148,0.8215000000000002,0.35562188237748893,,,,,,
550,0.4220903301864021,0.8184999999999999,0.20183285420494593,725.0070354799328,0.64866,0.1411913397376885,1422.2615145221787,0.1249983775894711,0.22653742915046987
551,0.8531622837042404,0.6594999999999999,0.3061906060750903,,,,,,
552,2.8874686331950454,0.927,0.19545067920016998,,,,,,
553,19079569.623403605,0.9794999999999999,-0.39268063020273525,,,,,,
554,5.860645317856652,0.7852499999999999,0.638952670777397,,,,,,
555,0.12659887310318563,0.7717499999999999,0.4173231715722024,,,,,,
556,0.0705658245974003,0.6135,0.47896043303071684,,,,,,
557,0.046391214542160705,0.71625,0.4718216524583063,,,,,,
558,0.06215838295079221,0.68875,0.500772389136201,,,,,,
559,1.2839899572995077,0.7955,0.2865300431493782,,,,,,
560,0.1917832777906082,0.9077500000000001,0.7719376093766439,725.0070354799328,0.64866,0.1411913397376885,1422.2615145221787,0.1249983775894711,0.22653742915046987
561,141.36548288352512,0.7864999999999999,-0.10816156670497698,,,,,,
562,0.36802308886244106,0.92525,0.31160381938707593,,,,,,
563,0.10165609018215199,0.6765000000000002,0.6144673792549703,,,,,,
564,24.263164795277884,0.74925,0.2618567208202429,,,,,,
565,7.469917734708339,0.904,0.07722501543359636,,,,,,
566,2.0626267928915065,0.8725,0.4821252281569054,,,,,,
567,0.10722857958245846,0.80875,0.3986233996103665,,,,,,
568,16.252058972280555,0.7895,-0.11750043150833904,,,,,,
569,0.19829142122062787,0.9502499999999999,0.3075676932176103,,,,,,
570,1.4847427580951758,0.6757499999999999,0.25093256475862646,725.0070354799328,0.64866,0.1411913397376885,1422.2615145221787,0.1249983775894711,0.22653742915046987
571,8.724325934943725,0.8939999999999999,0.26121803449301256,,,,,,
572,0.10160924956433683,0.8367500000000001,0.42844146065121713,,,,,,
573,0.021617604376524234,0.7332500000000001,0.8020100602965894,,,,,,
574,1.7419237492659487,0.9634999999999999,0.10116015529072497,,,,,,
575,40.89934751797285,0.9075,0.6682850317618955,,,,,,
576,0.17148065493538237,0.7835,0.20292064108916585,,,,,,
577,335.0119835992866,0.6555000000000001,-0.27269559822009126,,,,,,
578,116.31951354266818,0.657,0.13282106015494416,,,,,,
579,0.8502191669207982,0.698,0.1066505194575954,,,,,,
580,0.03646975510408698,0.828,0.9967291410662541,725.0070354799328,0.64866,0.1411913397376885,1422.2615145221787,0.1249983775894711,0.22653742915046987
581,29.390609363751768,0.92175,0.6223551377606509,,,,,,
582,47.281176934238516,0.6579999999999999,-0.019962305753907963,,,,,,
583,194.4171396083924,0.7080000000000001,-0.2722573897101366,,,,,,
584,1.101433147913272,0.8054999999999999,0.28723904945398,,,,,,
585,6.020268092114696,0.728,0.21583733512539133,,,,,,
586,0.19520431091450882,0.931,0.4013118355032617,,,,,,
587,0.38484901263877447,0.56675,0.14250856355420263,,,,,,
588,0.07404857927101553,0.74275,0.6888427015795786,,,,,,
589,0.13790147833249433,0.754,0.4768325310609185,,,,,,
590,7.261930693102358,0.7134999999999999,0.17338518580606468,725.0070354799328,0.64866,0.1411913397376885,1422.2615145221787,0.1249983775894711,0.22653742915046987
591,0.08334214378021403,0.8052499999999999,0.4387837286614984,,,,,,
592,0.056320440390961554,0.9515,1.1232562044416523,,,,,,
593,1.2155616382806145,0.8072499999999998,0.3971284859243555,,,,,,
594,0.04228795174023414,0.9205,0.6600863476357683,,,,,,
595,1.3255328548726029,0.5685,0.0843645540413331,,,,,,
596,0.16035667328071615,0.8210000000000001,0.7740226362626317,,,,,,
597,0.746900666846063,0.7275,0.07867126895779149,,,,,,
598,9.415927935843841,0.8872500000000001,0.7584717203291399,,,,,,
599,8.147213720841386,0.7312500000000002,-0.20940932187944483,,,,,,
600,0.6198861714720844,0.5582499999999999,0.3125610533774035,725.0070354799328,0.64866,0.1411913397376885,1422.2615145221787,0.1249983775894711,0.22653742915046987
601,1.617610172526571,0.8615,0.5428535856541837,,,,,,
602,0.05082746737774034,0.7189999999999999,0.5299364686499188,,,,,,
603,27.429908567624462,0.5465,0.057817390687610694,,,,,,
604,0.4779348297713635,0.6657500000000001,0.3394900779560793,,,,,,
605,35.09743535076402,0.7509999999999999,0.1931484358086585,,,,,,
606,2.1731191262896514,0.754,0.20168352249279387,,,,,,
607,0.014120831467270702,0.9279999999999999,1.0968135876867307,,,,,,
608,0.04401030329044394,0.6629999999999999,0.4539618149328509,,,,,,
609,1.6153699654839064,0.8995000000000001,0.882580806924686,,,,,,
610,14.86311369544078,0.64075,0.1729213010791745,725.0070354799328,0.64866,0.1411913397376885,1422.2615145221787,0.1249983775894711,0.22653742915046987
611,2.583918483880331,0.7372500000000001,0.1577570132762138,,,,,,
612,0.977853804904105,0.6970000000000001,0.4250106111428687,,,,,,
613,2.5147775876416985,0.9492500000000001,0.7904913552483589,,,,,,
614,0.030700217377886793,0.6907499999999999,0.659505038901498,,,,,,
615,0.01581944843118961,0.95975,1.2916749493926312,,,,,,
616,0.46341208503006087,0.74175,0.5557509365795474,,,,,,
617,35.848260678225245,0.6709999999999999,0.04968261727897745,,,,,,
618,30.272197465980703,0.664,0.0891777400518446,,,,,,
619,0.38898230011559176,0.8840000000000002,0.5597851835973711,,,,,,
620,0.5390699104568408,0.7757499999999999,0.6162691779984941,725.0070354799328,0.64866,0.1411913397376885,1422.2615145221787,0.1249983775894711,0.22653742915046987
621,0.23027900400415058,0.50975,0.1310918303336687,,,,,,
622,5.02667603935872,0.9095,0.820997637139527,,,,,,
623,20.91544195493634,0.714,0.2629665079478399,,,,,,
624,0.08711655679790166,0.711,0.3615128232707731,,,,,,
625,0.021729536999810232,0.84925,0.8026979772584818,,,,,,
626,0.2261841481027407,0.6605,0.6331165704306576,,,,,,
627,0.08495427876882732,0.814,0.6025518785722206,,,,,,
628,0.04317727336023479,0.9740000000000001,0.9856475221453672,,,,,,
629,0.020118778864582486,0.7167499999999998,0.7466074602061604,,,,,,
630,0.08573557378724679,0.95125,0.9384521088223126,725.0070354799328,0.64866,0.1411913397376885,1422.2615145221787,0.1249983775894711,0.22653742915046987
631,0.049996865548544094,0.7084999999999998,0.5936236717108738,,,,,,
632,23106.290132166097,0.39875,-0.9790222160560768,,,,,,
633,0.32209259510347393,0.8825,0.5597716281902929,,,,,,
634,0.23518735636398624,0.813,0.5240476548097333,,,,,,
635,0.09080803009909716,0.657,0.4469415368450656,,,,,,
636,8.755666506605364,0.7019999999999998,0.5309769017278575,,,,,,
637,1.0279667741139413,0.64475,0.015769648852390832,,,,,,
638,0.47365609862502817,0.7112500000000002,0.6953138443501732,,,,,,
639,0.1640846869821714,0.7040000000000001,0.2624448312486596,,,,,,
640,0.04012418238577332,0.81175,0.8105642125710772,725.0070354799328,0.64866,0.1411913397376885,1422.2615145221787,0.1249983775894711,0.22653742915046987
641,3.7064739035717476,0.62775,0.2577109702015343,,,,,,
642,0.8004964197335334,0.69825,0.43195749962478236,,,,,,
643,0.31699214676445225,0.7337500000000001,0.23482448654585994,,,,,,
644,0.033114636641318564,0.9332499999999999,0.995400039182319,,,,,,
645,41.06595869722858,0.7189999999999999,-0.2759922968522233,,,,,,
646,17.29859474182781,0.8817499999999999,0.25965944036357697,,,,,,
647,6.003971658118108,0.62525,0.1531134904747499,,,,,,
648,1.7169642993981924,0.61725,-0.1325025003420138,,,,,,
649,0.27249447630703794,0.70325,0.3038490940039547,,,,,,
650,558.9049991322292,0.6502500000000001,-0.06510006457437757,725.0070354799328,0.64866,0.1411913397376885,1422.2615145221787,0.1249983775894711,0.22653742915046987
651,0.48512881115207895,0.7297500000000001,0.40293222658446387,,,,,,
652,0.40476556467624214,0.46525000000000005,0.21989426363170947,,,,,,
653,0.052751107685854774,0.7060000000000001,0.5691657814750486,,,,,,
654,0.07910921861520656,0.7197499999999999,0.5398626661116519,,,,,,
655,1.1639772550187601,0.66375,0.2525379473629404,,,,,,
656,0.6887451453637564,0.49875,0.12035219907041209,,,,,,
657,1.021731284791072,0.8815000000000001,0.5430458083459768,,,,,,
658,11.5597852438319,0.8322500000000003,0.2575447654286929,,,,,,
659,523.6500466842934,0.72375,0.4075166824985725,,,,,,
660,6.663936371536689,0.74625,0.42359810839800366,725.0070354799328,0.64866,0.1411913397376885,1422.2615145221787,0.1249983775894711,0.22653742915046987
661,204.32505834904458,0.7632499999999999,0.13205414590478537,,,,,,
662,2.3348954428677624,0.7822500000000001,0.16586795895334636,,,,,,
663,0.13331341834107963,0.53475,0.22054911490526907,,,,,,
664,0.3605771633666397,0.6972499999999999,0.5341551564049238,,,,,,
665,14.734196011282581,0.7539999999999999,0.10797828101196866,,,,,,
666,0.03390868992754975,0.8565,0.6788784603755624,,,,,,
667,2.964243422213006,0.5664999999999999,0.21752011366563612,,,,,,
668,0.384662725014835,0.7480000000000001,0.4291087859282282,,,,,,
669,0.20995804488546543,0.8035,0.3853970967132975,,,,,,
670,2.615300142094792,0.74575,-0.0777819485353017,725.0070354799328,0.64866,0.1411913397376885,1422.2615145221787,0.1249983775894711,0.22653742915046987
671,1.003224105388615,0.7537499999999998,0.3884327195849944,,,,,,
672,40.098191328373495,0.8595,0.6264585274715929,,,,,,
673,2.3013967020718185,0.9177500000000002,0.44925027159177716,,,,,,
674,0.8743000955626893,0.9135,0.8743682556040728,,,,,,
675,0.867228055198747,0.8822500000000001,0.5932862862729471,,,,,,
676,0.22208829701665236,0.62275,0.3243777868581976,,,,,,
677,37.39128385590701,0.8340000000000001,-0.15621895068759084,,,,,,
678,488.83968159031957,0.7597499999999999,-0.1717671020143935,,,,,,
679,0.1334384274575557,0.7160000000000002,0.4897095222890308,,,,,,
680,5.394478939060638,0.83,0.33218107042803924,725.0070354799328,0.64866,0.1411913397376885,1422.2615145221787,0.1249983775894711,0.22653742915046987
681,0.9269654214061614,0.8357499999999999,0.6301837637392261,,,,,,
682,367.5950881882671,0.7177499999999999,0.7952547411322541,,,,,,
683,567.6391511278122,0.53875,-0.075848677989584,,,,,,
684,3.825576837846536,0.5459999999999999,-0.22084499265542046,,,,,,
685,0.16264218461792876,0.8967499999999999,0.5551247206245687,,,,,,
686,0.0454144694478053,0.8795000000000001,0.6479344772994164,,,,,,
687,0.6454196644736949,0.6444999999999999,0.020976968426523038,,,,,,
688,0.10135801682907926,0.56375,0.5055415554511805,,,,,,
689,0.4760768453471377,0.93175,0.5723333958614348,,,,,,
690,2.0423505758113567,0.8762499999999999,0.4248793005034778,725.0070354799328,0.64866,0.1411913397376885,1422.2615145221787,0.1249983775894711,0.22653742915046987
691,0.34622461110077496,0.8205000000000001,0.597014821463751,,,,,,
692,0.08068921813909917,0.69975,0.4248070144093971,,,,,,
693,0.018916397808545916,0.76325,0.8260129055585992,,,,,,
694,0.04831663039159145,0.7842499999999998,0.7328854064384585,,,,,,
695,0.2957859264461926,0.8085,0.5007948978172392,,,,,,
696,2.9760232472360673,0.8630000000000001,0.17884468763777114,,,,,,
697,18.334723737140447,0.726,0.3563877822252911,,,,,,
698,23.07659786746253,0.9205,0.09435173235529541,,,,,,
699,0.18981815639447358,0.57175,0.40200662871835585,,,,,,
700,1.710353462115634,0.66925,0.39051383588879957,725.0070354799328,0.64866,0.1411913397376885,1422.2615145221787,0.1249983775894711,0.22653742915046987
701,14.439133140908627,0.691,-0.008096786209241532,,,,,,
702,0.6496512531673352,0.45025,-0.00584872329475775,,,,,,
703,0.06750702218270752,0.64,0.5132517768786498,,,,,,
704,1.6427082301323395,0.6669999999999999,0.041481937080342195,,,,,,
705,0.14453618607840849,0.8745,0.5769684212751307,,,,,,
706,0.04622507330950621,0.45325000000000004,0.42500793554603145,,,,,,
707,0.2584014318290004,0.9157500000000001,0.7825030480214346,,,,,,
708,16.287606846346293,0.8025,0.06684723364447374,,,,,,
709,19.10994126162907,0.7354999999999999,0.09879950854193328,,,,,,
710,0.4596468588345857,0.919,0.2698033773206197,725.0070354799328,0.64866,0.1411913397376885,1422.2615145221787,0.1249983775894711,0.22653742915046987
711,22.038031095993084,0.6535,-0.21578460322950085,,,,,,
712,139.87980746642484,0.62675,-0.8344131091544486,,,,,,
713,0.22309796570140666,0.5717500000000001,0.3643315818809233,,,,,,
714,1.9236575577168042,0.6074999999999999,0.026956099359659813,,,,,,
715,30.162249661834643,0.7455000000000002,0.3799685824949013,,,,,,
716,0.06546423701094603,0.64825,0.4627760271258049,,,,,,
717,97.1116487097844,0.836,-0.10924708021625829,,,,,,
718,0.07382064617164447,0.58125,0.4614715200776932,,,,,,
719,0.052839143378264834,0.7922500000000002,0.5501200267823048,,,,,,
720,609.0924871016599,0.87125,0.6696768970059773,725.0070354799328,0.64866,0.1411913397376885,1422.2615145221787,0.1249983775894711,0.22653742915046987
721,0.8437680589271247,0.76875,0.19191614895423373,,,,,,
722,0.030777368048253748,0.6970000000000001,0.7307215072874788,,,,,,
723,0.6659614331410407,0.86375,0.4275887470138327,,,,,,
724,9.745514881222714,0.807,0.2155781876600477,,,,,,
725,0.4374877008188205,0.8527499999999999,0.5679438695663688,,,,,,
726,0.05966554599082067,0.7007499999999999,0.3829337646290431,,,,,,
727,3.838976974728864,0.777,0.060302866404335756,,,,,,
728,0.33781455276511707,0.79275,0.5141687552525671,,,,,,
729,10.762165462822352,0.8105000000000001,0.33826559253791816,,,,,,
730,0.08674592422559256,0.55075,0.32861657337330996,725.0070354799328,0.64866,0.1411913397376885,1422.2615145221787,0.1249983775894711,0.22653742915046987
731,0.027351046850481366,0.66025,0.6392414843448478,,,,,,
732,0.16868864637119108,0.648,0.5520742506033904,,,,,,
733,0.08153612406597131,0.7580000000000001,0.5636524680324884,,,,,,
734,0.7516736201615819,0.6552500000000001,0.6252843611483201,,,,,,
735,3.1181362905982892,0.93975,0.345709451599629,,,,,,
736,0.08771113349134899,0.85725,0.7296253061510075,,,,,,
737,0.7865312859042989,0.86225,0.31990143598057513,,,,,,
738,326.3518342448657,0.75575,-0.10470540979334558,,,,,,
739,0.9195285661037989,0.79975,0.2926899592919811,,,,,,
740,0.0723554282063503,0.58175,0.646882670140091,725.0070354799328,0.64866,0.1411913397376885,1422.2615145221787,0.1249983775894711,0.22653742915046987
741,0.14199358452568933,0.53875,0.3961475322189771,,,,,,
742,0.06794877866790468,0.7525,0.5869360473784567,,,,,,
743,0.06368559217355836,0.7085000000000001,0.5849917847740423,,,,,,
744,43.04968155857945,0.6207499999999999,-0.15586978487619185,,,,,,
745,0.35492716908367944,0.8299999999999998,0.5306893429397929,,,,,,
746,1.1271081999645225,0.7777499999999999,0.28947926854097367,,,,,,
747,0.046963214130507545,0.866,0.7396651564784229,,,,,,
748,0.022768805661934784,0.7005,0.703469738327474,,,,,,
749,6.618697666776359,0.8897499999999999,0.7164168892240411,,,,,,
750,0.14642733483006293,0.73525,0.6004654960862448,725.0070354799328,0.64866,0.1411913397376885,1422.2615145221787,0.1249983775894711,0.22653742915046987
751,5.619618288235041,0.68375,0.1625923312777685,,,,,,
752,0.14784926944230087,0.8462499999999998,0.7004176430876403,,,,,,
753,0.05212695722933097,0.7107499999999999,0.6835591973837924,,,,,,
754,6.301594618945268,0.71075,-0.1871529373388446,,,,,,
755,0.07792532358845994,0.85775,0.45373538430828475,,,,,,
756,0.15491210745114153,0.6475,0.4433746545762547,,,,,,
757,0.0621650162559125,0.75075,0.638316338322471,,,,,,
758,8.83198777166414,0.7187500000000001,0.05781087586583835,,,,,,
759,0.39708828768133964,0.80425,0.4453784569995345,,,,,,
760,0.4397073381367941,0.7765,0.27746756047634846,725.0070354799328,0.64866,0.1411913397376885,1422.2615145221787,0.1249983775894711,0.22653742915046987
761,1.8844192062148095,0.7040000000000001,0.2558389146539974,,,,,,
762,0.45726477031712615,0.7817500000000002,0.3371841168957072,,,,,,
763,0.23546954663776376,0.9775,0.7099028414227964,,,,,,
764,0.046612569990422174,0.9590000000000001,0.7788451104228897,,,,,,
765,5.937984202329368,0.7709999999999999,-0.21710755099455334,,,,,,
766,2.6733899128503515,0.6822499999999999,0.29187047840057123,,,,,,
767,0.25895035208001727,0.7025000000000001,0.36475177467290437,,,,,,
768,25.985561585157857,0.775,0.45987082840026594,,,,,,
769,35.03403477861108,0.8357500000000002,-0.06106279326885064,,,,,,
770,2.6825566335253557,0.79375,0.44437824897692985,725.0070354799328,0.64866,0.1411913397376885,1422.2615145221787,0.1249983775894711,0.22653742915046987
771,0.05492061039482501,0.78075,0.5838484453679783,,,,,,
772,5.5810130593917595,0.7997500000000001,0.03505512085650354,,,,,,
773,0.10783023660979567,0.9307499999999999,0.619163564672324,,,,,,
774,0.21124095314791907,0.9527500000000001,0.6653556509349557,,,,,,
775,0.5304631289933194,0.6707499999999998,0.15651379789243264,,,,,,
776,0.03003130074455889,0.74875,0.721262172210446,,,,,,
777,26.53119691415863,0.861,0.43416143980717675,,,,,,
778,1.7659625220615895,0.8975,0.17394759648801497,,,,,,
779,0.40766428337074456,0.73375,0.2707312473176614,,,,,,
780,0.4732509287805567,0.7319999999999999,0.40995980592514697,725.0070354799328,0.64866,0.1411913397376885,1422.2615145221787,0.1249983775894711,0.22653742915046987
781,0.02124212476421837,0.71175,0.7269644648953266,,,,,,
782,166.61527779808932,0.7267499999999998,-0.004721788447226368,,,,,,
783,26.442201619861425,0.48974999999999996,0.06499104131365789,,,,,,
784,13.112339567407764,0.8554999999999999,0.0729542658653826,,,,,,
785,22.225593851406497,0.6822499999999999,-0.2840069803959351,,,,,,
786,0.013748088991439235,0.83825,1.0197782411487175,,,,,,
787,0.2852031695868233,0.6345000000000001,0.3389625459374874,,,,,,
788,1.5707579477496636,0.79975,0.5905932944954785,,,,,,
789,39.22019781977208,0.9025,0.46460139218075647,,,,,,
790,103.42178898300645,0.9359999999999999,0.29529930367199264,725.0070354799328,0.64866,0.1411913397376885,1422.2615145221787,0.1249983775894711,0.22653742915046987
791,1.1062997614600933,0.8205,0.21296568119320636,,,,,,
792,0.28875874602972057,0.9525000000000001,0.6902155730922445,,,,,,
793,0.08744132569936386,0.5025,0.24464586673212815,,,,,,
794,0.03798591287175529,0.91925,0.7202602266911802,,,,,,
795,462.67575605480954,0.5417500000000001,0.21322980310615428,,,,,,
796,0.039743693590779075,0.8825000000000002,0.7063062030066071,,,,,,
797,0.0680526264577638,0.3725,0.42122071147815615,,,,,,
798,3.0266642373730512,0.68525,0.2906895854617107,,,,,,
799,0.03072342511705772,0.6195,0.7549472207469009,,,,,,
800,0.04009058376118395,0.8569999999999999,0.5709316090977867,725.0070354799328,0.64866,0.1411913397376885,1422.2615145221787,0.1249983775894711,0.22653742915046987
801,22.768775677681383,0.7382499999999999,0.008989596925927844,,,,,,
802,0.24739636285265895,0.70475,0.5126446386933418,,,,,,
803,0.06740361977927875,0.54425,0.34473338331374764,,,,,,
804,0.04137077611281998,0.6460000000000001,0.5898209564964261,,,,,,
805,3.4513011165114147,0.57225,-0.07210028341283849,,,,,,
806,0.2540764589359083,0.643,0.35247211687051616,,,,,,
807,0.20054317264650406,0.768,0.8003488076276749,,,,,,
808,0.2860788619253835,0.5470000000000002,0.45144197680804127,,,,,,
809,0.03146210107802578,0.866,0.7881868915454417,,,,,,
810,0.1917974572824892,0.7272500000000001,0.46435806542977504,725.0070354799328,0.64866,0.1411913397376885,1422.2615145221787,0.1249983775894711,0.22653742915046987
811,0.1741632256376534,0.7744999999999999,0.4466009476629035,,,,,,
812,0.9368399719243652,0.94675,0.7031165644041347,,,,,,
813,2.905827164151307,0.93975,0.22725342404763438,,,,,,
814,7.838295228985638,0.8192500000000001,0.2583939925151876,,,,,,
815,0.2013959804189896,0.6235,0.5300465331321823,,,,,,
816,2.1967117553857847,0.5775,0.20087241657979568,,,,,,
817,4.170061776668935,0.8317500000000001,0.4981660342166297,,,,,,
818,192.57002592569003,0.82325,0.1844116270259092,,,,,,
819,0.04358217302247182,0.591,0.4928094540226267,,,,,,
820,0.03948106356552242,0.7382500000000001,0.6091205598941829,725.0070354799328,0.64866,0.1411913397376885,1422.2615145221787,0.1249983775894711,0.22653742915046987
821,0.23593097369330226,0.7567499999999999,0.4172161291223272,,,,,,
822,0.05185861573019394,0.6582499999999999,0.6112507466234602,,,,,,
823,1.3720937760202452,0.915,0.5101159642829723,,,,,,
824,0.09742387369247213,0.7795000000000001,0.615372501360073,,,,,,
825,285.77526748514856,0.786,-0.056069526420253556,,,,,,
826,1.9171021642929134,0.9442499999999999,0.6253189764111751,,,,,,
827,134.01031904182196,0.757,0.3217767015164513,,,,,,
828,0.05091561345243092,0.36474999999999996,0.49405072412903345,,,,,,
829,0.022070752434674573,0.847,0.8559439060333538,,,,,,
830,61.5846868004693,0.7432500000000001,-0.07157402283395249,725.0070354799328,0.64866,0.1411913397376885,1422.2615145221787,0.1249983775894711,0.22653742915046987
831,0.08266762373573643,0.818,0.47666249313023273,,,,,,
832,0.8840037102958422,0.782,0.5118855108773731,,,,,,
833,0.07318280123468959,0.43324999999999997,0.3192003205370616,,,,,,
834,31.828940390529816,0.8552500000000001,0.28808988628840526,,,,,,
835,2.751813070792785,0.3474999999999999,-0.47730576146694675,,,,,,
836,0.9044885864551374,0.6859999999999999,0.3948272763766489,,,,,,
837,1.4341468943224869,0.8765000000000001,0.24356300389262273,,,,,,
838,4.062360589573827,0.8640000000000001,0.3954487200439437,,,,,,
839,5.2617677168841395,0.7952499999999999,0.3890025290291495,,,,,,
840,0.18468635464464409,0.8599999999999999,0.6030142185735451,725.0070354799328,0.64866,0.1411913397376885,1422.2615145221787,0.1249983775894711,0.22653742915046987
841,1.1143840482212872,0.9245,0.10808561089386974,,,,,,
842,0.5407970185847931,0.6899999999999998,0.07290488727998258,,,,,,
843,0.8563010158492106,0.6150000000000001,0.17719192029064892,,,,,,
844,5.7892380308746745,0.7447500000000001,0.25310367751912155,,,,,,
845,20.712620247590067,0.8292499999999998,-0.03209194564124346,,,,,,
846,3.1674874681489285,0.8647500000000001,0.017960441443966996,,,,,,
847,0.1919397128669669,0.7837499999999998,0.36879191013297274,,,,,,
848,0.09377048862801254,0.8434999999999999,0.8584527348042985,,,,,,
849,51450.3083914631,0.8045,-0.23837110016900806,,,,,,
850,0.14180865849092927,0.8395,0.43884976075072724,725.0070354799328,0.64866,0.1411913397376885,1422.2615145221787,0.1249983775894711,0.22653742915046987
851,0.04802053979834673,0.5585,0.3900513130562945,,,,,,
852,0.4341991337583941,0.7882500000000001,0.7679970624025099,,,,,,
853,0.045533974970397725,0.6694999999999999,0.7788906913762235,,,,,,
854,73.85037014190783,0.7395000000000002,-0.022375084365969754,,,,,,
855,1.0480391299417144,0.56725,0.1056054098111137,,,,,,
856,0.21331573881215193,0.97075,1.0940748493244712,,,,,,
857,0.3886428165246661,0.79025,0.5309076483949183,,,,,,
858,0.05009092900697547,0.8344999999999999,0.7739115834750459,,,,,,
859,0.06105989231803443,0.909,0.7645369936218858,,,,,,
860,44.93148399397102,0.63,-0.38563112762726326,725.0070354799328,0.64866,0.1411913397376885,1422.2615145221787,0.1249983775894711,0.22653742915046987
861,0.04933959822524701,0.7445,0.5811658740338593,,,,,,
862,0.22095450550769605,0.78925,0.6479250314207887,,,,,,
863,0.0931622670380102,0.7930000000000001,0.506189369243721,,,,,,
864,1.0184045127499,0.6772499999999999,0.4958343072250874,,,,,,
865,0.056550801170142065,0.467,0.3979551817323259,,,,,,
866,14.377052654810127,0.8489999999999999,0.021008253401036098,,,,,,
867,3.610858989615868,0.8740000000000001,0.497071954484353,,,,,,
868,0.2369010991692314,0.7297500000000001,0.19625467948011768,,,,,,
869,8.469415824212318,0.7602500000000001,0.27252172786649026,,,,,,
870,0.21538603417792576,0.9065000000000001,0.7014398423950408,725.0070354799328,0.64866,0.1411913397376885,1422.2615145221787,0.1249983775894711,0.22653742915046987
871,0.6817424093455661,0.7667499999999999,0.005520781252675182,,,,,,
872,0.14985881598893835,0.806,0.6946245160146902,,,,,,
873,0.18902809392449754,0.54375,0.4721083385698109,,,,,,
874,0.10643733439548475,0.7915000000000001,0.7449432418372598,,,,,,
875,0.6484308622510447,0.7080000000000001,0.3633941572195632,,,,,,
876,8140.290564596882,0.6475,-0.17371637113548638,,,,,,
877,0.07117099471730155,0.7497500000000001,0.5137843500213655,,,,,,
878,0.08164805310038373,0.8220000000000001,0.5657755210294381,,,,,,
879,2.780304668105555,0.7232499999999998,0.454335153777927,,,,,,
880,0.17374764658311537,0.89875,0.4730342662001086,725.0070354799328,0.64866,0.1411913397376885,1422.2615145221787,0.1249983775894711,0.22653742915046987
881,0.06552027588073789,0.94825,0.5645341249319651,,,,,,
882,6.1345949051019195,0.5820000000000001,0.13530245350022388,,,,,,
883,0.07109197173954498,0.4622500000000001,0.1764444362530121,,,,,,
884,422.1693985352569,0.9215000000000001,0.3384892424921428,,,,,,
885,1.5190421071807247,0.8462499999999998,0.5441280057124331,,,,,,
886,1.0647440839808453,0.60025,0.2577609316942291,,,,,,
887,1.0620550766735999,0.83,0.43033090337284613,,,,,,
888,0.7748913582368872,0.85875,0.7334216147605302,,,,,,
889,327.79461041168673,0.7284999999999999,0.44690134059104514,,,,,,
890,0.034141656892361656,0.55925,0.5359874327742069,725.0070354799328,0.64866,0.1411913397376885,1422.2615145221787,0.1249983775894711,0.22653742915046987
891,2.2341736398931484,0.7657499999999999,0.41551248625562354,,,,,,
892,0.04996176404380736,0.7074999999999999,0.5025277647892537,,,,,,
893,0.060203738615790474,0.8322499999999999,0.724166382291111,,,,,,
894,0.5970918283669348,0.7310000000000001,0.10487326934506264,,,,,,
895,0.07841618073684335,0.56525,0.38014252754089356,,,,,,
896,0.03954138363255836,0.6920000000000001,0.7034343493116404,,,,,,
897,0.3685574656632977,0.7114999999999999,0.44714156560764584,,,,,,
898,6.6618650185296335,0.76325,-0.007005661882253318,,,,,,
899,0.022026922172279834,0.8367500000000001,0.8339576621852294,,,,,,
900,6.842708809020476,0.484,0.2046662052544714,725.0070354799328,0.64866,0.1411913397376885,1422.2615145221787,0.1249983775894711,0.22653742915046987
901,48.967257839285985,0.59075,-0.5204510090546054,,,,,,
902,0.14587018996955178,0.84725,0.42895676208020306,,,,,,
903,0.20844607692079134,0.6289999999999999,0.12953923993264307,,,,,,
904,0.10607058012604755,0.6005,0.37653220443113145,,,,,,
905,0.06673060253494188,0.894,0.6699522729166305,,,,,,
906,0.16679653745847475,0.8310000000000001,0.5209893740829142,,,,,,
907,0.35204562619208896,0.9930000000000001,0.7153928879218567,,,,,,
908,2.05703102391173,0.8257499999999999,0.5634231005392667,,,,,,
909,10.992107645378514,0.94,-0.015481387800261582,,,,,,
910,0.9448515790387222,0.7907500000000001,0.199021083417864,725.0070354799328,0.64866,0.1411913397376885,1422.2615145221787,0.1249983775894711,0.22653742915046987
911,2.220126487968614,0.7964999999999999,0.09600185239129297,,,,,,
912,179.1721508097482,0.56525,0.3010608096676738,,,,,,
913,0.02425576516351137,0.6455,0.7532477126336593,,,,,,
914,2.3584622437263096,0.8457499999999999,0.07797123254543888,,,,,,
915,0.020544442750557876,0.6297499999999999,0.8274183173840522,,,,,,
916,47.18295091726873,0.59775,-0.4225589775511944,,,,,,
917,0.39693348328213107,0.713,0.4472050543056571,,,,,,
918,0.044839602219384656,0.948,0.916354346925886,,,,,,
919,0.2292046739033115,0.6287499999999999,0.13477257379522947,,,,,,
920,0.04703394606464275,0.852,0.7380442851394959,725.0070354799328,0.64866,0.1411913397376885,1422.2615145221787,0.1249983775894711,0.22653742915046987
921,0.16236668930335899,0.92975,0.6714561294506707,,,,,,
922,116.65671634366876,0.8639999999999999,0.019337430534833087,,,,,,
923,3369.1815017247964,0.6884999999999999,0.3330101413441496,,,,,,
924,2.9602637859515255,0.964,0.16928465709042675,,,,,,
925,1.7190060781526797,0.8452500000000002,0.4874905889989564,,,,,,
926,18.60243068905498,0.70225,0.24077500154225828,,,,,,
927,116.0323016738518,0.731,-0.5784476771948824,,,,,,
928,0.11341670095433633,0.79125,0.927832311773019,,,,,,
929,23.347009422982588,0.7567500000000001,0.19619704143277786,,,,,,
930,24.381830626788933,0.889,-0.4231697285367536,725.0070354799328,0.64866,0.1411913397376885,1422.2615145221787,0.1249983775894711,0.22653742915046987
931,0.042399105226571254,0.8414999999999999,0.5597796163691376,,,,,,
932,0.7168728087231072,0.9289999999999999,0.46491534855289096,,,,,,
933,0.1864957399190989,0.8080000000000002,0.5257122434063625,,,,,,
934,9.354257997238038,0.7635000000000001,0.3586502368883535,,,,,,
935,7.92330310504534,0.5625,-0.3159337256996548,,,,,,
936,12.752820481491746,0.8982500000000002,0.28026588549685316,,,,,,
937,0.3072383997587625,0.9247499999999998,0.6853198165163822,,,,,,
938,3.0494960502925594,0.81675,0.5411290426986674,,,,,,
939,0.0643047516966798,0.62175,0.4718476306951465,,,,,,
940,0.029807313745313292,0.78525,0.6599117139065349,725.0070354799328,0.64866,0.1411913397376885,1422.2615145221787,0.1249983775894711,0.22653742915046987
941,0.0770192142774217,0.9359999999999999,0.7817344908513226,,,,,,
942,0.8256443500921707,0.635,0.23976018612964922,,,,,,
943,0.026733776704388257,0.6982499999999999,0.640114996008041,,,,,,
944,0.029419147716561348,0.691,0.7144480747480696,,,,,,
945,0.02904511133119893,0.6559999999999999,0.5920629290602976,,,,,,
946,26.903292903946454,0.7347499999999999,0.38637425353076116,,,,,,
947,0.17437407373552782,0.988,0.4978012586712982,,,,,,
948,1.4989933282755334,0.7095,0.5788525377863278,,,,,,
949,2.7507920759154523,0.8162499999999998,0.11252965954893955,,,,,,
950,0.12046974870666281,0.645,0.38891707821909477,725.0070354799328,0.64866,0.1411913397376885,1422.2615145221787,0.1249983775894711,0.22653742915046987
951,0.435934859793918,0.7517499999999999,0.047482888117056705,,,,,,
952,0.07232869786569572,0.75275,0.5383951182400089,,,,,,
953,1.699156769023029,0.8222499999999999,0.12993048015899397,,,,,,
954,0.3197131085359292,0.6679999999999999,0.38644311425634453,,,,,,
955,0.03743759946165493,0.8899999999999999,0.6309963900629958,,,,,,
956,0.2592346323410242,0.51875,0.2104651049427888,,,,,,
957,0.2968010899614126,0.7505000000000002,0.47821766530885773,,,,,,
958,62.640729318327594,0.8019999999999999,-0.08501602214023345,,,,,,
959,0.11441744881812993,0.66275,0.593398393171469,,,,,,
960,4.121945609238939,0.8264999999999999,0.3788901821650428,725.0070354799328,0.64866,0.1411913397376885,1422.2615145221787,0.1249983775894711,0.22653742915046987
961,0.023963238494859054,0.8184999999999999,0.7006546342647298,,,,,,
962,118.6206264774608,0.485,-0.6208833654442718,,,,,,
963,0.3660279946365822,0.9410000000000001,0.6421268367422955,,,,,,
964,0.02807654080563347,0.87425,0.8659289834503926,,,,,,
965,0.4859814074672284,0.8192499999999999,0.5427027035097833,,,,,,
966,4.342749168932031,0.9860000000000001,0.834131352946853,,,,,,
967,2.1534081388131194,0.6695,0.430497482091943,,,,,,
968,0.15441976045961728,0.8825,0.6531770434912587,,,,,,
969,1136.0454240507017,0.6030000000000001,-0.7954604707818119,,,,,,
970,0.571448654741278,0.6669999999999999,0.4286762527766074,725.0070354799328,0.64866,0.1411913397376885,1422.2615145221787,0.1249983775894711,0.22653742915046987
971,0.1390724460549052,0.7732499999999999,0.48904935331678956,,,,,,
972,309.35120300411006,0.79,0.6433712681309346,,,,,,
973,0.10448378076761662,0.75,0.509315005325983,,,,,,
974,68.9828049068146,0.929,0.2594399470202854,,,,,,
975,0.2384465234814139,0.7957499999999998,0.5965926813023271,,,,,,
976,0.32041765691057883,0.6317499999999999,0.35219563288412187,,,,,,
977,1.964662441630481,0.7522500000000001,0.36063444083471813,,,,,,
978,0.20826431867692796,0.7845,0.39823868854549027,,,,,,
979,0.322551235584693,0.7575,0.4315782343340613,,,,,,
980,0.3293459410930529,0.75325,0.571777543588731,725.0070354799328,0.64866,0.1411913397376885,1422.2615145221787,0.1249983775894711,0.22653742915046987
981,0.050005618907708306,0.8292499999999999,0.6141170083713913,,,,,,
982,2.111556319722581,0.6075,0.20963582980419226,,,,,,
983,2.9909519899655934,0.9335,0.9065452200286923,,,,,,
984,1.0114617243510136,0.5955,-0.15621146059092572,,,,,,
985,960.3074430785296,0.65325,0.14360261393372084,,,,,,
986,0.4095358374535856,0.65775,-0.004474726271037069,,,,,,
987,3.269530847258575,0.7982499999999999,0.6572773025229786,,,,,,
988,20.806090083251437,0.63125,0.3307479382268117,,,,,,
989,0.0237930963615152,0.53375,0.6661136743246678,,,,,,
990,4.004850156994316,0.9207499999999998,0.7152671779946269,725.0070354799328,0.64866,0.1411913397376885,1422.2615145221787,0.1249983775894711,0.22653742915046987
991,2.279825111645276,0.6942500000000001,0.006199042649820475,,,,,,
992,0.08312924511887369,0.36575,0.26097538640555007,,,,,,
993,104.23449574598739,0.7825,0.049832215280115985,,,,,,
994,0.02993731777932345,0.418,0.5098077227518836,,,,,,
995,0.08980728041435494,0.96675,0.7652282099440868,,,,,,
996,4.03131744265462,0.60525,0.3913949687411156,,,,,,
997,12.210166502854173,0.66975,-0.45612172253242245,,,,,,
998,22.104172998218164,0.7125000000000001,-0.07128224961273272,,,,,,
999,0.36353466394784606,0.946,0.7152943686786173,,,,,,
1000,0.21472650652489425,0.8845000000000001,0.6297918482023945,725.0070354799328,0.64866,0.1411913397376885,1422.2615145221787,0.1249983775894711,0.22653742915046987
