artifact,path
baseline_csv,D:\Divyanshu\Summer_Internship_2026\outputs\paper_reproduction_additions_5_8_smoke_final\baseline_channel_summary.csv
rl_matrix_csv,D:\Divyanshu\Summer_Internship_2026\outputs\paper_reproduction_additions_5_8_smoke_final\rl_channel_matrix\rl_channel_matrix_summary.csv
final_csv,D:\Divyanshu\Summer_Internship_2026\outputs\paper_reproduction_additions_5_8_smoke_final\final_comparison\final_method_comparison.csv
advanced_summary_csv,D:\Divyanshu\Summer_Internship_2026\outputs\paper_reproduction_additions_5_8_smoke_final\advanced_rl_summary.csv
final_plots.avg_rsec_plot,D:\Divyanshu\Summer_Internship_2026\outputs\paper_reproduction_additions_5_8_smoke_final\final_comparison\final_compare_avg_rsec_mbps.png
final_plots.episode_mbits_plot,D:\Divyanshu\Summer_Internship_2026\outputs\paper_reproduction_additions_5_8_smoke_final\final_comparison\final_compare_episode_mbits.png
paper_training_plots.secrecy_reward_vs_episodes,D:\Divyanshu\Summer_Internship_2026\outputs\paper_reproduction_additions_5_8_smoke_final\paper_plots\paper_secrecy_reward_vs_episodes.png
paper_training_plots.secrecy_rate_vs_episodes,D:\Divyanshu\Summer_Internship_2026\outputs\paper_reproduction_additions_5_8_smoke_final\paper_plots\paper_secrecy_rate_vs_episodes.png
paper_training_plots.convergence_gap_vs_episodes,D:\Divyanshu\Summer_Internship_2026\outputs\paper_reproduction_additions_5_8_smoke_final\paper_plots\paper_convergence_gap_vs_episodes.png
paper_training_plots.trajectory_path_length_vs_episodes,D:\Divyanshu\Summer_Internship_2026\outputs\paper_reproduction_additions_5_8_smoke_final\paper_plots\paper_trajectory_path_length_vs_episodes.png
paper_final_plots.dqn_ddpg_baselines_avg_rsec,D:\Divyanshu\Summer_Internship_2026\outputs\paper_reproduction_additions_5_8_smoke_final\paper_plots\paper_dqn_ddpg_baselines_avg_rsec.png
paper_final_plots.rician_vs_rayleigh_avg_rsec,D:\Divyanshu\Summer_Internship_2026\outputs\paper_reproduction_additions_5_8_smoke_final\paper_plots\paper_rician_vs_rayleigh_avg_rsec.png
paper_final_plots.final_secrecy_payload,D:\Divyanshu\Summer_Internship_2026\outputs\paper_reproduction_additions_5_8_smoke_final\paper_plots\paper_final_secrecy_payload.png
