episode,reward,secrecy_total,secrecy_target,secrecy_user,pd_target,pd_eaves,crb_target,p_bs_tx,p_jam_tx,noma_a_far,constraint_satisfaction,assr,pd_combined,combined_utility,crb_feasible
1,6.84428418301308,140.92312709731146,140.92312709731146,0.0,0.010832042233674923,0.7941406595202006,234.73817624680404,2.841266396641424,0.49897981069294683,0.757866868010849,1.0,0.6425118392049683,0.4024863508769378,0.522499095040953,1.0
2,5.034203433165054,219.33156480305016,219.33156480305016,0.0,0.016505034323189036,0.7899766537446234,109.15606471055025,2.962642456237891,0.4843917093779929,0.7520690229804822,1.0,1.0,0.40324084403390625,0.7016204220169531,1.0
3,4.530468721959979,163.63431640052963,163.63431640052963,0.0,0.00798969721407648,0.7666755694991467,115.78158515138766,2.9756515416770504,0.4760271725133539,0.7583173113752005,1.0,0.7460591299180575,0.3873326333566116,0.5666958816373345,1.0
4,4.587732601905178,70.10764183437138,70.10764183437138,0.0,0.019411861405244153,0.8418253172519783,31.506965331605237,2.865539348702027,0.5095675203348151,0.7600276295385758,1.0,0.31964228175422393,0.43061858932861125,0.37513043554141756,1.0
5,4.437135600933489,85.5707239856396,85.5707239856396,0.0,0.02952871271703008,0.7891693643527276,34.99830738532247,2.503110725006812,0.5092259871796759,0.7804715234093962,1.0,0.3901432247678452,0.4093490385348788,0.39974613165136197,1.0
6,4.883720947271952,26.173166809801238,26.173166809801238,0.0,0.07015080502376787,0.8855715135571263,22.937484546960746,2.2746171367131955,0.5122222983284707,0.7649923364742345,1.0,0.11933150995983437,0.4778611592904471,0.29859633462514074,1.0
7,5.355519483628067,25.77542857955215,25.77542857955215,0.0,0.12126076571356896,0.929140717152616,5.159413771983143,2.204747852464004,0.5065635977077315,0.769464306271064,1.0,0.11751809915137987,0.5252007414330925,0.3213594202922362,1.0
8,5.215577167667724,17.79127514047921,17.79127514047921,0.0,0.12802765232341223,0.9007981122756898,9.737151209039379,1.9871788409472313,0.49708078658311255,0.7488956628644032,1.0,0.08111589025708622,0.5144128822995511,0.29776438627831864,1.0
9,5.437162209201145,33.12125204506716,33.12125204506716,0.0,0.1666023925140419,0.894227587013557,10.778182042505861,1.9747065570938758,0.5280774035091232,0.7179265532675998,1.0,0.1510099655505971,0.5304149897637994,0.34071247765719825,1.0
10,4.175962819179545,24.46049784144704,24.46049784144704,0.0,0.08067237544934407,0.7348739059607112,9.102900128879208,1.7592188356237421,0.5676063476901659,0.6842880536200475,1.0,0.11152292586528283,0.4077731407050276,0.25964803328515523,1.0
11,3.6910142627539124,16.30752000152896,16.30752000152896,0.0,0.0759246365288506,0.6491802755919369,6.796627631787333,1.7007807776005142,0.6163908422179721,0.648082386829733,1.0,0.07435099465128231,0.36255245606039377,0.21845172535583804,1.0
12,3.4473925362885502,15.641861291242236,15.641861291242236,0.0,0.09146876922382675,0.5854464440819075,49.48882936370213,1.4865996590540254,0.7139415072234255,0.6369081451601708,1.0,0.07131605204790255,0.3384576066528671,0.20488682935038482,1.0
13,3.6927238904684074,16.118782829115588,16.118782829115588,0.0,0.09148317962374411,0.6341152487319033,9.012798533113706,1.340061840719197,0.7906635652309186,0.6243648007670985,1.0,0.07349048388721216,0.3627992141778237,0.2181448490325179,1.0
14,5.368160253957987,4.6794375264264945,4.6794375264264945,0.0,0.24743800561472482,0.822435595457892,3.1666755448419495,1.1805805335181638,0.8684275601007101,0.6488995835061193,1.0,0.021334993577547392,0.5349368005363084,0.2781358970569279,1.0
15,6.217011533188585,3.674234109847938,3.674234109847938,0.0,0.4122269528209358,0.828224267477955,1.2727018541975301,1.0430227866873443,0.9159529329248214,0.6367996481928117,1.0,0.01675196232310308,0.6202256101494454,0.31848878623627425,1.0
16,6.827992576649068,9.393784817734279,9.393784817734279,0.0,0.558017149984041,0.8000364269404642,1.237301464352297,0.8225670097887591,0.9141627767002827,0.6160369794106322,1.0,0.0428291515002388,0.6790267884622525,0.36092796998124566,1.0
17,6.5266361674908415,13.907157210927682,13.90691300711363,0.0002442038140512769,0.5358774344349753,0.7582797918099609,0.8543375933387793,0.8045593952795504,0.9457795344577187,0.5948250636438719,1.0,0.06340700310698864,0.6470786131224681,0.35524280811472836,1.0
18,7.30721406804986,9.427907730233802,9.427907730233802,0.0,0.7410973424306044,0.7127731257940169,0.42027960855675317,0.8661742163261659,0.969480093110261,0.5877199862465963,1.0,0.04298472834359084,0.7269352341123106,0.3849599812279507,1.0
19,7.036019591558259,9.950726607380034,9.759786810122801,0.19093979725723398,0.7284698030302705,0.670741850097809,0.5189711865036932,0.7387409321836949,0.9675121506709681,0.5708152307952394,1.0,0.04536842025595056,0.6996058265640397,0.3724871234099951,1.0
20,6.792069167473092,4.38730865882045,4.318945774250953,0.06836288456949713,0.696878627102487,0.6580113899285707,0.5940038160862529,0.6700389494267667,0.9715942578103892,0.575654766247873,1.0,0.020003088304959914,0.6774450085155288,0.34872404841024435,1.0
21,7.702573306558207,6.854383521180128,4.979805961487096,1.8745775596930323,0.8490592007524354,0.6859501288449825,0.2358112193601508,0.7231752868941712,0.9524423041611861,0.5693237429152298,1.0,0.03125124068364284,0.7675046647987089,0.3993779527411759,1.0
22,7.125112912811102,22.16199281164392,21.982903922822295,0.17908888882162294,0.6951172231044822,0.712105199676872,0.47643508314978034,0.5810546623206297,0.971137356537974,0.5600439852313044,1.0,0.10104333515125553,0.7036112113906772,0.40232727327096635,1.0
23,6.374214601762134,10.15834196323908,10.097567213772622,0.06077474946645807,0.6214496680038517,0.6452342338166617,0.8430106427709789,0.6002026447046774,0.9582565271370251,0.5699391089153332,1.0,0.04631500245922566,0.6333419509102567,0.3398284766847412,1.0
24,6.928139604831492,4.9825446267653355,3.6867831056535634,1.295761521111772,0.6553642909781571,0.726261729471996,0.6291275835622352,0.6970925489686779,0.9737444804150422,0.5636868334387792,1.0,0.022716951986548016,0.6908130102250765,0.35676498110581223,1.0
25,6.944277850735497,19.17975937607992,9.274542338246068,9.905217037833848,0.8198110044171747,0.5536396883637785,1.117519308040141,0.6386408204363396,0.9745254578297123,0.5719745886160759,1.0,0.08744641653973736,0.6867253463904766,0.387085881465107,1.0
26,6.434403044258648,24.650837891613342,10.665001943794868,13.985835947818472,0.8107586679371244,0.45632278039089974,0.44686286944982445,0.7357493059319783,0.9850169119209593,0.569318225787577,1.0,0.11239074464155983,0.6335407241640121,0.37296573440278596,1.0
27,6.0130433718477745,33.438423005292094,10.978858843658328,22.459564161633764,0.7288969690497443,0.44685449634166935,2.854338989304554,0.7270617790502806,0.9683140692944903,0.56054512220472,1.0,0.15245604541835228,0.5878757326957068,0.3701658890570295,1.0
28,6.513631314731142,10.961185758482959,6.27598999366091,4.685195764822048,0.8453405743245754,0.44858183873563384,0.4757449532923165,0.5598312918915609,0.9830487402939887,0.5629004256277306,1.0,0.049975414019070206,0.6469612065301047,0.34846831027458747,1.0
29,6.464898885228041,58.74642941204877,31.849967799881995,26.896461612166785,0.7731243351435075,0.47267124511179937,0.6660091705857832,0.6286049812545157,0.9568251829318987,0.5588926289109375,1.0,0.26784302325477144,0.6228977901276535,0.4453704066912124,1.0
30,6.491720196633139,16.12926258555785,8.790483629207834,7.338778956350017,0.7901552658563682,0.4952340065587012,0.5098577652526346,0.6384096200406304,0.9721322101177409,0.5588109455849614,1.0,0.07353826431704528,0.6426946362075348,0.35811645026229,1.0
31,6.711382368726042,13.71560334320371,5.471305431410221,8.24429791179349,0.831489559968079,0.49977075954068634,0.46876387623210636,0.6454599150114578,0.9655593753981183,0.5680586787867277,1.0,0.06253365016348515,0.6656301597543827,0.3640819049589339,1.0
32,7.37622012339542,14.099008927179828,7.923145489134143,6.175863438045683,0.7451950920037682,0.7187248331780987,1.2474279708856015,0.6438124870665348,0.9567853784667211,0.563298480916844,1.0,0.06428171403345478,0.7319599625909334,0.39812083831219414,1.0
33,6.627226136473815,12.709220188289311,11.89660100345544,0.8126191848338692,0.5938736641964388,0.7213637197890843,1.11338553578285,0.6546528111926163,0.9776276283565078,0.5588755271495527,1.0,0.05794524011945849,0.6576186919927616,0.35778196605611,1.0
34,6.786352755504097,13.093075474051181,10.486221805044456,2.6068536690067257,0.6302846488814028,0.716469752456088,0.5375188479628458,0.6630293588079879,0.9518991159794707,0.5589763295697752,1.0,0.05969535431805346,0.6733772006687454,0.36653627749339945,1.0
35,6.751954557955548,4.567904255955133,3.2280682605736155,1.339835995381518,0.6637883927643586,0.6829336508548702,0.7073413872553334,0.6642170412948354,0.9768265726791687,0.5653798690973817,1.0,0.02082647912559647,0.6733610218096144,0.34709375046760543,1.0
36,7.225455383938561,5.260651601186,4.144767809469742,1.1158837917162583,0.7953422861007642,0.6455235190767442,1.0198891916608368,0.6642836034996612,0.9680365762430905,0.5595292145892627,1.0,0.02398492713946498,0.7204329025887541,0.37220891486410956,1.0
37,6.925384584405205,10.042847140726227,9.255189843173113,0.7876572975531132,0.7290654491977124,0.6479452127540419,0.6085961206481721,0.5597411519565816,0.9707403592853344,0.5602814866288621,1.0,0.0457884260742144,0.6885053309758772,0.3671468785250458,1.0
38,7.286030213458275,8.494525255055729,8.007578943749008,0.4869463113067204,0.7287006698347256,0.7216827054150758,0.3804927326043749,0.5956156526670853,0.9583647156314283,0.5647764461618415,1.0,0.038729150830084255,0.7251916876249007,0.38196041922749246,1.0
39,6.398456515937803,9.12760619778214,7.28211322591825,1.8454929718638886,0.6485978194066161,0.6237623358052997,0.8545013447919155,0.66567256522769,0.9584684174758115,0.5673064543593711,1.0,0.04161556138068097,0.6361800776059578,0.33889781949331943,1.0
40,6.717050246981289,3.074656932346815,2.7629467770607588,0.31171015528605617,0.6454257369601573,0.695514796940257,0.5481107557601909,0.7483715375527074,0.9788462550682444,0.5543341962065369,1.0,0.014018305733183994,0.6704702669502072,0.34224428634169557,1.0
41,7.2571934002014,3.891100007172527,3.4016812625387645,0.4894187446337626,0.7444828983509244,0.7038305121145629,0.3830769775309214,0.6211327472554414,0.9800428468809301,0.5629342953530607,1.0,0.01774072058742005,0.7241567052327437,0.37094871291008186,1.0
42,7.0102542269383115,9.012388547074936,7.790008536387155,1.2223800106877805,0.7097191007972186,0.6850931375974437,0.466302167490094,0.610599114355826,0.9696521822248249,0.5582254676866122,1.0,0.04109024870710084,0.6974061191973311,0.369248183952216,1.0
43,6.924302736633503,6.647688967567282,4.646758606089094,2.000930361478188,0.7311598238971391,0.6483614054899748,0.745562362410222,0.6163348640455679,0.9766050132463737,0.5610101306286787,1.0,0.0303088567007517,0.6897606146935569,0.3600347356971543,1.0
44,7.409169643198679,7.79912232204655,6.304113464442528,1.4950088576040215,0.7818063362345621,0.6937634615274664,0.36256674231728403,0.7102326675687077,0.9556557363730585,0.5579592658580851,1.0,0.035558595175527105,0.7377848988810143,0.3866717470282707,1.0
45,6.875401789576654,9.862017891583333,9.042381949513501,0.8196359420698318,0.7052737015994955,0.661885640560442,0.5620739885822619,0.6573712137145001,0.9649474212787614,0.5587147758911055,1.0,0.044963969962275974,0.6835796710799688,0.3642718205211224,1.0
46,6.722304355122044,5.714000433401286,4.892905469515223,0.8210949638860632,0.6615360602339568,0.6783354166160684,0.802033342514138,0.6221495271173576,0.9659989269799739,0.5589237019521415,1.0,0.02605188377027356,0.6699357384250126,0.3479938110976431,1.0
47,6.819776300993708,10.423860955081341,7.980338578391165,2.443522376690176,0.7387323248097512,0.6168506562302093,0.5387552064755157,0.6020203834075402,0.966013524911064,0.5599317695421564,1.0,0.047525585131540454,0.6777914905199802,0.36265853782576035,1.0
48,7.0888783612083985,11.432958245243523,10.709626156385005,0.7233320888585194,0.7674950324015907,0.6410978698038858,0.4642602571480884,0.6664650342614271,0.9767103857130396,0.560574741547867,1.0,0.052126369752159486,0.7042964511027383,0.3782114104274489,1.0
49,7.393249821671461,10.517827426054605,9.310999447604337,1.2068279784502682,0.7940248995024266,0.6761773132996572,0.40140626901025966,0.6289314169378397,0.98090847735692,0.5569374387602624,1.0,0.04795400714666464,0.735101106401042,0.3915275567738533,1.0
50,7.012104749982597,7.1977343828222,5.486517868019909,1.711216514802291,0.7715434851617525,0.6250963591750287,0.3398966799562639,0.7035301351152248,0.9686463777186963,0.5666878061735937,1.0,0.032816682766502125,0.6983199221683907,0.3655683024674464,1.0
