episode,agent,policy_loss,value_loss,entropy,approx_kl,grad_norm,reward_mean,reward_std,pre_tanh_mean,pre_tanh_std,pre_tanh_max,adv_mean,adv_std,adv_max,output_weight_norm,output_bias_norm,output_weight_g,output_weight_v_norm
6,bs_beamformer,2.9709190130233763e-08,5.399529504776001,56.75581321716309,0.0,15.675301599502564,-0.07584713399410248,0.8013668656349182,0.8032877648996752,1.0055287229044243,3.928312301635742,-2.514570951461792e-08,2.139827013015747,2.0222747325897217,0.06324555724859238,0.0,0.009999999776482582,0.06324555724859238
6,uav_trajectory,-2.5168992578983306e-08,4.924649095535278,21.28277530670166,0.0,12.140621566772461,-0.09606222808361053,0.815910816192627,0.8083396911608934,1.0070897625848965,4.67978048324585,2.514570951461792e-08,2.0842113494873047,2.459676742553711,0.03872983157634735,0.0,0.009999999776482582,0.03872983157634735
6,jammer_beamformer,5.289912223815918e-08,4.019154381752014,56.7637321472168,0.0,17.97532014846802,-0.09284050017595291,0.8135035634040833,0.79725800734186,0.9978221348672666,3.734333038330078,-5.587935447692871e-08,1.7532544136047363,2.560786247253418,0.06324554979801178,0.0,0.009999999776482582,0.06324554979801178
7,bs_beamformer,-1.387670636177063e-08,6.043658304214477,56.75431137084961,0.0,25.350889015197755,-0.01702583208680153,0.7640200853347778,0.797557485975325,1.0037045266782876,3.8125247955322266,1.210719347000122e-08,2.0772855281829834,1.8213019371032715,0.0681629553437233,0.006329489406198263,0.010776151902973652,0.09193509072065353
7,uav_trajectory,1.0244548320770264e-09,7.199925279617309,21.28080596923828,0.0,24.71704730987549,-0.00406720070168376,0.7235496044158936,0.7711794997627537,0.9800222905308047,3.163987398147583,6.984919309616089e-10,2.3343312740325928,2.8995654582977295,0.041850510984659195,0.0039182608015835285,0.0108041288331151,0.055533457547426224
7,jammer_beamformer,-4.656612873077393e-10,7.509359407424927,56.774221420288086,0.0,23.31566047668457,-0.027915874496102333,0.7716456651687622,0.8194606583248824,1.0351858036167407,4.176150321960449,-6.05359673500061e-09,2.4739434719085693,2.1438944339752197,0.06796833872795105,0.006355697754770517,0.0107455775141716,0.09395793825387955
8,bs_beamformer,-6.984919309616089e-10,4.698975539207458,56.758636474609375,0.0,23.006077766418457,0.02974286861717701,0.7175039649009705,0.8047556558838114,1.0074049223299704,3.6173174381256104,2.3283064365386963e-10,1.780150294303894,2.8792667388916016,0.07172346860170364,0.01021848525851965,0.011337513104081154,0.12225891649723053
8,uav_trajectory,-3.8184225559234616e-09,4.536195683479309,21.28143253326416,0.0,12.643410587310791,0.02463621459901333,0.7439020276069641,0.8045101389363408,1.0052578587835412,3.3854727745056152,3.725290298461914e-09,1.9813481569290161,2.8494515419006348,0.044118210673332214,0.006199571304023266,0.011385985650122166,0.07408749312162399
8,jammer_beamformer,-2.6915222406387328e-08,3.9048877000808715,56.77752342224121,0.0,6.169595527648926,-0.03881275653839111,0.762746274471283,0.80113683474157,1.0046408218968421,3.57112979888916,2.3283064365386963e-08,1.9652436971664429,2.093588352203369,0.07087797671556473,0.009731372818350792,0.011196747422218323,0.12435073405504227
9,bs_beamformer,5.4249539971351625e-09,2.806515336036682,56.76479988098144,0.0,6.688671731948853,0.03310025483369827,0.6985080242156982,0.801024325795006,1.0022878215603532,3.390392303466797,-5.587935447692871e-09,1.639752984046936,2.5972554683685303,0.07356155663728714,0.012315860018134117,0.011617155745625496,0.14088349044322968
9,uav_trajectory,1.234002411365509e-09,2.8277686834335327,21.282285499572755,0.0,6.787965536117554,0.044213224202394485,0.7327401041984558,0.7639292565261324,0.9655566782251469,3.9225897789001465,4.656612873077393e-10,1.7040308713912964,2.5044257640838623,0.04562998563051224,0.007716324646025896,0.011766145005822182,0.08781182765960693
9,jammer_beamformer,2.7474015951156618e-09,2.789883852005005,56.775970458984375,0.0,11.173329782485961,0.009929048828780651,0.6915803551673889,0.801372077319771,1.0001364027952477,3.5849475860595703,-2.3283064365386963e-09,1.5724173784255981,2.22188663482666,0.0730217844247818,0.013033788651227951,0.011501656845211983,0.14371484518051147
10,bs_beamformer,-2.7241185307502747e-08,3.446336507797241,56.7695011138916,0.0,5.318891525268555,0.04312433674931526,0.6714776754379272,0.8076815704051405,1.021712457132486,4.19314432144165,3.073364496231079e-08,1.8438640832901,2.4118075370788574,0.0752105712890625,0.01430907566100359,0.011851007118821144,0.1564318835735321
10,uav_trajectory,-4.1443854570388796e-09,6.511968660354614,21.28246307373047,0.0,24.163504600524902,-0.052969496697187424,0.6918913125991821,0.7814722570652763,0.9922320014212938,2.836811065673828,6.05359673500061e-09,2.012019634246826,2.0601441860198975,0.04646028205752373,0.00814452301710844,0.01195165328681469,0.10082656890153885
10,jammer_beamformer,1.2153759598731995e-08,2.5050291061401366,56.775028228759766,0.0,18.325981616973877,-0.03910915553569794,0.6739880442619324,0.7782397629693151,0.9713360656206508,3.5201098918914795,-1.0011717677116394e-08,1.2882267236709595,2.022064685821533,0.07469967007637024,0.015963995829224586,0.011706224642693996,0.16157612204551697
11,bs_beamformer,2.421438694000244e-08,3.1257896423339844,56.770907974243165,0.0,3.6416618824005127,0.0325908400118351,0.6707803010940552,0.8049411196527071,1.001734832274986,3.5718071460723877,-1.6763806343078613e-08,1.7691383361816406,3.03285813331604,0.0780935063958168,0.018300265073776245,0.01224037166684866,0.17664533853530884
11,uav_trajectory,-9.033828973770141e-09,5.095590114593506,21.282171630859374,0.0,8.556619358062743,-0.021969040855765343,0.7235893607139587,0.8135204086912176,0.9995775816712189,3.4217822551727295,6.05359673500061e-09,2.317303419113159,2.3688042163848877,0.04745275899767876,0.009056932292878628,0.012170619331300259,0.11309945583343506
11,jammer_beamformer,1.909211277961731e-08,4.001971054077148,56.77890625,0.0,9.320595502853394,-0.044808413833379745,0.6504589319229126,0.8119867595126853,1.0102637588358574,3.723893404006958,-2.514570951461792e-08,1.9393761157989502,2.143393039703369,0.07587094604969025,0.018128996714949608,0.011833167634904385,0.17537212371826172
12,bs_beamformer,-1.5832483768463135e-08,5.279063940048218,56.77555618286133,0.0,16.06464557647705,-0.03648989647626877,0.6877888441085815,0.7892330923904665,0.9858446270473114,3.421109676361084,1.6298145055770874e-08,2.129392147064209,2.40508770942688,0.08127295225858688,0.02277415059506893,0.012638218700885773,0.1975829303264618
12,uav_trajectory,-1.8626451492309571e-10,3.7851701736450196,21.2811429977417,0.0,11.515449953079223,-0.07796619087457657,0.743524432182312,0.7916160288552443,0.9824716912612979,3.021700859069824,3.725290298461914e-09,1.8792271614074707,3.1827261447906494,0.04884437471628189,0.01096908375620842,0.012458779849112034,0.12191794812679291
12,jammer_beamformer,-4.6659260988235475e-08,2.658192443847656,56.784812927246094,0.0,5.69213719367981,-0.047766320407390594,0.7535800337791443,0.8149244279102422,1.02045721524946,4.030598163604736,4.7497451305389404e-08,1.6113578081130981,2.1705405712127686,0.0775458812713623,0.020319269970059395,0.012057057581841946,0.1864631175994873
13,bs_beamformer,-2.277083694934845e-08,3.858602690696716,56.77928619384765,0.0,11.169186210632324,0.02242596447467804,0.7063989043235779,0.787277225558646,0.9832973992784543,3.4179165363311768,2.3283064365386963e-08,1.8886069059371948,2.135202646255493,0.08341913670301437,0.02574831433594227,0.01288691908121109,0.21670328080654144
13,uav_trajectory,-1.895241439342499e-08,5.241803598403931,21.280946350097658,0.0,8.627451610565185,-0.057288702577352524,0.7428545355796814,0.8382579191004237,1.050730169851034,4.187324523925781,2.1420419216156006e-08,2.293792963027954,2.0964086055755615,0.050522591918706894,0.013076812028884888,0.012816334143280983,0.1306053251028061
13,jammer_beamformer,-1.5366822481155395e-09,5.5467249870300295,56.783115768432616,0.0,15.385622501373291,0.022273171693086624,0.7712214589118958,0.8067785395355895,1.0157556441696096,3.331458568572998,-9.313225746154785e-10,2.210177183151245,1.9856889247894287,0.0785812959074974,0.021995140239596367,0.012176461517810822,0.20104123651981354
14,bs_beamformer,5.657784640789032e-09,5.1040496826171875,56.78263359069824,0.0,11.546541881561279,-0.03166525810956955,0.7442521452903748,0.8195907080895267,1.0277494984078925,3.7061285972595215,-8.381903171539307e-09,2.188932180404663,1.9460577964782715,0.08408455550670624,0.026890693232417107,0.012949568219482899,0.22877010703086853
14,uav_trajectory,4.0605664253234865e-08,2.3259818315505982,21.278824234008788,0.0,6.25449275970459,-0.03066142462193966,0.7229728698730469,0.7961401264231341,0.9883267195868587,3.241638422012329,-4.6566128730773926e-08,1.5252059698104858,2.8351659774780273,0.05238873511552811,0.014908729121088982,0.013249671086668968,0.13808341324329376
14,jammer_beamformer,-2.100132405757904e-08,6.78359088897705,56.78051109313965,0.0,27.599715423583984,-0.06859581917524338,0.7218390703201294,0.8137212685383857,1.0234134595125908,3.7334632873535156,2.0489096641540527e-08,2.1772620677948,2.291234016418457,0.07884309440851212,0.022910507395863533,0.012182177975773811,0.2162834107875824
15,bs_beamformer,2.2863969206809998e-08,4.106817722320557,56.78918685913086,0.0,7.376037526130676,-0.0677911788225174,0.7083000540733337,0.8051276002153754,1.0056603673815567,4.410449981689453,-2.421438694000244e-08,1.9772008657455444,3.0684502124786377,0.08492404967546463,0.02771931141614914,0.013058465905487537,0.23649285733699799
15,uav_trajectory,-7.613562047481538e-09,3.9590447425842283,21.275979423522948,0.0,8.003103446960449,0.02355998195707798,0.6840918064117432,0.8178728889636695,1.0196803599798743,3.350371837615967,4.6566128730773926e-09,2.016932249069214,2.421543598175049,0.0547773651778698,0.01722474955022335,0.013829350471496582,0.14568796753883362
15,jammer_beamformer,2.3050233721733094e-09,3.2258114576339723,56.7769229888916,0.0,4.487328696250915,0.0012983940541744232,0.7197431325912476,0.7940189010859467,1.0003077304107755,3.322911024093628,-4.190951585769653e-09,1.7926303148269653,2.4395101070404053,0.07916849106550217,0.023503482341766357,0.012214991264045238,0.22651900351047516
16,bs_beamformer,-1.5133991837501526e-09,3.5523014783859255,56.79496536254883,0.0,15.836282444000243,-0.027658233419060707,0.7176125645637512,0.8056343032824806,1.0110225038052338,4.346218585968018,-4.656612873077393e-10,1.6933329105377197,2.2508962154388428,0.08650081604719162,0.029116354882717133,0.013259517960250378,0.2445325404405594
16,uav_trajectory,-1.4156103134155273e-08,5.4788768768310545,21.27361145019531,0.0,17.428631687164305,-0.02304862067103386,0.6859408617019653,0.792899057832857,0.9867585477233273,2.92942476272583,1.1175870895385742e-08,2.1657938957214355,2.439546823501587,0.0564768984913826,0.019138338044285774,0.014214744791388512,0.15524142980575562
16,jammer_beamformer,-1.755543053150177e-08,3.882662773132324,56.769860076904294,0.0,10.855134201049804,-0.024036511778831482,0.7204285860061646,0.7975615580459126,0.9899870169742242,3.341498374938965,1.6763806343078613e-08,1.896824598312378,2.3995261192321777,0.07948613166809082,0.02415034919977188,0.012216289527714252,0.23523937165737152
17,bs_beamformer,-1.2665987014770507e-08,5.347200107574463,56.80143089294434,0.0,4.789687132835388,-0.054871827363967896,0.6788795590400696,0.8053485666955821,1.0152047028603373,3.4772472381591797,1.83936208486557e-08,2.308958053588867,1.5973752737045288,0.08833193778991699,0.03099597804248333,0.013484334573149681,0.25687143206596375
17,uav_trajectory,1.4435499906539917e-08,1.9572403073310851,21.272529983520506,0.0,7.2761273860931395,-0.02906038984656334,0.6828707456588745,0.7766657445629438,0.9712272434067465,3.017639398574829,-1.6763806343078613e-08,1.3744186162948608,1.943041205406189,0.057504843920469284,0.020252740010619164,0.014430728740990162,0.16386501491069794
17,jammer_beamformer,-1.8603168427944185e-08,2.3925999879837034,56.76683387756348,0.0,13.647697639465331,0.01447881106287241,0.7208781242370605,0.8007199617493898,1.013299446265548,5.535286903381348,1.955777406692505e-08,1.37838613986969,2.066221237182617,0.0797254890203476,0.02502288855612278,0.012156090699136257,0.2478587031364441
18,bs_beamformer,9.080395102500916e-09,4.353663444519043,56.81306190490723,0.0,6.019834518432617,-0.02948976680636406,0.6961790919303894,0.8014450051500462,0.9982284316944416,3.4915318489074707,-1.3969838619232178e-08,2.085646152496338,2.6267223358154297,0.0899934321641922,0.03276843577623367,0.013683167286217213,0.2667897641658783
18,uav_trajectory,-6.239861249923706e-09,4.183587312698364,21.271928977966308,0.0,14.204559993743896,0.01836487092077732,0.6581445336341858,0.7842913413519661,0.9739319298440312,3.5036656856536865,4.190951585769653e-09,1.836620569229126,1.9835143089294434,0.05875782296061516,0.02138199843466282,0.014705809764564037,0.16910697519779205
18,jammer_beamformer,-2.1420419216156004e-09,2.6505007266998293,56.76765518188476,0.0,4.103180599212647,-0.005840204656124115,0.6738251447677612,0.7901867652954534,0.9993935528052513,3.7085726261138916,6.51925802230835e-09,1.6246362924575806,3.6176986694335938,0.08016455918550491,0.025858594104647636,0.012149959802627563,0.25811001658439636
19,bs_beamformer,1.7881393432617187e-08,3.2122035026550293,56.82272605895996,0.0,7.64041805267334,0.017490841448307037,0.6330615282058716,0.7977623691922053,1.0038046318455236,3.523580551147461,-1.7229467630386353e-08,1.741705060005188,2.2603378295898438,0.09060700237751007,0.03352760896086693,0.013732882216572762,0.2786376476287842
19,uav_trajectory,-7.543712854385376e-09,3.1895973920822143,21.273830032348634,0.0,5.463098239898682,-0.018910013139247894,0.683722198009491,0.8209952104551097,1.0156922366433703,3.422470808029175,7.2177499532699585e-09,1.8224464654922485,2.6837360858917236,0.060131363570690155,0.02262822538614273,0.014993821270763874,0.1750597506761551
19,jammer_beamformer,-3.026798367500305e-09,5.3372612476348875,56.76658401489258,0.0,5.460392737388611,0.022587478160858154,0.6384468674659729,0.7964103889591061,1.0071009222278466,3.4846537113189697,5.3551048040390015e-09,2.2996647357940674,1.6050080060958862,0.0809774324297905,0.027107447385787964,0.01224865298718214,0.26834434270858765
20,bs_beamformer,5.401670932769775e-09,4.705595302581787,56.82924690246582,0.0,5.083135747909546,0.04102536290884018,0.6784147620201111,0.7892305013389559,0.9846300340758676,3.2114200592041016,-5.587935447692871e-09,2.158115863800049,2.2367024421691895,0.08985403925180435,0.033094167709350586,0.013599787838757038,0.2894209027290344
20,uav_trajectory,-8.195638656616212e-09,3.335588479042053,21.277268409729004,0.0,7.838725662231445,-0.036817118525505066,0.6827439069747925,0.7770235671326519,0.9758458815604047,3.1286940574645996,8.381903171539307e-09,1.85768723487854,2.668177366256714,0.06167638301849365,0.02404598891735077,0.015297267585992813,0.18205787241458893
20,jammer_beamformer,-8.707866072654724e-09,2.098585677146912,56.771463012695314,0.0,11.955707168579101,-0.029846005141735077,0.6694481372833252,0.8056624298207462,1.001531809119645,3.3077328205108643,3.725290298461914e-09,1.3139967918395996,2.7052505016326904,0.08297542482614517,0.029482487589120865,0.012507552281022072,0.28254979848861694
21,bs_beamformer,-1.057051122188568e-08,1.9945189356803894,56.832251358032224,0.0,8.526363897323609,-0.010300652123987675,0.6703245639801025,0.815305608489085,1.0240986693206422,3.378999710083008,1.4901161193847656e-08,1.3250988721847534,2.426100492477417,0.09007348865270615,0.0331849679350853,0.013645732775330544,0.3008955717086792
21,uav_trajectory,-2.477318048477173e-08,2.383767342567444,21.280292510986328,0.0,5.3491795539855955,-0.04130522161722183,0.7416802048683167,0.808619446473817,1.027670484869195,3.348400592803955,3.166496753692627e-08,1.5793191194534302,2.2568717002868652,0.06344593316316605,0.02555892802774906,0.015667613595724106,0.1907353401184082
21,jammer_beamformer,-1.1362135410308837e-08,3.1661084413528444,56.7770637512207,0.0,10.101474595069885,-0.06093797832727432,0.691544234752655,0.7859796096589416,0.9908598689224976,3.643223285675049,1.0244548320770264e-08,1.686435341835022,2.866962432861328,0.08488419651985168,0.03178606554865837,0.012759623117744923,0.29443731904029846
22,bs_beamformer,-1.3597309589385986e-08,3.709090328216553,56.82996788024902,0.0,4.619245886802673,-0.021588239818811417,0.6720256805419922,0.8069104338116012,1.0097437751719305,3.2366223335266113,1.816079020500183e-08,1.936760663986206,2.512669801712036,0.09083529561758041,0.03390639275312424,0.0137727539986372,0.31451714038848877
22,uav_trajectory,3.585591912269592e-08,4.808212518692017,21.28254222869873,0.0,8.06722731590271,-0.07660618424415588,0.7239604592323303,0.7613101084083319,0.9551772853444916,3.166628360748291,-3.14321368932724e-08,2.2299697399139404,2.3532474040985107,0.06577149778604507,0.02746768854558468,0.016231399029493332,0.19870635867118835
22,jammer_beamformer,-3.809109330177307e-08,2.165603184700012,56.77684288024902,0.0,10.72968225479126,-0.04315127804875374,0.7244104743003845,0.7860947539773769,0.981961457340696,3.2054309844970703,3.259629011154175e-08,1.3719499111175537,2.5261480808258057,0.08611521124839783,0.03318362683057785,0.012921457178890705,0.30235618352890015
23,bs_beamformer,-4.0745362639427185e-10,2.5531588315963747,56.828673934936525,0.0,12.63297929763794,0.010999616235494614,0.671786367893219,0.7975841845748947,0.9986436321176557,3.5528922080993652,-1.1641532182693481e-09,1.4307818412780762,2.9611806869506836,0.09085724502801895,0.03447074443101883,0.013779843226075172,0.3276739716529846
23,uav_trajectory,-5.960464477539063e-09,2.9728259086608886,21.28253307342529,0.0,11.224153900146485,-0.011928567662835121,0.7172846794128418,0.8056076854467392,1.0054567120162083,3.7538816928863525,3.259629011154175e-09,1.5887686014175415,3.0223922729492188,0.06834106892347336,0.02980928122997284,0.01686467044055462,0.20770613849163055
23,jammer_beamformer,-9.12696123123169e-09,4.361216306686401,56.77847328186035,0.0,4.902776670455933,-0.0788610428571701,0.7172456979751587,0.8148884020489641,1.021356128979804,4.138251304626465,9.313225746154785e-09,2.100801706314087,2.5120139122009277,0.08724851161241531,0.03456053510308266,0.013066220097243786,0.31033942103385925
24,bs_beamformer,-5.960464477539063e-09,3.227359580993652,56.83285980224609,0.0,5.602302098274231,0.030260777100920677,0.6492907404899597,0.8175567855732515,1.0180174854446846,3.687182664871216,5.587935447692871e-09,1.787349820137024,2.5867855548858643,0.09124065935611725,0.035359304398298264,0.013831159099936485,0.33943185210227966
24,uav_trajectory,8.89413058757782e-09,2.780632495880127,21.282981872558594,0.0,5.575232744216919,-0.033592768013477325,0.7028940916061401,0.8108053268585355,1.0214613290653651,2.961111545562744,-4.6566128730773926e-09,1.710469365119934,2.198549747467041,0.06994593888521194,0.03118359111249447,0.017243532463908195,0.21405166387557983
24,jammer_beamformer,3.296881914138794e-08,3.701437759399414,56.78684577941895,0.0,9.515341138839721,-0.10928048193454742,0.6689302325248718,0.8181573474742472,1.0284072061179454,3.7446436882019043,-3.748573362827301e-08,1.854271650314331,2.0922091007232666,0.08875158429145813,0.036449309438467026,0.01322481781244278,0.3195658028125763
25,bs_beamformer,-1.280568540096283e-08,3.068051290512085,56.83743133544922,0.0,4.358621072769165,0.026145650073885918,0.6212226152420044,0.8057130699786358,1.0140612486867415,4.078585624694824,1.1175870895385742e-08,1.754502296447754,2.1874866485595703,0.09175845980644226,0.036700837314128876,0.013852554373443127,0.3475273549556732
25,uav_trajectory,6.7055225372314455e-09,3.1400083780288695,21.28763790130615,0.0,5.94773416519165,0.0011317958123981953,0.6997082829475403,0.7824274834233026,0.9868558216512364,3.3588435649871826,-9.778887033462524e-09,1.7997212409973145,2.220923662185669,0.07171378284692764,0.03282085061073303,0.017664236947894096,0.2188069075345993
25,jammer_beamformer,6.519258022308349e-10,6.529104471206665,56.791880416870114,0.0,38.83859443664551,0.012358368374407291,0.6420028805732727,0.8030667301868089,1.0022116094945497,3.329371929168701,0.0,1.4171127080917358,2.527967929840088,0.08920742571353912,0.037465114146471024,0.013202102854847908,0.3308297097682953
26,bs_beamformer,1.778826117515564e-08,3.3548117876052856,56.83775863647461,0.0,7.390790843963623,-0.00628243200480938,0.6365415453910828,0.8130580076323822,1.0137425514152325,3.2207436561584473,-1.0710209608078003e-08,1.7964750528335571,2.482147455215454,0.09206894785165787,0.037929996848106384,0.013838691636919975,0.35560575127601624
26,uav_trajectory,1.0104849934577942e-08,4.36808590888977,21.288844680786134,0.0,11.066314315795898,-0.041611723601818085,0.7159404754638672,0.8195594160817563,1.0165074105378284,3.1010050773620605,-7.450580596923828e-09,2.060912847518921,2.732808828353882,0.07360219210386276,0.034534137696027756,0.018093427643179893,0.2245914340019226
26,jammer_beamformer,-1.4901161193847657e-09,7.071814632415771,56.79366683959961,0.0,34.184899139404294,0.04301927983760834,0.6660281419754028,0.808161264245573,1.0252962164146286,3.760174512863159,1.3969838619232178e-09,1.8805590867996216,3.0527679920196533,0.08883921056985855,0.03756146878004074,0.01308581791818142,0.3386800289154053
27,bs_beamformer,4.414469003677368e-08,3.315001368522644,56.83768424987793,0.0,14.752747821807862,0.035517074167728424,0.6731458902359009,0.804367175959982,1.010971964208509,3.890397071838379,-4.0978193283081055e-08,1.6141239404678345,2.2507002353668213,0.09262027591466904,0.038892678916454315,0.013846795074641705,0.3642030656337738
27,uav_trajectory,2.093147486448288e-08,2.4475992202758787,21.28834114074707,0.0,12.815963077545167,0.03657563403248787,0.6812794208526611,0.8293689619476596,1.0294938630061834,3.6545236110687256,-2.2351741790771484e-08,1.3447544574737549,2.6559901237487793,0.07503628730773926,0.035702191293239594,0.018363259732723236,0.22973887622356415
27,jammer_beamformer,1.3504177331924438e-08,2.0354483366012572,56.79521026611328,0.0,5.636674118041992,-0.030857829377055168,0.6116654276847839,0.7959861425778363,1.0037855576044388,3.8175301551818848,-1.909211277961731e-08,1.4070594310760498,2.829090118408203,0.08888638764619827,0.03777966648340225,0.013069408014416695,0.34224826097488403
28,bs_beamformer,1.3737007975578308e-08,2.409852647781372,56.836903762817386,0.0,4.402616000175476,-0.00490731094032526,0.6221807599067688,0.831463543301681,1.041029798307877,3.457888603210449,-8.381903171539307e-09,1.5468225479125977,2.1164026260375977,0.09341196715831757,0.0397055447101593,0.013887214474380016,0.37158307433128357
28,uav_trajectory,9.918585419654847e-09,3.6477853775024416,21.288934898376464,0.0,9.293252944946289,-0.023172898218035698,0.6931253671646118,0.799230920544515,1.0038050670001735,3.3271021842956543,-1.234002411365509e-08,1.8825981616973877,2.4010868072509766,0.07566916942596436,0.03610319271683693,0.01846793293952942,0.23303130269050598
28,jammer_beamformer,1.0011717677116394e-07,2.7107517242431642,56.796553421020505,0.0,17.88783378601074,0.07642058283090591,0.7055222988128662,0.7834367298544385,0.9864508568707554,4.1473870277404785,-9.546056389808655e-08,1.3485480546951294,2.652876853942871,0.08968039602041245,0.03882133960723877,0.013200846500694752,0.34606388211250305
29,bs_beamformer,-8.614733815193176e-09,2.6793237209320067,56.832989883422854,0.0,11.094739627838134,0.0501239076256752,0.6520177721977234,0.8015042930962518,1.0129500383041803,4.397502422332764,2.3283064365386963e-09,1.5109844207763672,2.73899245262146,0.09451978653669357,0.04040341079235077,0.013975551351904869,0.3778015971183777
29,uav_trajectory,1.0896474123001098e-08,3.2037569284439087,21.289255905151368,0.0,7.11511754989624,0.011797557584941387,0.7363337278366089,0.7793335543808838,0.962826719708033,3.1998281478881836,-1.1641532182693481e-08,1.8408266305923462,1.8669730424880981,0.0765952542424202,0.036711305379867554,0.018665162846446037,0.2358694076538086
29,jammer_beamformer,4.74974513053894e-09,2.2499089002609254,56.7971809387207,0.0,5.3929084777832035,0.027308888733386993,0.6774216890335083,0.7889008054570295,0.9928570079572209,3.2355289459228516,-5.820766091346741e-09,1.4970922470092773,2.8050029277801514,0.09072467684745789,0.04027523472905159,0.013348395004868507,0.3527563810348511
30,bs_beamformer,1.830048859119415e-08,3.5213894844055176,56.8322395324707,0.0,10.478366088867187,-0.012310088612139225,0.7010384798049927,0.8189022021656855,1.024568202131193,3.5198874473571777,-1.4901161193847656e-08,1.783889651298523,2.2935476303100586,0.09544543921947479,0.041065461933612823,0.014037835411727428,0.38391953706741333
30,uav_trajectory,3.189779818058014e-08,4.301986837387085,21.28599739074707,0.0,11.195274162292481,-0.04327130690217018,0.7264754772186279,0.8818947376770278,1.0853196654454318,3.4146759510040283,-3.4226104617118835e-08,2.014970064163208,2.4088339805603027,0.07738876342773438,0.037023529410362244,0.018881116062402725,0.23910865187644958
30,jammer_beamformer,-1.3085082173347474e-08,3.6061131238937376,56.7993221282959,0.0,4.036022663116455,0.03407638520002365,0.7285187840461731,0.806979409685824,1.012794061369148,3.5564229488372803,1.1175870895385742e-08,1.9094549417495728,2.5980703830718994,0.09243287146091461,0.04259404167532921,0.013589221052825451,0.3589581251144409
31,bs_beamformer,-6.05359673500061e-09,2.575465512275696,56.83406295776367,0.0,4.792116498947143,-0.0010128431022167206,0.6638628840446472,0.8322454683331307,1.0352115275124023,3.5124869346618652,1.0244548320770264e-08,1.6009174585342407,2.480520486831665,0.09635374695062637,0.04181969538331032,0.014124157838523388,0.38780421018600464
31,uav_trajectory,1.979060471057892e-08,4.496705484390259,21.28555850982666,0.0,10.13023338317871,-0.09436222165822983,0.731418788433075,0.7886695848827561,0.9916289850757903,2.974790573120117,-1.862645149230957e-08,2.0796244144439697,2.178128957748413,0.07784250378608704,0.03725051507353783,0.019026901572942734,0.24301885068416595
31,jammer_beamformer,-8.102506399154662e-09,2.9969350576400755,56.80076293945312,0.0,5.138460779190064,0.025880437344312668,0.7241615056991577,0.8016470535746776,1.0129811094319794,3.3123703002929688,1.5133991837501526e-08,1.73654043674469,2.6352791786193848,0.0951862558722496,0.0455356203019619,0.014006510376930237,0.36816442012786865
32,bs_beamformer,-1.0710209608078003e-08,4.148658633232117,56.83920059204102,0.0,9.29220700263977,0.03453364223241806,0.6587947010993958,0.8076571844976861,0.9992783212815568,3.1308200359344482,9.313225746154785e-09,1.973309874534607,2.0663607120513916,0.0959063470363617,0.04164258763194084,0.014055082574486732,0.39238518476486206
32,uav_trajectory,1.3178214430809021e-08,10.703912448883056,21.286680030822755,0.0,34.34089279174805,0.04789839684963226,0.7657158970832825,0.789169366688778,0.9850278849908317,3.1521732807159424,-1.1175870895385742e-08,2.422966957092285,2.926922559738159,0.07823512703180313,0.03771912306547165,0.01912924088537693,0.24644598364830017
32,jammer_beamformer,6.048940122127533e-08,3.8593775987625123,56.80491943359375,0.0,5.378903007507324,0.06077025458216667,0.7085615396499634,0.8026820151787252,1.0107421739511162,3.823528289794922,-5.9138983488082886e-08,1.9667432308197021,2.37618088722229,0.09797389805316925,0.04827123135328293,0.014429512433707714,0.3775561451911926
33,bs_beamformer,-1.3969838619232178e-08,2.0517499685287475,56.84494552612305,0.0,5.088226628303528,0.009127942845225334,0.6703913807868958,0.8126620786921122,1.008833148435765,3.4703688621520996,1.955777406692505e-08,1.4201180934906006,2.3412816524505615,0.09564896672964096,0.04186839610338211,0.014002082869410515,0.3978869616985321
33,uav_trajectory,-5.261972546577454e-09,4.573735356330872,21.28830795288086,0.0,19.880563926696777,0.009879126213490963,0.7659527063369751,0.7616578132857879,0.9579916564824524,3.618513822555542,5.587935447692871e-09,1.7695562839508057,2.3654894828796387,0.07863026112318039,0.03822384774684906,0.019202997907996178,0.24942439794540405
33,jammer_beamformer,3.4226104617118834e-09,3.5053408622741697,56.807487106323244,0.0,8.226787328720093,0.04468794912099838,0.6726978421211243,0.8114687670711428,1.0135959939492118,3.2638401985168457,-5.587935447692871e-09,1.8414808511734009,2.4272732734680176,0.10031916201114655,0.05063500627875328,0.014741064980626106,0.3853723704814911
34,bs_beamformer,3.729946911334991e-08,4.131215286254883,56.850712585449216,0.0,10.656743001937866,0.06548386067152023,0.6314798593521118,0.8174685487797833,1.0116714409871903,3.7967283725738525,-3.864988684654236e-08,1.9405150413513184,2.2396223545074463,0.0969710424542427,0.043280258774757385,0.014159818179905415,0.4016866385936737
34,uav_trajectory,7.171183824539185e-09,4.283419942855835,21.290306854248048,0.0,6.65620493888855,0.014776489697396755,0.7445632219314575,0.794054662498956,0.9846544106976324,3.2518763542175293,-5.587935447692871e-09,2.1368799209594727,2.4535207748413086,0.07908706367015839,0.03873920813202858,0.019285080954432487,0.25102823972702026
34,jammer_beamformer,-2.621673047542572e-08,4.287257289886474,56.80903625488281,0.0,5.592407608032227,0.0596291646361351,0.6648619174957275,0.8157217402148527,1.0190399066592997,3.4446845054626465,2.8870999813079834e-08,2.067514657974243,2.607236385345459,0.10203294456005096,0.052235424518585205,0.01490982435643673,0.3934745490550995
35,bs_beamformer,-1.0593794286251068e-08,2.0799479722976684,56.856130599975586,0.0,4.90076699256897,0.041145943105220795,0.6270658373832703,0.8063369249601383,1.0174508086549878,3.3919942378997803,1.7695128917694092e-08,1.4397521018981934,2.543297529220581,0.09809168428182602,0.04442561790347099,0.014301356859505177,0.405164510011673
35,uav_trajectory,-1.1641532182693481e-08,4.590677309036255,21.291958236694335,0.0,18.948319721221925,-0.04006093367934227,0.7425845265388489,0.8033000819012522,0.9967803777513535,3.4403505325317383,1.0244548320770264e-08,1.7784981727600098,3.0301616191864014,0.0800972506403923,0.039321232587099075,0.019530225545167923,0.2530502676963806
35,jammer_beamformer,-2.100132405757904e-08,3.1885510206222536,56.811323928833005,0.0,8.099095010757447,0.09768892824649811,0.726836085319519,0.8096069688932039,1.0189949881802622,3.600262403488159,2.421438694000244e-08,1.7507729530334473,2.6324262619018555,0.10326854139566422,0.05313330888748169,0.01504532527178526,0.40004777908325195
36,bs_beamformer,-2.048909664154053e-09,5.95210542678833,56.86609382629395,0.0,4.9355529069900514,0.029613781720399857,0.6950170993804932,0.8084009382235817,1.0094708532127343,4.063158988952637,9.313225746154785e-10,2.456904172897339,2.606415271759033,0.09912867844104767,0.04568343237042427,0.01436511892825365,0.4081559181213379
36,uav_trajectory,-4.6053901314735415e-08,3.381539154052734,21.292470741271973,0.0,14.019318962097168,0.08399645984172821,0.6941329836845398,0.8082494998909533,1.0192080988006718,3.591010570526123,4.284083843231201e-08,1.6582664251327515,2.796661853790283,0.08142664283514023,0.040173787623643875,0.01986781321465969,0.25796064734458923
36,jammer_beamformer,9.336508810520172e-09,3.2230096578598024,56.81489181518555,0.0,16.25632200241089,0.04678931087255478,0.6275773644447327,0.8178685585176573,1.0220289708193477,3.5458431243896484,-1.30385160446167e-08,1.5864043235778809,3.097777843475342,0.10398246347904205,0.053625497967004776,0.015139797702431679,0.4062465727329254
37,bs_beamformer,6.51925802230835e-09,3.3362892866134644,56.88098258972168,0.0,4.888738799095154,0.008639214560389519,0.6515085101127625,0.78978995993454,0.9919367757473333,3.7100512981414795,-5.587935447692871e-09,1.824645757675171,2.8200767040252686,0.10080079734325409,0.047474030405282974,0.014509704895317554,0.41290441155433655
37,uav_trajectory,-1.2014061212539673e-08,2.509881615638733,21.292799758911134,0.0,5.544993448257446,0.010408695787191391,0.7113385200500488,0.8501474411164721,1.0606659381121124,3.4794235229492188,8.847564458847046e-09,1.6238439083099365,2.362152099609375,0.0827987864613533,0.04104940965771675,0.02026166208088398,0.26116442680358887
37,jammer_beamformer,4.6892091631889345e-08,2.6304816246032714,56.81662254333496,0.0,6.13923830986023,0.09623826295137405,0.6215280890464783,0.7985004879562184,0.9922526084265143,3.718843460083008,-4.7963112592697144e-08,1.60689377784729,2.2746005058288574,0.10411743074655533,0.05383450165390968,0.015142369084060192,0.41087937355041504
38,bs_beamformer,3.729946911334991e-08,3.7287460565567017,56.89501724243164,0.0,9.334802675247193,0.05041072890162468,0.6707322001457214,0.8299702932448126,1.0378454911381276,4.460325241088867,-3.3993273973464966e-08,1.8623076677322388,2.1732513904571533,0.10339393466711044,0.049938563257455826,0.014824179001152515,0.418936550617218
38,uav_trajectory,3.948807716369629e-08,4.817897987365723,21.28996925354004,0.0,11.259766006469727,0.06263304501771927,0.7448546290397644,0.815798569103082,1.0078057825974427,3.044847249984741,-3.632158041000366e-08,2.175764322280884,1.7179471254348755,0.08425797522068024,0.04171041399240494,0.020675955340266228,0.2645111083984375
38,jammer_beamformer,-5.448237061500549e-09,3.9629367351531983,56.81811408996582,0.0,4.831086301803589,0.08106628060340881,0.6748101711273193,0.8025956379203126,1.0040685714992537,3.435145139694214,4.889443516731262e-09,2.0125770568847656,2.4889068603515625,0.10499164462089539,0.05449151620268822,0.015277241356670856,0.4142770767211914
39,bs_beamformer,-3.2596290111541746e-10,2.5107105016708373,56.9078369140625,0.0,5.711478185653687,0.02663901075720787,0.6559128761291504,0.8097838459494524,1.0223470199424414,3.475259780883789,-2.3283064365386963e-09,1.5832782983779907,2.159447431564331,0.10582181066274643,0.051963552832603455,0.015140676870942116,0.4250729978084564
39,uav_trajectory,1.1408701539039612e-08,4.04724268913269,21.288199996948244,0.0,9.968522882461547,0.10707706958055496,0.6927292943000793,0.7888712496161461,0.9913231441960112,4.33793830871582,-1.1175870895385742e-08,1.9895578622817993,2.1983370780944824,0.08588822931051254,0.04278580844402313,0.021104302257299423,0.27080297470092773
39,jammer_beamformer,-1.7508864402770997e-08,6.157327890396118,56.828345489501956,0.0,6.33746223449707,0.0861181914806366,0.7021065354347229,0.8087967636832036,1.004441928701194,3.588559865951538,2.3283064365386963e-08,2.507042646408081,2.86232852935791,0.10663171112537384,0.05628405138850212,0.015549279749393463,0.4208493232727051
40,bs_beamformer,4.3306499719619754e-09,3.3309727191925047,56.92070999145508,0.0,3.973923993110657,0.010919218882918358,0.6960413455963135,0.8210220352627803,1.0255496547261438,3.7554681301116943,-5.820766091346741e-09,1.836949348449707,2.662217378616333,0.10745570808649063,0.05319714546203613,0.015348951332271099,0.4292987883090973
40,uav_trajectory,-2.9802322387695314e-09,4.9365997314453125,21.28518753051758,0.0,22.562917137145995,0.008426155894994736,0.6885831952095032,0.8143915446897347,1.0064974941454072,3.2864208221435547,1.862645149230957e-09,1.7696614265441895,2.03886079788208,0.08784068375825882,0.044390540570020676,0.021608952432870865,0.2763878107070923
40,jammer_beamformer,4.156026989221573e-08,2.528385353088379,56.84185028076172,0.0,7.490231943130493,0.047008030116558075,0.5886300802230835,0.8416261104727164,1.0386680958563081,3.6193583011627197,-4.190951585769653e-08,1.557202696800232,1.9901320934295654,0.10749687999486923,0.05780689790844917,0.015607321634888649,0.4301808774471283
41,bs_beamformer,-1.8673017621040345e-08,2.2290205001831054,56.931941986083984,0.0,11.345836353302001,0.05625182390213013,0.629371166229248,0.8276273754867725,1.0352248465423164,3.896376132965088,1.3969838619232178e-08,1.3489711284637451,2.568986415863037,0.10843053460121155,0.05408449470996857,0.015507003292441368,0.4350278377532959
41,uav_trajectory,6.984919309616089e-09,3.0002169609069824,21.283150672912598,0.0,11.445869827270508,0.02267739735543728,0.6379130482673645,0.8288766860837737,1.0256300324137062,3.4921960830688477,9.313225746154785e-10,1.6127824783325195,2.514866352081299,0.08981327712535858,0.04602046310901642,0.02209213189780712,0.28063613176345825
41,jammer_beamformer,-4.0885061025619506e-08,1.9618531823158265,56.84999237060547,0.0,7.553183460235596,0.06285397708415985,0.6558578610420227,0.8419080642194021,1.0692428946692865,4.595644474029541,4.0978193283081055e-08,1.3680024147033691,2.2304446697235107,0.10840130597352982,0.0591278038918972,0.01566954143345356,0.43921807408332825
42,bs_beamformer,5.215406417846679e-09,2.532305955886841,56.940154266357425,0.0,9.479804039001465,0.0088572446256876,0.6330093145370483,0.7918991961451247,0.9932919542857891,3.6351637840270996,-8.847564458847046e-09,1.520470142364502,2.333522081375122,0.10911232233047485,0.05477973446249962,0.015635298565030098,0.44189774990081787
42,uav_trajectory,7.59027898311615e-09,4.019868516921997,21.283146476745607,0.0,10.536301612854004,0.06308317184448242,0.7136136293411255,0.8160544518108169,1.0248385281421217,3.9632108211517334,-9.313225746154785e-09,1.9793243408203125,2.3483221530914307,0.0911267101764679,0.0470796562731266,0.022408900782465935,0.2828114926815033
42,jammer_beamformer,-2.9616057872772217e-08,3.5774697780609133,56.853952407836914,0.0,4.4098551034927365,0.06960159540176392,0.6565809845924377,0.8139065528819337,1.0165273052771249,3.494744300842285,2.9802322387695312e-08,1.8997923135757446,1.8088997602462769,0.11060761660337448,0.06138312816619873,0.015934620052576065,0.44627895951271057
43,bs_beamformer,-3.3620744943618776e-08,2.566020393371582,56.95023384094238,0.0,3.7547481536865233,0.020424755290150642,0.6218865513801575,0.7923428835524247,0.9890534471351632,3.509387493133545,3.67872416973114e-08,1.6043859720230103,2.6344900131225586,0.10937504470348358,0.05509857088327408,0.0156876090914011,0.4458315074443817
43,uav_trajectory,4.726462066173554e-09,2.4336586952209474,21.28428897857666,0.0,4.57654378414154,0.04169589653611183,0.6792437434196472,0.8261244157329202,1.0389701696999405,3.8051559925079346,0.0,1.6373062133789062,2.176820993423462,0.09251683205366135,0.04811621457338333,0.022737499326467514,0.2848430275917053
43,jammer_beamformer,-3.562308847904205e-08,2.306968092918396,56.85517845153809,0.0,7.38767786026001,0.05331938713788986,0.6790570616722107,0.8292837455291301,1.0357312871640667,4.149875640869141,4.0978193283081055e-08,1.4809294939041138,2.3052468299865723,0.11237834393978119,0.0629090666770935,0.016175325959920883,0.45148855447769165
44,bs_beamformer,3.03611159324646e-08,3.0281218528747558,56.96022338867188,0.0,6.175672793388367,0.04304487258195877,0.6631418466567993,0.8010615941910073,1.007496957185484,3.4427943229675293,-3.4458935260772705e-08,1.7209945917129517,2.197298526763916,0.1089392751455307,0.05486982315778732,0.015619809739291668,0.4489244520664215
44,uav_trajectory,-2.1047890186309816e-08,6.921473169326783,21.286472129821778,0.0,11.21205792427063,0.11882063001394272,0.7282257080078125,0.7801490620573361,0.9815298555125153,3.1347670555114746,2.3748725652694702e-08,2.64079213142395,2.841609477996826,0.09389296919107437,0.049049366265535355,0.023083191365003586,0.2877779006958008
44,jammer_beamformer,-1.0407529771327973e-08,3.303453302383423,56.85753860473633,0.0,9.980742835998536,0.09226591140031815,0.6696240901947021,0.7989573098593391,1.0050042570398747,3.4418160915374756,1.0244548320770264e-08,1.7480658292770386,2.458944797515869,0.11375171691179276,0.06412222236394882,0.016366800293326378,0.4559919536113739
45,bs_beamformer,1.103617250919342e-08,3.5762120723724364,56.96669158935547,0.0,3.997444486618042,0.041171565651893616,0.6612585783004761,0.816671378615778,1.0287505856243595,4.286426544189453,-1.1175870895385742e-08,1.8861645460128784,2.492123603820801,0.10938338935375214,0.0553012378513813,0.015679342672228813,0.4529958963394165
45,uav_trajectory,-4.917383193969726e-08,2.341193437576294,21.2882417678833,0.0,12.494121551513672,0.06643695384263992,0.6455936431884766,0.7786513201644023,0.9871728508979126,3.0493714809417725,4.7497451305389404e-08,1.3436206579208374,1.8660306930541992,0.09565060585737228,0.05022989213466644,0.023492801934480667,0.29283785820007324
45,jammer_beamformer,2.3609027266502382e-08,2.3261294603347777,56.86266860961914,0.0,5.1912003517150875,0.06782112270593643,0.680243194103241,0.8172565638523083,1.020721969158135,3.473966121673584,-2.8405338525772095e-08,1.5459816455841064,2.7736546993255615,0.11502846330404282,0.06495057791471481,0.016546690836548805,0.45910945534706116
46,bs_beamformer,5.615875124931335e-08,2.3721351623535156,56.96939201354981,0.0,5.05424861907959,0.05387953296303749,0.6152622103691101,0.8174709170793649,1.0168718386630764,4.00473690032959,-6.05359673500061e-08,1.5344504117965698,2.577148675918579,0.11088206619024277,0.056306835263967514,0.015912597998976707,0.4566546678543091
46,uav_trajectory,-4.468020051717758e-08,3.761933970451355,21.289486122131347,0.0,6.167053174972534,0.07089439034461975,0.706325352191925,0.823189718876034,1.0200669994561875,3.189793825149536,4.284083843231201e-08,2.0310885906219482,1.9221889972686768,0.09731896966695786,0.051457881927490234,0.02389064058661461,0.2966005504131317
46,jammer_beamformer,1.3224780559539794e-08,1.8928651332855224,56.871674346923825,0.0,4.594870090484619,0.09011480212211609,0.6297461986541748,0.8199960512269754,1.0191062276648832,3.527052164077759,-1.0244548320770264e-08,1.3769227266311646,2.3097903728485107,0.11668246984481812,0.06569690257310867,0.016818687319755554,0.46157106757164
47,bs_beamformer,-5.019828677177429e-08,3.2614360809326173,56.97196998596191,0.0,6.402203750610352,0.08229153603315353,0.699940025806427,0.8201213898528368,1.026316795964582,3.582551956176758,5.122274160385132e-08,1.7942575216293335,2.0257647037506104,0.1121879294514656,0.056878723204135895,0.016083067283034325,0.461070716381073
47,uav_trajectory,1.3066455721855165e-07,4.620700168609619,21.29003562927246,0.0,14.131881141662598,0.1252625435590744,0.7238566279411316,0.8096729402840137,1.0101621433435966,2.844548463821411,-1.3364478945732117e-07,1.9906083345413208,2.907782554626465,0.09831129759550095,0.05251928046345711,0.02408467046916485,0.299858957529068
47,jammer_beamformer,9.033828973770141e-09,3.24324688911438,56.877956008911134,0.0,7.319316864013672,0.057970695197582245,0.610191285610199,0.8058632152215578,1.0209684211026104,4.556972026824951,-8.381903171539307e-09,1.7809960842132568,2.308651924133301,0.11846117675304413,0.06702015548944473,0.017031116411089897,0.4679517447948456
48,bs_beamformer,1.9883736968040468e-08,5.229570293426514,56.97465476989746,0.0,18.797801971435547,0.024633433669805527,0.6237148642539978,0.7990528658698313,1.0000761845806423,3.908402442932129,-2.0489096641540527e-08,2.0129103660583496,2.962442636489868,0.11304396390914917,0.05723552778363228,0.016119936481118202,0.46706777811050415
48,uav_trajectory,1.2060627341270446e-08,4.867629623413086,21.289119911193847,0.0,16.414565086364746,0.01609460450708866,0.7348961234092712,0.8468179896399379,1.0583281381721674,5.052083969116211,-8.847564458847046e-09,2.0102787017822266,2.549100160598755,0.09887121617794037,0.05335414782166481,0.02415386028587818,0.3041737675666809
48,jammer_beamformer,2.8405338525772093e-09,4.3677431583404545,56.886297607421874,0.0,4.98921582698822,0.03762209787964821,0.6998876333236694,0.8419359958278947,1.0641588494433842,3.7831482887268066,-4.6566128730773926e-09,2.0896108150482178,1.8408089876174927,0.12008147686719894,0.06855753064155579,0.01715783402323723,0.47472164034843445
49,bs_beamformer,-3.8184225559234616e-09,2.4223629951477053,56.97768783569336,0.0,5.137810087203979,0.0638473629951477,0.6724662184715271,0.8428978703639004,1.0492322027775187,3.4394023418426514,3.725290298461914e-09,1.5623301267623901,2.9612393379211426,0.11367307603359222,0.05776948854327202,0.016120774671435356,0.4730190634727478
49,uav_trajectory,-1.0323710739612579e-07,2.4414042711257933,21.28944492340088,0.0,10.151323127746583,0.12347002327442169,0.6543849110603333,0.7962982705210646,1.0049101146500374,3.222773790359497,1.019798219203949e-07,1.437072515487671,2.7223970890045166,0.09905189275741577,0.053680937737226486,0.02416195347905159,0.30681371688842773
49,jammer_beamformer,3.9581209421157836e-10,2.7958784103393555,56.89234924316406,0.0,18.788239574432374,0.09108711779117584,0.6877472400665283,0.7991748013873584,0.9960639560888157,3.296729564666748,3.725290298461914e-09,1.3225343227386475,2.622105360031128,0.12184964865446091,0.07010827958583832,0.01732048951089382,0.4796793758869171
50,bs_beamformer,7.357448339462281e-09,5.31470799446106,56.97825813293457,0.0,4.418193125724793,0.0027363337576389313,0.6039077639579773,0.8300539506990463,1.0318008201086168,3.554490804672241,-9.778887033462524e-09,2.308800458908081,2.420278787612915,0.11500583589076996,0.05909116566181183,0.016246827319264412,0.4772758483886719
50,uav_trajectory,-2.2118911147117615e-08,2.3286312103271483,21.291927528381347,0.0,4.329948997497558,0.09758807718753815,0.6535592675209045,0.7708052193212013,0.9810748160113207,3.64328670501709,2.3283064365386963e-08,1.5742117166519165,2.6590685844421387,0.09929948300123215,0.05371678248047829,0.024208979681134224,0.30784836411476135
50,jammer_beamformer,4.917383193969726e-08,3.4860883235931395,56.89433708190918,0.0,5.33707971572876,0.05380076915025711,0.6876205205917358,0.8432578427039552,1.063177117123851,3.8485167026519775,-5.098991096019745e-08,1.8744676113128662,2.830625534057617,0.12319669127464294,0.07118896394968033,0.017458591610193253,0.48368898034095764
51,bs_beamformer,7.12461769580841e-08,6.033532381057739,56.98068542480469,0.0,25.322448348999025,0.11184666305780411,0.6539380550384521,0.8024471712505911,1.016870862889586,3.4730167388916016,-7.310882210731506e-08,1.985245943069458,1.9692167043685913,0.11585585027933121,0.060076817870140076,0.0162937194108963,0.48224419355392456
51,uav_trajectory,-1.1599622666835785e-07,2.1783610224723815,21.29697666168213,0.0,6.290664768218994,0.14349423348903656,0.6813347935676575,0.8459132214287917,1.0341251466092065,3.828115224838257,1.1362135410308838e-07,1.47238290309906,2.7598109245300293,0.10010656714439392,0.05402785912156105,0.024288423359394073,0.3087029457092285
51,jammer_beamformer,-1.1217780411243439e-07,2.8464499711990356,56.89349555969238,0.0,12.778085803985595,0.12699396908283234,0.665345311164856,0.8166095522106626,1.0276263591656694,3.585608720779419,1.0849907994270325e-07,1.56777822971344,3.2050108909606934,0.12284373492002487,0.07086875289678574,0.01741623878479004,0.48590087890625
52,bs_beamformer,1.434236764907837e-08,4.218751859664917,56.9815559387207,0.0,4.538974690437317,0.04161094129085541,0.6501014828681946,0.8329922367213294,1.04480098622327,4.198707580566406,-1.5832483768463135e-08,2.0682127475738525,2.176112174987793,0.11608430743217468,0.06051703169941902,0.016267094761133194,0.4874183237552643
52,uav_trajectory,-1.0957010090351105e-07,1.9265386581420898,21.301375579833984,0.0,3.4986137628555296,0.12253755331039429,0.7053854465484619,0.8263359838140507,1.030290547759955,3.445781946182251,1.0989606380462646e-07,1.4434913396835327,3.092359781265259,0.10167859494686127,0.05533068627119064,0.02454262226819992,0.3138890862464905
52,jammer_beamformer,6.705522537231445e-08,4.750649404525757,56.89604568481445,0.0,5.219808959960938,0.08112949877977371,0.6725326776504517,0.8274800029639154,1.032106818541906,3.575503349304199,-6.938353180885315e-08,2.1852834224700928,1.9282653331756592,0.12217872589826584,0.07052982598543167,0.017329199239611626,0.488815575838089
53,bs_beamformer,4.745088517665863e-08,3.752265119552612,56.979753494262695,0.0,5.623536682128906,0.08563739061355591,0.6548102498054504,0.80323282797914,1.0151227195026884,3.494837999343872,-4.7497451305389404e-08,1.92948579788208,2.3838539123535156,0.1176116019487381,0.06136739253997803,0.01639981009066105,0.49132195115089417
53,uav_trajectory,6.984919309616089e-11,5.849111318588257,21.304355812072753,0.0,19.2981258392334,0.053719110786914825,0.6838914155960083,0.8238487956722578,1.0193521399485155,3.6382241249084473,-5.587935447692871e-09,2.101062536239624,2.2315585613250732,0.10247635841369629,0.056074514985084534,0.024659274145960808,0.32009729743003845
53,jammer_beamformer,2.3283064365386963e-09,2.634626340866089,56.899407958984376,0.0,12.116491508483886,0.06057130545377731,0.6712552309036255,0.8226941095257644,1.0319939009797976,3.8743724822998047,9.313225746154785e-10,1.5097047090530396,2.475567102432251,0.12239442765712738,0.07097619771957397,0.01732027344405651,0.49103859066963196
54,bs_beamformer,-6.426125764846802e-08,3.0888402700424193,56.98130760192871,0.0,5.321149921417236,0.06561046838760376,0.6412485241889954,0.8177828894540434,1.0250352041695356,3.9021639823913574,6.472691893577576e-08,1.764141321182251,2.333874225616455,0.11896008253097534,0.06202424317598343,0.016524234786629677,0.49493125081062317
54,uav_trajectory,5.997717380523682e-08,3.0298250198364256,21.30491771697998,0.0,11.553696537017823,0.13452281057834625,0.7083684802055359,0.8361303487072388,1.038195200299456,3.932605504989624,-5.98374754190445e-08,1.6303173303604126,2.41176700592041,0.10278575867414474,0.0563136488199234,0.024717748165130615,0.32818305492401123
54,jammer_beamformer,-8.968636393547058e-08,4.584501934051514,56.90222282409668,0.0,23.19363670349121,0.1513737440109253,0.6557909846305847,0.8276351907625794,1.0372359009232979,3.834883213043213,9.080395102500916e-08,1.7344869375228882,2.011803388595581,0.12336872518062592,0.07188057899475098,0.017418082803487778,0.49419867992401123
55,bs_beamformer,-1.1734664440155029e-08,2.646897006034851,56.986106872558594,0.0,6.881665515899658,0.05386453866958618,0.6514349579811096,0.8147207388021052,1.0254190073829579,3.756564140319824,1.0244548320770264e-08,1.5984827280044556,3.1050705909729004,0.1205262690782547,0.06317729502916336,0.016688233241438866,0.4991363286972046
55,uav_trajectory,2.1420419216156004e-09,2.645656633377075,21.3048957824707,0.0,14.15089979171753,0.03535791486501694,0.6549193263053894,0.8378203097370763,1.0283008920184633,3.50404691696167,0.0,1.3897415399551392,2.499282121658325,0.1033012866973877,0.05681244656443596,0.024823810905218124,0.3330213129520416
55,jammer_beamformer,1.0197982192039489e-08,3.494164252281189,56.903144454956056,0.0,16.632693767547607,0.14545729756355286,0.726826012134552,0.8348925755296368,1.0386099012287955,3.487290143966675,-6.984919309616089e-09,1.6403614282608032,2.391270637512207,0.12413948029279709,0.07252920418977737,0.01750156283378601,0.4962160587310791
56,bs_beamformer,-1.2833625078201295e-07,1.831594955921173,56.98827629089355,0.0,10.842277145385742,0.0823885053396225,0.6754159331321716,0.8147781510669738,1.0217957704148746,3.842242956161499,1.2293457984924316e-07,1.2166465520858765,3.1659367084503174,0.12213282287120819,0.06454415619373322,0.016815293580293655,0.5029258728027344
56,uav_trajectory,-3.5157427191734314e-08,4.470895719528198,21.30658874511719,0.0,5.177713012695312,0.08154137432575226,0.6941903233528137,0.8305092656230554,1.043149045656036,3.4876129627227783,3.5390257835388184e-08,2.1675846576690674,2.3062736988067627,0.10370032489299774,0.05731330066919327,0.024877676740288734,0.33595243096351624
56,jammer_beamformer,-1.2083910405635833e-08,6.398942565917968,56.90455207824707,0.0,25.0204158782959,0.02930590510368347,0.670250415802002,0.8146714218521957,1.0209797748050824,3.3397862911224365,8.847564458847046e-09,2.1348049640655518,2.170661687850952,0.12446523457765579,0.07277922332286835,0.017524059861898422,0.49768078327178955
57,bs_beamformer,5.401670932769775e-09,2.826109266281128,56.9899845123291,0.0,10.312704372406007,0.11084450781345367,0.6095574498176575,0.8263587094130925,1.0306743374908889,4.044905185699463,-6.51925802230835e-09,1.5840860605239868,2.509761333465576,0.12326043099164963,0.06546126306056976,0.016872640699148178,0.5057907104492188
57,uav_trajectory,-5.066394805908203e-08,4.651660060882568,21.311338424682617,0.0,5.379916667938232,0.09612313657999039,0.6987047791481018,0.8314121350174148,1.03724700287259,3.572718620300293,4.807952791452408e-08,2.236943006515503,1.4720877408981323,0.10529251396656036,0.05899030715227127,0.025193793699145317,0.33979830145835876
57,jammer_beamformer,-1.611188054084778e-08,5.587712669372559,56.9057502746582,0.0,23.281685638427735,0.010183032602071762,0.7192469239234924,0.8091997060505673,1.0052237860658029,3.542534589767456,1.4668330550193787e-08,1.99313223361969,2.888665199279785,0.12452534586191177,0.07286791503429413,0.01751473918557167,0.4997881054878235
58,bs_beamformer,1.0058283805847169e-08,6.7636716842651365,56.992346954345706,0.0,11.128689765930176,0.07718758285045624,0.6759878396987915,0.8359688157488127,1.0435312343601475,3.4035260677337646,-1.1175870895385742e-08,2.5305533409118652,2.152787446975708,0.12381761521100998,0.06580327451229095,0.016903119161725044,0.5080256462097168
58,uav_trajectory,5.7939905673265456e-08,3.953548622131348,21.318866157531737,0.0,4.390688586235046,0.11204127967357635,0.6805222034454346,0.8216018581539393,1.0304519434035155,3.179259777069092,-5.820766091346741e-08,2.089481830596924,2.591266632080078,0.10694290697574615,0.060248490422964096,0.025508202612400055,0.34443148970603943
58,jammer_beamformer,-8.014030754566192e-08,3.7688466787338255,56.90516204833985,0.0,18.833885383605956,0.11757326126098633,0.6660248637199402,0.8277841591662727,1.0309133738215301,4.3585028648376465,7.636845111846924e-08,1.6582813262939453,2.0002212524414062,0.1243671402335167,0.0728728175163269,0.01747730001807213,0.5012423396110535
59,bs_beamformer,-1.4901161193847656e-08,1.613658058643341,56.9959659576416,0.0,7.313832950592041,0.13495288789272308,0.6250097751617432,0.841661757692229,1.0452777604645178,3.369720935821533,2.0489096641540527e-08,1.2266966104507446,2.8979885578155518,0.12461193650960922,0.06618018448352814,0.01700368896126747,0.5097378492355347
59,uav_trajectory,-2.60770320892334e-08,3.5277918100357057,21.324955177307128,0.0,12.039089345932007,0.06576135009527206,0.70986008644104,0.8185513089795907,1.0091919785155594,2.9056074619293213,2.1420419216156006e-08,1.7180216312408447,2.549121618270874,0.10889505594968796,0.06136588007211685,0.025925343856215477,0.34988194704055786
59,jammer_beamformer,2.7008354663848876e-09,4.8752693176269535,56.90522346496582,0.0,18.454115867614746,-0.008575295098125935,0.6157614588737488,0.8352746849609539,1.045290053457333,3.726609706878662,-2.561137080192566e-09,1.959885835647583,2.903876304626465,0.12455393373966217,0.0729287713766098,0.017502784729003906,0.5019833445549011
60,bs_beamformer,6.980262696743012e-08,3.425459122657776,57.00346450805664,0.0,5.430161881446838,0.14503991603851318,0.6509759426116943,0.8282424691156485,1.0389601879590953,4.326083660125732,-7.310882210731506e-08,1.8441139459609985,2.328557252883911,0.12563179433345795,0.06682492792606354,0.017159083858132362,0.5111469030380249
60,uav_trajectory,-2.654269337654114e-09,3.570976161956787,21.33032283782959,0.0,5.725711345672607,0.0884018987417221,0.6943087577819824,0.8152018174442153,1.0189700376646913,2.97062611579895,1.862645149230957e-09,1.9566086530685425,2.9672505855560303,0.11061472445726395,0.062469176948070526,0.026321841403841972,0.35572105646133423
60,jammer_beamformer,-1.3969838619232177e-10,2.9208055257797243,56.90619163513183,0.0,4.900034618377686,0.04093734920024872,0.6508459448814392,0.8025375196300447,1.0067311267233374,3.912621021270752,3.259629011154175e-09,1.7202941179275513,2.437495470046997,0.1248965933918953,0.07303712517023087,0.017551152035593987,0.5028820633888245
61,bs_beamformer,-4.363246262073517e-08,4.65685887336731,57.01565437316894,0.0,22.532577896118163,0.07903480529785156,0.6630525588989258,0.8178378408283461,1.0181744408784577,3.5074915885925293,4.9709342420101166e-08,1.7429436445236206,2.109905242919922,0.1271647810935974,0.06795433908700943,0.017436806112527847,0.5130003690719604
61,uav_trajectory,-4.200264811515808e-08,5.970264625549317,21.334845542907715,0.0,8.990899229049683,0.13478630781173706,0.7066633105278015,0.7778619337926308,0.9898078587041416,3.521486520767212,5.029141902923584e-08,2.457339286804199,2.7920851707458496,0.11164827644824982,0.06302284449338913,0.02663349360227585,0.3589579463005066
61,jammer_beamformer,1.3061799108982087e-08,4.005325651168823,56.904889297485354,0.0,14.809127044677734,-0.023724986240267754,0.6859986782073975,0.8292632155288011,1.0356978043002503,3.5946269035339355,-1.210719347000122e-08,1.8374285697937012,2.5680902004241943,0.12601247429847717,0.0742407813668251,0.01770768128335476,0.504342794418335
62,bs_beamformer,-1.9092112779617308e-09,2.1330881834030153,57.02360877990723,0.0,4.77816071510315,0.14484068751335144,0.6932368278503418,0.8120018052153755,1.0197836013649393,3.4017481803894043,1.862645149230957e-09,1.4548372030258179,2.255373239517212,0.12852434813976288,0.06900022178888321,0.017679395154118538,0.5161086916923523
62,uav_trajectory,3.743916749954224e-08,4.58847393989563,21.336181831359863,0.0,6.632507991790772,0.10605089366436005,0.7904261946678162,0.8133158127168815,1.0174800490639024,2.9686150550842285,-3.632158041000366e-08,2.2352793216705322,1.9717262983322144,0.11269611120223999,0.06354696303606033,0.02700071595609188,0.361691951751709
62,jammer_beamformer,-2.5657936930656434e-08,4.396923542022705,56.90611381530762,0.0,21.46690082550049,0.08570382744073868,0.7294604182243347,0.8086400921791792,1.014391710862499,3.337862730026245,2.7706846594810486e-08,1.7382310628890991,2.479454278945923,0.12716969847679138,0.07548017054796219,0.017858000472187996,0.5077546834945679
63,bs_beamformer,4.1117891669273375e-08,5.054321336746216,57.032735443115236,0.0,8.669403648376464,0.11238528788089752,0.6921260356903076,0.8373711065046955,1.0385648837637154,3.5812580585479736,-3.91155481338501e-08,2.2077817916870117,1.7804086208343506,0.13062016665935516,0.07094016671180725,0.017966624349355698,0.5181943774223328
63,uav_trajectory,1.2433156371116638e-08,2.7225831270217897,21.338833236694335,0.0,6.959883522987366,0.05929798632860184,0.6746377944946289,0.8421429392099381,1.057610322979261,3.771129608154297,-1.30385160446167e-08,1.701106071472168,2.176305055618286,0.11419574916362762,0.06486178934574127,0.027433285489678383,0.3654516935348511
63,jammer_beamformer,1.0440126061439514e-07,3.40481276512146,56.90902862548828,0.0,22.26484203338623,0.11552592366933823,0.6125364303588867,0.8417136446882505,1.0540468262099665,4.428809642791748,-1.0803341865539551e-07,1.3614383935928345,2.3666512966156006,0.12799297273159027,0.07627354562282562,0.017967883497476578,0.5102318525314331
64,bs_beamformer,-1.9511207938194274e-08,3.967094349861145,57.04037704467773,0.0,4.396547079086304,0.10707838088274002,0.7254238724708557,0.8484749913617852,1.0635148103831353,4.1333489418029785,1.862645149230957e-08,2.024651050567627,2.019542694091797,0.1326696127653122,0.07272472977638245,0.018243132159113884,0.5215490460395813
64,uav_trajectory,-2.891756594181061e-08,4.290302848815918,21.34002342224121,0.0,6.083362007141114,0.05509524792432785,0.7232632040977478,0.8301546951942146,1.0343505266021007,3.24630069732666,3.14321368932724e-08,2.1562650203704834,2.1033663749694824,0.11541514098644257,0.06628993898630142,0.027693049982190132,0.37018004059791565
64,jammer_beamformer,1.5133991837501526e-08,2.982853817939758,56.91168327331543,0.0,10.237414455413818,0.05272353067994118,0.8059887290000916,0.795551782883238,0.9972006560444017,3.2587368488311768,-2.514570951461792e-08,1.6562368869781494,2.748818874359131,0.12842264771461487,0.07667257636785507,0.018032679334282875,0.511471152305603
65,bs_beamformer,1.6000121831893922e-07,3.1366189241409304,57.04970703125,0.0,11.557295989990234,0.14572088420391083,0.6516793966293335,0.8315521052740514,1.033597787438626,3.8049306869506836,-1.601874828338623e-07,1.6745144128799438,3.092010498046875,0.1345435380935669,0.07437420636415482,0.018490545451641083,0.5234560966491699
65,uav_trajectory,2.528540790081024e-08,3.0673651456832887,21.339829444885254,0.0,4.802384901046753,0.06792279332876205,0.6925840377807617,0.791466898581634,0.9943875658984485,3.9076309204101562,-2.0489096641540527e-08,1.8429900407791138,2.1485626697540283,0.11663724482059479,0.06754101067781448,0.02790411189198494,0.3756280243396759
65,jammer_beamformer,1.0346993803977966e-07,4.1152870655059814,56.91657257080078,0.0,17.953822231292726,0.1471761167049408,0.6834903955459595,0.815684646880487,1.0230203379768779,3.5625298023223877,-1.0617077350616455e-07,1.7693371772766113,2.1669411659240723,0.1288107931613922,0.07676272094249725,0.018067501485347748,0.5128226280212402
66,bs_beamformer,-8.279457688331605e-08,3.9036414861679076,57.05367813110352,0.0,6.735713100433349,0.14705918729305267,0.751611053943634,0.8355367465708404,1.0527146479592615,3.923903226852417,8.568167686462402e-08,1.9679518938064575,3.038823366165161,0.13604991137981415,0.07569804787635803,0.018678713589906693,0.5259197354316711
66,uav_trajectory,1.3224780559539794e-08,2.4493252754211428,21.33800640106201,0.0,5.206187725067139,0.0814685970544815,0.7131991386413574,0.8186475593609115,1.017083390781533,3.2581138610839844,-8.847564458847046e-09,1.596359372138977,2.711766481399536,0.1184997633099556,0.06904710829257965,0.02834934927523136,0.38260704278945923
66,jammer_beamformer,3.604218363761902e-08,4.5834417819976805,56.921630859375,0.0,8.013552522659301,0.12027382850646973,0.7052419185638428,0.8394228670444572,1.0445845104147193,3.9733264446258545,-3.5390257835388184e-08,2.1131510734558105,2.834955930709839,0.12876208126544952,0.0767199769616127,0.018020842224359512,0.514518678188324
67,bs_beamformer,4.621688276529312e-08,5.031157350540161,57.05725212097168,0.0,14.442998695373536,0.11441123485565186,0.7024217247962952,0.8356152820053976,1.0462409903017784,3.69933819770813,-5.029141902923584e-08,2.106682062149048,2.2189126014709473,0.1374150812625885,0.076838918030262,0.01881471648812294,0.5285685062408447
67,uav_trajectory,-2.7939677238464354e-10,3.3650529623031615,21.332452964782714,0.0,8.923270845413208,0.05826643109321594,0.7424622774124146,0.8192518578097224,0.9933811094776768,2.9379003047943115,-9.313225746154785e-10,1.794960618019104,1.8421711921691895,0.1210981085896492,0.07142647355794907,0.02888801321387291,0.389784038066864
67,jammer_beamformer,-1.0430812835693359e-08,9.508760833740235,56.92580299377441,0.0,35.818542098999025,0.015243180096149445,0.7622231245040894,0.8378102455110056,1.0426173990280547,3.666374921798706,8.847564458847046e-09,2.320781707763672,3.0649008750915527,0.12801599502563477,0.07670322060585022,0.017893319949507713,0.5164685845375061
68,bs_beamformer,4.782341420650482e-08,3.1149173021316527,57.06098556518555,0.0,4.714067506790161,0.12285366654396057,0.7067182064056396,0.812981059347745,1.0277077329311912,3.989326000213623,-4.842877388000488e-08,1.7719049453735352,2.3848094940185547,0.138886496424675,0.07792492210865021,0.018975846469402313,0.5313552021980286
68,uav_trajectory,-1.3923272490501403e-08,6.373631429672241,21.33047695159912,0.0,16.269029998779295,0.1297331303358078,0.6810963749885559,0.8714092259034515,1.068971372527765,3.5929369926452637,1.0710209608078003e-08,2.3162050247192383,2.391092300415039,0.12272012233734131,0.07291029393672943,0.02919965423643589,0.39415276050567627
68,jammer_beamformer,7.171183824539185e-08,4.20338773727417,56.930476379394534,0.0,4.163381290435791,0.1147533729672432,0.8120492696762085,0.8278329410576262,1.0350572128570388,3.6233720779418945,-6.565824151039124e-08,2.0475993156433105,1.7941558361053467,0.12744879722595215,0.07690848410129547,0.01779726706445217,0.5200880765914917
69,bs_beamformer,2.1420419216156004e-09,3.072004270553589,57.065918350219725,0.0,4.362568759918213,0.11455345898866653,0.6453192234039307,0.8417545840928796,1.0400078062264773,3.6967570781707764,3.259629011154175e-09,1.7526533603668213,2.374800443649292,0.1398429274559021,0.07885081321001053,0.019049614667892456,0.5329633355140686
69,uav_trajectory,-5.953479558229446e-08,2.132032036781311,21.330147552490235,0.0,4.403004121780396,0.08459264039993286,0.7382523417472839,0.8122131248352428,1.001468396931053,3.3882334232330322,5.960464477539063e-08,1.4962102174758911,2.380631923675537,0.12328968197107315,0.07339389622211456,0.029306503012776375,0.39665526151657104
69,jammer_beamformer,-1.8673017621040345e-08,5.806422901153565,56.942057037353514,0.0,10.653516864776611,0.05954502150416374,0.7819255590438843,0.8140460894932039,1.029604585132815,3.391754150390625,1.862645149230957e-08,2.3455395698547363,2.079644203186035,0.12678450345993042,0.0762743353843689,0.017636118456721306,0.5256572365760803
70,bs_beamformer,2.9429793357849122e-08,5.654904222488403,57.06978645324707,0.0,7.611245059967041,0.13964031636714935,0.7418085336685181,0.8307607367497403,1.0568020060921306,3.6568596363067627,-2.7474015951156616e-08,2.343395471572876,2.1465156078338623,0.14077556133270264,0.07977941632270813,0.019116763025522232,0.5367129445075989
70,uav_trajectory,-5.690380930900574e-08,3.980996084213257,21.332919692993165,0.0,5.177386832237244,0.12003792822360992,0.7340373992919922,0.820947456235687,1.015795985393827,4.172295570373535,5.029141902923584e-08,2.0460588932037354,2.4684464931488037,0.12435492873191833,0.07456684857606888,0.02952086739242077,0.39904358983039856
70,jammer_beamformer,-2.3259781301021577e-08,3.9949313163757325,56.95113258361816,0.0,7.307402324676514,0.09348655492067337,0.680794894695282,0.8096681287778774,1.0111721046087327,4.121718406677246,2.3283064365386963e-08,1.9670919179916382,2.248929738998413,0.1263153851032257,0.07582907378673553,0.017489928752183914,0.5333430171012878
71,bs_beamformer,3.3015385270118716e-08,5.81628794670105,57.07363510131836,0.0,6.1558257102966305,0.11879356950521469,0.6686584949493408,0.8442752453692955,1.0601860010583084,3.9229607582092285,-2.8405338525772095e-08,2.4094698429107666,2.9544970989227295,0.14224566519260406,0.08086516708135605,0.019298728555440903,0.5412347316741943
71,uav_trajectory,4.498288035392761e-08,3.4675385475158693,21.33890609741211,0.0,6.948582029342651,0.09680914133787155,0.800907552242279,0.8231202025090655,1.0421291075259351,3.7358639240264893,-4.936009645462036e-08,1.9218885898590088,2.1688976287841797,0.12570692598819733,0.07542163878679276,0.029870029538869858,0.40230098366737366
71,jammer_beamformer,-1.1601950973272324e-07,3.454784941673279,56.96042137145996,0.0,14.439055061340332,0.13041184842586517,0.7113734483718872,0.8144210376534611,1.0131005991840645,3.5955402851104736,1.1548399925231934e-07,1.675568699836731,2.746150493621826,0.12690892815589905,0.0765560045838356,0.017513643950223923,0.5377718210220337
72,bs_beamformer,-1.555308699607849e-08,3.2415910005569457,57.07598457336426,0.0,6.674145174026489,0.10391706228256226,0.704881489276886,0.8494333919673227,1.0488721018834428,4.033956050872803,1.5832483768463135e-08,1.7823909521102905,2.7506120204925537,0.14383135735988617,0.0822310745716095,0.01949983835220337,0.5450777411460876
72,uav_trajectory,-1.257285475730896e-09,4.77381067276001,21.340913391113283,0.0,16.806351280212404,0.18674543499946594,0.6926421523094177,0.8634125217000643,1.0619688192215635,3.3404903411865234,-1.862645149230957e-09,1.9225398302078247,2.190727710723877,0.1265830397605896,0.07548131793737411,0.03014076128602028,0.4053206145763397
72,jammer_beamformer,8.62404704093933e-08,2.6183269739151003,56.96664123535156,0.0,8.52249481678009,0.15142831206321716,0.6869072318077087,0.8284723393332679,1.0309769435769043,3.265021800994873,-8.987262845039368e-08,1.5569418668746948,2.6563844680786133,0.1279127597808838,0.07731924951076508,0.017610833048820496,0.5406792163848877
73,bs_beamformer,-1.41095370054245e-08,4.7080755710601805,57.07470016479492,0.0,21.928104400634766,0.17492656409740448,0.7035531401634216,0.8486447396604344,1.074467819203344,3.9302027225494385,1.7695128917694092e-08,1.7748527526855469,2.27664852142334,0.14506028592586517,0.08357814699411392,0.019601833075284958,0.5487438440322876
73,uav_trajectory,3.958120942115784e-09,8.29685869216919,21.341419792175294,0.0,21.818569374084472,0.029210243374109268,0.8070855140686035,0.8359423702446123,1.030507527585355,3.242598533630371,-2.7939677238464355e-09,2.527865171432495,2.0095834732055664,0.12718142569065094,0.07553809136152267,0.03031260520219803,0.40803834795951843
73,jammer_beamformer,5.289912223815918e-08,5.633945798873901,56.96944007873535,0.0,16.151249504089357,0.11425960808992386,0.7081971168518066,0.8412084958745399,1.0436847549788164,3.242685079574585,-5.494803190231323e-08,2.211151361465454,2.5213024616241455,0.1287400871515274,0.07787078619003296,0.0176968015730381,0.5422080755233765
74,bs_beamformer,1.4854595065116882e-08,4.337002468109131,57.07410430908203,0.0,4.312244248390198,0.1303328573703766,0.6698552966117859,0.8511225695526228,1.059904882233617,4.0590009689331055,-1.955777406692505e-08,2.1091182231903076,2.9970319271087646,0.14623767137527466,0.08475504070520401,0.019679438322782516,0.5519362688064575
74,uav_trajectory,2.2817403078079224e-08,3.1548678159713743,21.3407190322876,0.0,7.310952186584473,0.12806084752082825,0.6923492550849915,0.8380341111247738,1.019192616684784,3.467135190963745,-2.6542693376541138e-08,1.7322392463684082,2.0923495292663574,0.12776044011116028,0.07583607733249664,0.030451683327555656,0.40982145071029663
74,jammer_beamformer,1.434236764907837e-08,3.2326082468032835,56.97033615112305,0.0,4.180638289451599,0.15419520437717438,0.74455326795578,0.8117970691802912,1.0085255925381214,3.339487075805664,-1.4435499906539917e-08,1.8029160499572754,2.4311363697052,0.1295236051082611,0.07856589555740356,0.017776859924197197,0.5443946719169617
75,bs_beamformer,-4.9616210162639617e-08,4.135253858566284,57.074174118041995,0.0,12.178433513641357,0.09082642197608948,0.6938179135322571,0.8437648832127452,1.0516160377293406,3.7622854709625244,5.029141902923584e-08,1.9420273303985596,2.392350196838379,0.14741899073123932,0.08525816351175308,0.01978112943470478,0.5536911487579346
75,uav_trajectory,-6.379559636116028e-08,3.055075430870056,21.338236236572264,0.0,6.4692065715789795,0.0977024957537651,0.6706777811050415,0.8091996088474989,1.0159684706636247,3.2165687084198,7.078051567077637e-08,1.7314331531524658,2.002694845199585,0.1291358917951584,0.07665260136127472,0.030827302485704422,0.4110965430736542
75,jammer_beamformer,2.1420419216156004e-09,4.383647680282593,56.97488250732422,0.0,8.453338718414306,0.12330655008554459,0.8738645315170288,0.8417393501810729,1.0596627046919405,3.4623775482177734,3.4924596548080444e-09,2.0523717403411865,2.172173023223877,0.12943750619888306,0.07885697484016418,0.01768362894654274,0.548466682434082
76,bs_beamformer,7.720664143562317e-08,7.23727593421936,57.073937225341794,0.0,11.920111656188965,0.14814937114715576,0.6834447979927063,0.8717791125983931,1.0798434373582069,3.229010820388794,-8.055940270423889e-08,2.6461260318756104,2.422715902328491,0.148578479886055,0.08594362437725067,0.019871234893798828,0.5558874011039734
76,uav_trajectory,-1.564621925354004e-08,5.770433855056763,21.3371826171875,0.0,11.731444549560546,0.14839276671409607,0.717471182346344,0.8145582554613551,1.0050505639493579,2.9539785385131836,1.83936208486557e-08,2.3648388385772705,2.645134925842285,0.13065865635871887,0.07764451205730438,0.03121746890246868,0.4122094213962555
76,jammer_beamformer,-6.51925802230835e-09,3.54739727973938,56.98186416625977,0.0,4.249662852287292,0.09478506445884705,0.6576868891716003,0.8183154635066167,1.0160399167148115,3.5954105854034424,-9.313225746154785e-10,1.8973418474197388,2.122143030166626,0.1297535002231598,0.07971876114606857,0.017641225829720497,0.5544553995132446
77,bs_beamformer,1.6880221664905548e-08,2.530455541610718,57.07317428588867,0.0,4.654664134979248,0.13842295110225677,0.6955873966217041,0.857318044014275,1.0660627773504432,4.470274448394775,-1.6763806343078613e-08,1.5966752767562866,2.33052659034729,0.149555042386055,0.08698341995477676,0.019953874871134758,0.5572199821472168
77,uav_trajectory,1.9837170839309693e-08,2.9439558506011965,21.3351957321167,0.0,5.2649006843566895,0.14757488667964935,0.652830183506012,0.8120192413727443,1.011268187556058,3.126410722732544,-2.3283064365386963e-08,1.7896511554718018,1.9906319379806519,0.1315268576145172,0.07827601581811905,0.03141605854034424,0.4136096239089966
77,jammer_beamformer,-2.6402994990348817e-08,4.0740965604782104,56.98450355529785,0.0,8.057559967041016,0.13505758345127106,0.7139647006988525,0.8123071904608514,1.023161282649492,3.7021210193634033,2.7939677238464355e-08,1.984695553779602,1.9571919441223145,0.1299983114004135,0.07994342595338821,0.01770268753170967,0.55823814868927
78,bs_beamformer,-1.1408701539039612e-08,5.156774091720581,57.071432495117186,0.0,15.455158615112305,0.09444759786128998,0.7646179795265198,0.8463817503615283,1.052114267313914,4.271103858947754,1.6763806343078613e-08,2.087101459503174,1.734778642654419,0.1491069346666336,0.08660104125738144,0.01990645006299019,0.5584895014762878
78,uav_trajectory,-1.2479722499847412e-07,2.8799289226531983,21.3319372177124,0.0,5.032585167884827,0.15467135608196259,0.6754751205444336,0.8194056767498453,1.0371950318406506,3.740464925765991,1.234002411365509e-07,1.7511509656906128,2.2920238971710205,0.13374055922031403,0.08018215000629425,0.031871307641267776,0.41645947098731995
78,jammer_beamformer,-1.7648562788963317e-08,4.920908784866333,56.98644828796387,0.0,5.293263149261475,0.12544791400432587,0.7024168372154236,0.8060514458226972,1.0099626889928335,3.385751962661743,1.6763806343078613e-08,2.2290616035461426,2.5147712230682373,0.1305372267961502,0.0804147869348526,0.01784440316259861,0.5649354457855225
79,bs_beamformer,-2.7939677238464355e-08,5.006462049484253,57.07055168151855,0.0,9.75364284515381,0.13949453830718994,0.802392840385437,0.8371130156381987,1.050495888469198,3.8787214756011963,2.60770320892334e-08,2.1967902183532715,1.6821470260620117,0.14855387806892395,0.08602188527584076,0.019838234409689903,0.5611751079559326
79,uav_trajectory,4.461035132408142e-08,5.406543588638305,21.332615661621094,0.0,6.619897031784058,0.11719996482133865,0.6997929215431213,0.8347999961773555,1.0275797781136122,3.3235301971435547,-5.075708031654358e-08,2.421900987625122,1.7542520761489868,0.1354624480009079,0.0815868005156517,0.03217678889632225,0.41952839493751526
79,jammer_beamformer,-6.062909960746765e-08,2.7455151796340944,56.98836784362793,0.0,7.9059727668762205,0.15390117466449738,0.6928470730781555,0.8274221145440824,1.038414284923777,3.5938401222229004,5.9138983488082886e-08,1.601783037185669,2.2888877391815186,0.13232676684856415,0.08207342773675919,0.018166616559028625,0.5722050070762634
80,bs_beamformer,2.146698534488678e-08,5.200671005249023,57.069026184082034,0.0,6.803779363632202,0.12379230558872223,0.7719166874885559,0.8483948666175128,1.0720688048407518,3.967061758041382,-2.7474015951156616e-08,2.2656641006469727,2.3912439346313477,0.14950384199619293,0.08658456057310104,0.019969623535871506,0.5629405975341797
80,uav_trajectory,-6.360933184623718e-08,3.4455610513687134,21.333300971984862,0.0,4.706874799728394,0.13434067368507385,0.7466838359832764,0.8666586948086819,1.0626146881811647,3.7934935092926025,5.704350769519806e-08,1.9477216005325317,2.247853994369507,0.13674549758434296,0.08247986435890198,0.03240789845585823,0.421793669462204
80,jammer_beamformer,1.8833670765161514e-07,3.88881094455719,56.99303665161133,0.0,5.001914978027344,0.13304981589317322,0.6649959683418274,0.8158118681358173,1.026392624030618,4.105337142944336,-1.9231811165809631e-07,1.9673004150390625,2.3314716815948486,0.1338975876569748,0.0834580734372139,0.01838027499616146,0.5792878270149231
81,bs_beamformer,-3.396999090909958e-08,3.483903408050537,57.06557159423828,0.0,16.10784568786621,0.16820263862609863,0.6354655027389526,0.8301030748728663,1.0375763348738922,3.844743251800537,3.3993273973464966e-08,1.645076036453247,2.696439743041992,0.15115118026733398,0.08784115314483643,0.020161140710115433,0.5655252933502197
81,uav_trajectory,-1.3557728379964827e-07,4.234167623519897,21.334122085571288,0.0,5.061481904983521,0.12741872668266296,0.7225484848022461,0.8231082830006877,1.015607030467067,3.152456521987915,1.2898817658424377e-07,2.131244421005249,3.170773983001709,0.1390821486711502,0.08435972034931183,0.032926518470048904,0.424079567193985
81,jammer_beamformer,-9.308569133281708e-08,3.0519034385681154,57.00069923400879,0.0,4.9305870056152346,0.1688065081834793,0.6767379641532898,0.8181595814297907,1.02383370363684,3.518131732940674,9.313225746154785e-08,1.7434121370315552,2.177656412124634,0.13559138774871826,0.0846296101808548,0.018574977293610573,0.5839638710021973
82,bs_beamformer,9.080395102500916e-09,3.2442051649093626,57.06292495727539,0.0,12.112919139862061,0.08818673342466354,0.622943639755249,0.8461075628689723,1.0456285428949788,3.4449779987335205,-7.2177499532699585e-09,1.6820956468582153,2.1806111335754395,0.15242061018943787,0.0888056755065918,0.02029424160718918,0.5681177377700806
82,uav_trajectory,-1.7252750694751738e-08,2.274828052520752,21.332959747314455,0.0,4.547179555892944,0.09766344726085663,0.6323500871658325,0.8568180355640749,1.0467626138150596,3.1720902919769287,1.210719347000122e-08,1.5514342784881592,2.084608554840088,0.1417778581380844,0.08629801124334335,0.03352469950914383,0.42729002237319946
82,jammer_beamformer,5.024485290050507e-08,3.039000368118286,57.01021308898926,0.0,9.603315734863282,0.11530482023954391,0.7763057947158813,0.825946874845773,1.04622556975462,3.6062262058258057,-5.075708031654358e-08,1.6901055574417114,1.9921472072601318,0.13714714348316193,0.08591222018003464,0.01876717433333397,0.5879716873168945
83,bs_beamformer,-3.869645297527313e-08,4.597715091705322,57.063140106201175,0.0,13.572521591186524,0.1672724038362503,0.7321335673332214,0.8507682833017316,1.0587284878729488,3.669419765472412,3.958120942115784e-08,2.028717517852783,1.9323010444641113,0.15332068502902985,0.08949597924947739,0.02039865218102932,0.569782018661499
83,uav_trajectory,-4.470348358154297e-09,4.788596153259277,21.3296329498291,0.0,8.570490550994872,0.13273678719997406,0.6641485691070557,0.8536452342520158,1.0428313126518387,3.272366523742676,-2.7939677238464355e-09,2.194892644882202,2.2548532485961914,0.14526841044425964,0.08842440694570541,0.0342983640730381,0.42928022146224976
83,jammer_beamformer,-1.4388933777809143e-07,4.675431776046753,57.015978240966795,0.0,9.297205924987793,0.17444786429405212,0.6762787699699402,0.8568306119232438,1.0676852123146918,3.758180856704712,1.4551915228366852e-07,2.1338412761688232,2.183469295501709,0.13760493695735931,0.08626336604356766,0.01883693039417267,0.5925154089927673
84,bs_beamformer,4.7311186790466306e-08,3.9843709230422975,57.064110946655276,0.0,6.041841316223144,0.12333161383867264,0.6872870922088623,0.8410059557195636,1.0568475146614769,3.287123203277588,-5.192123353481293e-08,1.993056058883667,2.7852630615234375,0.15415868163108826,0.09028465300798416,0.02051645889878273,0.5709446668624878
84,uav_trajectory,-7.110647857189178e-08,2.5692514896392824,21.32620277404785,0.0,7.059283876419068,0.16306962072849274,0.7068407535552979,0.840970374815166,1.0404651997918222,3.244616985321045,7.450580596923828e-08,1.5739070177078247,2.578248977661133,0.14858077466487885,0.09039334207773209,0.03503686189651489,0.43212321400642395
84,jammer_beamformer,-5.1874667406082156e-08,2.706071877479553,57.01479911804199,0.0,7.073272848129273,0.1307038962841034,0.7172039747238159,0.8123565111109056,1.0282439233623692,3.6659493446350098,4.98257577419281e-08,1.6224446296691895,3.3226494789123535,0.13809144496917725,0.08618944138288498,0.01892120949923992,0.5957533717155457
85,bs_beamformer,2.561137080192566e-08,4.7761036396026615,57.06551284790039,0.0,9.251897811889648,0.08600984513759613,0.736202597618103,0.8512351504872786,1.0664153534700491,5.261552810668945,-2.468004822731018e-08,2.1610636711120605,2.129251480102539,0.15537099540233612,0.09087815135717392,0.02068275958299637,0.5721853375434875
85,uav_trajectory,-4.44706529378891e-08,7.330816984176636,21.32421760559082,0.0,6.600739765167236,0.16384311020374298,0.7559880614280701,0.868443662998577,1.0685164031461407,2.925668239593506,4.6566128730773926e-08,2.7418220043182373,2.613060712814331,0.15078036487102509,0.0918150246143341,0.03552331030368805,0.4351533353328705
85,jammer_beamformer,-1.9138678908348084e-08,3.9552616357803343,57.01623458862305,0.0,8.022470855712891,0.09178170561790466,0.6881710290908813,0.8241302948442754,1.0429286877057555,3.8975889682769775,1.862645149230957e-08,1.966105341911316,2.7836179733276367,0.1386864334344864,0.08636248856782913,0.018999401479959488,0.5980436205863953
86,bs_beamformer,-1.0291114449501038e-08,3.743654656410217,57.067125701904295,0.0,14.748196887969971,0.15884965658187866,0.7224713563919067,0.832072099906858,1.0443830611341676,4.268434524536133,5.587935447692871e-09,1.744310736656189,2.4568123817443848,0.1567302793264389,0.09162331372499466,0.020843669772148132,0.5737778544425964
86,uav_trajectory,1.6633421182632446e-07,2.278813433647156,21.32126350402832,0.0,8.569849252700806,0.22205211222171783,0.6992547512054443,0.8328365233391524,1.0375974281445495,3.3839640617370605,-1.6205012798309326e-07,1.48036789894104,2.6260695457458496,0.1524743288755417,0.09302663058042526,0.035894498229026794,0.43967264890670776
86,jammer_beamformer,6.817281246185303e-08,3.9352239608764648,57.01685791015625,0.0,7.271093082427979,0.12263551354408264,0.7741317749023438,0.8437363145311829,1.0412265215382865,3.589845895767212,-6.449408829212189e-08,1.9551540613174438,2.108229637145996,0.13856373727321625,0.08638309687376022,0.018937870860099792,0.600418746471405
87,bs_beamformer,-1.1383090168237686e-07,2.7108017206192017,57.06805953979492,0.0,11.042670345306396,0.1533450186252594,0.6804286241531372,0.8516811537055764,1.0551035894573717,3.850311279296875,1.2014061212539673e-07,1.5296218395233154,1.8286771774291992,0.15805143117904663,0.09258773922920227,0.020993778482079506,0.5750952363014221
87,uav_trajectory,1.0852236300706864e-07,5.444223165512085,21.318542861938475,0.0,7.416984367370605,0.2450680285692215,0.7139777541160583,0.86040682729582,1.0390854169443076,3.374594211578369,-1.043081283569336e-07,2.386992931365967,2.042308807373047,0.1538577675819397,0.09375843405723572,0.03623592481017113,0.44285181164741516
87,jammer_beamformer,1.0477378964424133e-08,2.514520287513733,57.01638908386231,0.0,12.30115566253662,0.07373131811618805,0.7069092392921448,0.8229512551664375,1.0376006615578381,3.651291608810425,-7.450580596923828e-09,1.4510546922683716,2.4108595848083496,0.13854967057704926,0.08677853643894196,0.01887892745435238,0.6042499542236328
88,bs_beamformer,1.1853408068418503e-07,3.2505996227264404,57.06798667907715,0.0,5.876253366470337,0.17247992753982544,0.6463277339935303,0.8436587342527928,1.060057784541926,3.647193431854248,-1.1548399925231934e-07,1.8013592958450317,1.682227373123169,0.15876911580562592,0.09286872297525406,0.021095050498843193,0.5763749480247498
88,uav_trajectory,7.441267371177674e-08,4.957993030548096,21.315406608581544,0.0,19.993690299987794,0.16269512474536896,0.6748846769332886,0.8611704724226147,1.0429642055885069,3.483534574508667,-7.35744833946228e-08,1.8656415939331055,2.1300065517425537,0.1559728980064392,0.09508302807807922,0.036880746483802795,0.44607609510421753
88,jammer_beamformer,-6.149057298898697e-08,5.574120759963989,57.015723419189456,0.0,20.570448875427246,0.1699724793434143,0.7674179673194885,0.8212231704315637,1.0331671895664505,3.634216547012329,5.681067705154419e-08,2.0612261295318604,2.172616958618164,0.13890282809734344,0.08779007196426392,0.01885061152279377,0.6079315543174744
89,bs_beamformer,6.631016731262207e-08,6.321513938903808,57.065608978271484,0.0,26.419200706481934,0.08389303088188171,0.748769998550415,0.8571300698631676,1.0755786433603318,4.117764949798584,-6.51925802230835e-08,1.9895282983779907,2.1896214485168457,0.15969419479370117,0.09348641335964203,0.02118728868663311,0.578217625617981
89,uav_trajectory,1.5131663531064987e-07,4.703514957427979,21.312753105163573,0.0,10.344735622406006,0.2785033583641052,0.722504198551178,0.8314579294050733,1.023739191147184,3.4055280685424805,-1.4435499906539917e-07,2.1462247371673584,2.22536301612854,0.1580103486776352,0.09657926857471466,0.037496279925107956,0.45021528005599976
89,jammer_beamformer,1.4272518455982208e-08,3.8230262279510496,57.01611976623535,0.0,6.247416543960571,0.09568846225738525,0.8029612898826599,0.8331582053997554,1.0466993843562775,3.547518491744995,-1.6763806343078613e-08,1.9396965503692627,2.14426851272583,0.13938017189502716,0.0885934829711914,0.01884961500763893,0.6107137799263
90,bs_beamformer,-1.234002411365509e-08,4.60877799987793,57.064614868164064,0.0,8.588969612121582,0.12367771565914154,0.779650092124939,0.8546170152504928,1.0618992177147297,3.84553861618042,1.0244548320770264e-08,2.106265068054199,1.7383874654769897,0.16058774292469025,0.09432034194469452,0.021274594590067863,0.5804888606071472
90,uav_trajectory,-2.169981598854065e-08,6.806365156173706,21.312132835388184,0.0,11.990976238250733,0.2066669762134552,0.8178184032440186,0.8459779983311891,1.0600791268714957,3.945488691329956,2.1420419216156006e-08,2.574559450149536,2.1730570793151855,0.15920035541057587,0.09750049561262131,0.03782441094517708,0.45312002301216125
90,jammer_beamformer,1.8114224076271056e-08,5.077485036849976,57.01891326904297,0.0,15.078791618347168,0.14956064522266388,0.7065780758857727,0.8471063161359634,1.067934655996756,4.11205530166626,-1.862645149230957e-08,2.1026859283447266,2.3082211017608643,0.13960988819599152,0.08889595419168472,0.018854131922125816,0.6128332614898682
91,bs_beamformer,2.1792948246002196e-08,2.2983221292495726,57.067112350463866,0.0,5.437258577346801,0.14023002982139587,0.681251049041748,0.8594181899621617,1.0727542921062916,3.619199514389038,-2.7939677238464355e-08,1.5323081016540527,2.296504497528076,0.16135463118553162,0.09488612413406372,0.02135293558239937,0.5819801092147827
91,uav_trajectory,1.1047814041376114e-07,4.170818185806274,21.312478256225585,0.0,11.516079998016357,0.15881115198135376,0.7175869345664978,0.9130522752131025,1.1223525490356143,3.7821145057678223,-1.1106021702289581e-07,1.9896209239959717,3.514329671859741,0.1602611541748047,0.09821464121341705,0.03807989880442619,0.4551410377025604
91,jammer_beamformer,-5.168840289115906e-09,3.9481523990631104,57.02143440246582,0.0,5.716510677337647,0.13207869231700897,0.6845265030860901,0.8463148250122904,1.0545973302822567,3.7511634826660156,6.984919309616089e-09,1.9871855974197388,2.3448479175567627,0.13988547027111053,0.08929627388715744,0.0188850499689579,0.614847719669342
92,bs_beamformer,1.0165385901927949e-07,3.2029901266098024,57.0736026763916,0.0,17.928135490417482,0.1839025914669037,0.6856530904769897,0.8302378203200642,1.0394338900287363,3.322673797607422,-1.019798219203949e-07,1.460235357284546,2.88267183303833,0.1623173952102661,0.09550340473651886,0.021481433883309364,0.5841439366340637
92,uav_trajectory,1.4435499906539917e-09,6.604866981506348,21.3121976852417,0.0,11.76486840248108,0.11813284456729889,0.7107532024383545,0.870907836223642,1.0594827277610575,4.075905799865723,-5.3551048040390015e-09,2.4918060302734375,2.2362077236175537,0.1618707925081253,0.09926135838031769,0.038460321724414825,0.45664671063423157
92,jammer_beamformer,1.3457611203193664e-08,5.817368030548096,57.02603645324707,0.0,7.843155288696289,0.10080036520957947,0.7324898838996887,0.8215309881041758,1.0259216073351476,3.8773510456085205,-1.0710209608078003e-08,2.382382869720459,2.413675546646118,0.14103414118289948,0.09013738483190536,0.01903351955115795,0.6164200901985168
93,bs_beamformer,2.5820918381214143e-08,7.041521692276001,57.07815055847168,0.0,8.385206317901611,0.1859559416770935,0.7528136372566223,0.8707302208114416,1.07350558179619,3.690526247024536,-1.862645149230957e-08,2.6451756954193115,2.281770706176758,0.16351807117462158,0.09646356850862503,0.021656353026628494,0.5865054726600647
93,uav_trajectory,-4.442408680915833e-08,7.373522090911865,21.31151008605957,0.0,15.948453998565673,0.17429497838020325,0.7285009622573853,0.8744860060711702,1.0850641105983838,4.283984661102295,4.6100467443466187e-08,2.5678014755249023,1.9347763061523438,0.16313190758228302,0.09982378780841827,0.03879590705037117,0.4572824239730835
93,jammer_beamformer,4.828907549381256e-08,6.622889423370362,57.02832565307617,0.0,20.59064483642578,0.19392158091068268,0.7358518838882446,0.8318156782384613,1.0437419211206553,3.748059034347534,-5.2619725465774536e-08,2.2905287742614746,2.0394339561462402,0.14208845794200897,0.09133562445640564,0.019124114885926247,0.6196130514144897
94,bs_beamformer,-2.8032809495925905e-08,5.272698307037354,57.08359603881836,0.0,19.79665355682373,0.10500231385231018,0.6994256377220154,0.8368564252736979,1.0586830384103176,4.32227087020874,2.6542693376541138e-08,2.0060417652130127,2.169311761856079,0.1651628613471985,0.09776408225297928,0.02192807011306286,0.5882627367973328
94,uav_trajectory,-3.4365803003311156e-08,3.5175957679748535,21.310622215270996,0.0,17.468249320983887,0.2155778408050537,0.6247274875640869,0.8519581555500626,1.0603535205775694,3.351764440536499,3.4458935260772705e-08,1.5280165672302246,2.4314253330230713,0.16390229761600494,0.1000976413488388,0.03900944069027901,0.4580077528953552
94,jammer_beamformer,-1.7229467630386353e-08,4.174632406234741,57.02901763916016,0.0,9.9930419921875,0.0878315269947052,0.8177475929260254,0.871402056872379,1.0934384146777605,3.8782615661621094,1.816079020500183e-08,1.985667109489441,2.3416600227355957,0.14246828854084015,0.09187174588441849,0.019151316955685616,0.6220918893814087
95,bs_beamformer,-8.963979780673981e-08,3.9912399291992187,57.086952209472656,0.0,5.97274079322815,0.15598781406879425,0.7371170520782471,0.8631136290631257,1.0805745367718613,4.195255279541016,8.568167686462402e-08,1.997720718383789,2.3642325401306152,0.16675536334514618,0.09907199442386627,0.02220216765999794,0.5902808904647827
95,uav_trajectory,-4.968605935573578e-08,5.375321388244629,21.3103889465332,0.0,6.194350099563598,0.16376818716526031,0.7753641605377197,0.8696714452207088,1.0733248233586938,3.688793420791626,4.516914486885071e-08,2.3820769786834717,1.834394097328186,0.16494010388851166,0.10069173574447632,0.03925853222608566,0.4587642252445221
95,jammer_beamformer,-1.1222437024116517e-08,5.314461040496826,57.03001823425293,0.0,15.242613697052002,0.17725977301597595,0.70232093334198,0.824532408481231,1.0299692882592795,3.2528553009033203,8.847564458847046e-09,2.1513471603393555,2.7964940071105957,0.14260262250900269,0.09187911450862885,0.019156740978360176,0.6233449578285217
96,bs_beamformer,-3.073364496231079e-09,4.931341075897217,57.08904037475586,0.0,16.82486343383789,0.09469369798898697,0.8072249889373779,0.8759043731344863,1.1064577011933179,4.4623565673828125,5.587935447692871e-09,1.9913432598114014,2.556957721710205,0.16847389936447144,0.10042297840118408,0.022442897781729698,0.5917893648147583
96,uav_trajectory,-1.4118850231170654e-07,1.9266963005065918,21.313142204284667,0.0,4.102445125579834,0.17207007110118866,0.6204383373260498,0.871096311310927,1.0804723863225116,3.7994184494018555,1.4156103134155273e-07,1.431577444076538,2.7608063220977783,0.16613887250423431,0.10151064395904541,0.03951076418161392,0.4605647921562195
96,jammer_beamformer,5.62518835067749e-08,5.704089164733887,57.030111694335936,0.0,22.199064826965333,0.24020937085151672,0.7213254570960999,0.8162446386609227,1.0228809654356898,3.5886876583099365,-5.587935447692871e-08,2.0166704654693604,2.123702049255371,0.14273780584335327,0.09195312112569809,0.01913219504058361,0.6244105696678162
97,bs_beamformer,7.164198905229568e-08,4.490604400634766,57.089907836914065,0.0,11.205234813690186,0.16700945794582367,0.7187719345092773,0.8504542297101579,1.0647102244333173,4.208989143371582,-6.845220923423767e-08,2.0323822498321533,2.4913856983184814,0.1700875461101532,0.10170411318540573,0.022659434005618095,0.5933278203010559
97,uav_trajectory,-2.2817403078079224e-08,4.213297557830811,21.315565872192384,0.0,13.885093116760254,0.0914376974105835,0.6950826048851013,0.8650020630856355,1.0526718358275582,4.333721160888672,1.955777406692505e-08,1.8937087059020996,2.191359519958496,0.16813597083091736,0.10262524336576462,0.04008509963750839,0.461275190114975
97,jammer_beamformer,2.444721758365631e-08,4.81120548248291,57.0310676574707,0.0,20.25871047973633,0.12284742295742035,0.6913257837295532,0.8493450148376869,1.0578306626372938,3.3528504371643066,-2.514570951461792e-08,1.8896313905715942,2.396838903427124,0.14294974505901337,0.09217182546854019,0.01914101466536522,0.6249098181724548
98,bs_beamformer,2.9802322387695312e-08,4.3770324230194095,57.090901947021486,0.0,7.001612949371338,0.1625937819480896,0.6706410050392151,0.8503133599348366,1.068898718103407,3.7234139442443848,-3.4458935260772705e-08,2.0801918506622314,2.349421739578247,0.17104697227478027,0.10257061570882797,0.022800330072641373,0.5944672226905823
98,uav_trajectory,-1.601874828338623e-08,4.857173204421997,21.314451026916505,0.0,12.64901943206787,0.1774858981370926,0.6596437692642212,0.8922688673138619,1.0800418346215732,4.529628753662109,1.30385160446167e-08,2.085231304168701,2.92653751373291,0.17044728994369507,0.10393363982439041,0.04075515642762184,0.46400922536849976
98,jammer_beamformer,1.1804513633251191e-08,2.4355720043182374,57.03427925109863,0.0,4.304314184188843,0.17589305341243744,0.6634256839752197,0.8257280881691258,1.0250971765934302,3.710852861404419,-1.4901161193847656e-08,1.5736552476882935,2.3509538173675537,0.1431303322315216,0.09229239076375961,0.0191949550062418,0.6254391670227051
99,bs_beamformer,2.7124769985675812e-08,7.86261773109436,57.09421043395996,0.0,10.536809349060059,0.12313483655452728,0.7962672710418701,0.8387771115968935,1.0596324831629698,3.496974229812622,-2.0954757928848267e-08,2.7417969703674316,1.7630025148391724,0.17215237021446228,0.10350607335567474,0.022995684295892715,0.595379650592804
99,uav_trajectory,-1.1082738637924195e-08,3.0698906421661376,21.312429237365723,0.0,11.60680923461914,0.07164204865694046,0.7064777612686157,0.86842944770058,1.077869122859823,4.056157112121582,1.3969838619232178e-08,1.6582705974578857,2.7636423110961914,0.17197561264038086,0.1047465056180954,0.041162971407175064,0.465628981590271
99,jammer_beamformer,6.416812539100648e-08,2.433168625831604,57.047140502929686,0.0,3.3074749946594237,0.14813284575939178,0.6873501539230347,0.8375926047437824,1.0398595871170861,3.3492860794067383,-6.05359673500061e-08,1.5759258270263672,2.3314592838287354,0.14414392411708832,0.09293638169765472,0.01926841028034687,0.6264695525169373
100,bs_beamformer,5.1932875066995623e-08,6.225901317596436,57.09579277038574,0.0,12.894857501983642,0.20830394327640533,0.7731435298919678,0.8355277332310798,1.0507188492418058,4.646270275115967,-5.168840289115906e-08,2.398347854614258,1.7506951093673706,0.1735275238752365,0.10437268018722534,0.023229798302054405,0.5971530675888062
100,uav_trajectory,-9.96515154838562e-09,10.264647102355957,21.309948921203613,0.0,29.892836570739746,0.24513044953346252,0.6678987145423889,0.8392880239834388,1.027512400382532,3.111809253692627,7.450580596923828e-09,2.545978546142578,2.085523843765259,0.1732001155614853,0.10553023219108582,0.0414571613073349,0.46810251474380493
100,jammer_beamformer,-6.067566573619843e-08,5.04753737449646,57.06420211791992,0.0,11.714398860931396,0.11935342848300934,0.7659134864807129,0.8531967082490446,1.0657953815966072,4.173166751861572,5.494803190231323e-08,2.1613590717315674,2.5811243057250977,0.14533108472824097,0.09388148039579391,0.01925402320921421,0.6309297680854797
